"Periodo(MMM DD, AAAA)";"Unidad de Valor Real (UVR)";"Archivo"
"2000/01/01";103,3396;"UVR_Unidad de valor real"
"2000/01/02";103,3556;"UVR_Unidad de valor real"
"2000/01/03";103,3715;"UVR_Unidad de valor real"
"2000/01/04";103,3875;"UVR_Unidad de valor real"
"2000/01/05";103,4035;"UVR_Unidad de valor real"
"2000/01/06";103,4195;"UVR_Unidad de valor real"
"2000/01/07";103,4354;"UVR_Unidad de valor real"
"2000/01/08";103,4514;"UVR_Unidad de valor real"
"2000/01/09";103,4674;"UVR_Unidad de valor real"
"2000/01/10";103,4834;"UVR_Unidad de valor real"
"2000/01/11";103,4994;"UVR_Unidad de valor real"
"2000/01/12";103,5153;"UVR_Unidad de valor real"
"2000/01/13";103,5313;"UVR_Unidad de valor real"
"2000/01/14";103,5473;"UVR_Unidad de valor real"
"2000/01/15";103,5633;"UVR_Unidad de valor real"
"2000/01/16";103,581;"UVR_Unidad de valor real"
"2000/01/17";103,5986;"UVR_Unidad de valor real"
"2000/01/18";103,6163;"UVR_Unidad de valor real"
"2000/01/19";103,634;"UVR_Unidad de valor real"
"2000/01/20";103,6516;"UVR_Unidad de valor real"
"2000/01/21";103,6693;"UVR_Unidad de valor real"
"2000/01/22";103,687;"UVR_Unidad de valor real"
"2000/01/23";103,7047;"UVR_Unidad de valor real"
"2000/01/24";103,7224;"UVR_Unidad de valor real"
"2000/01/25";103,74;"UVR_Unidad de valor real"
"2000/01/26";103,7577;"UVR_Unidad de valor real"
"2000/01/27";103,7754;"UVR_Unidad de valor real"
"2000/01/28";103,7931;"UVR_Unidad de valor real"
"2000/01/29";103,8108;"UVR_Unidad de valor real"
"2000/01/30";103,8285;"UVR_Unidad de valor real"
"2000/01/31";103,8462;"UVR_Unidad de valor real"
"2000/02/01";103,8639;"UVR_Unidad de valor real"
"2000/02/02";103,8817;"UVR_Unidad de valor real"
"2000/02/03";103,8994;"UVR_Unidad de valor real"
"2000/02/04";103,9171;"UVR_Unidad de valor real"
"2000/02/05";103,9348;"UVR_Unidad de valor real"
"2000/02/06";103,9525;"UVR_Unidad de valor real"
"2000/02/07";103,9703;"UVR_Unidad de valor real"
"2000/02/08";103,988;"UVR_Unidad de valor real"
"2000/02/09";104,0057;"UVR_Unidad de valor real"
"2000/02/10";104,0235;"UVR_Unidad de valor real"
"2000/02/11";104,0412;"UVR_Unidad de valor real"
"2000/02/12";104,0589;"UVR_Unidad de valor real"
"2000/02/13";104,0767;"UVR_Unidad de valor real"
"2000/02/14";104,0944;"UVR_Unidad de valor real"
"2000/02/15";104,1122;"UVR_Unidad de valor real"
"2000/02/16";104,1582;"UVR_Unidad de valor real"
"2000/02/17";104,2043;"UVR_Unidad de valor real"
"2000/02/18";104,2503;"UVR_Unidad de valor real"
"2000/02/19";104,2964;"UVR_Unidad de valor real"
"2000/02/20";104,3425;"UVR_Unidad de valor real"
"2000/02/21";104,3887;"UVR_Unidad de valor real"
"2000/02/22";104,4348;"UVR_Unidad de valor real"
"2000/02/23";104,481;"UVR_Unidad de valor real"
"2000/02/24";104,5272;"UVR_Unidad de valor real"
"2000/02/25";104,5734;"UVR_Unidad de valor real"
"2000/02/26";104,6196;"UVR_Unidad de valor real"
"2000/02/27";104,6659;"UVR_Unidad de valor real"
"2000/02/28";104,7121;"UVR_Unidad de valor real"
"2000/02/29";104,7584;"UVR_Unidad de valor real"
"2000/03/01";104,8047;"UVR_Unidad de valor real"
"2000/03/02";104,8511;"UVR_Unidad de valor real"
"2000/03/03";104,8974;"UVR_Unidad de valor real"
"2000/03/04";104,9438;"UVR_Unidad de valor real"
"2000/03/05";104,9902;"UVR_Unidad de valor real"
"2000/03/06";105,0366;"UVR_Unidad de valor real"
"2000/03/07";105,083;"UVR_Unidad de valor real"
"2000/03/08";105,1295;"UVR_Unidad de valor real"
"2000/03/09";105,176;"UVR_Unidad de valor real"
"2000/03/10";105,2225;"UVR_Unidad de valor real"
"2000/03/11";105,269;"UVR_Unidad de valor real"
"2000/03/12";105,3155;"UVR_Unidad de valor real"
"2000/03/13";105,3621;"UVR_Unidad de valor real"
"2000/03/14";105,4086;"UVR_Unidad de valor real"
"2000/03/15";105,4552;"UVR_Unidad de valor real"
"2000/03/16";105,5326;"UVR_Unidad de valor real"
"2000/03/17";105,61;"UVR_Unidad de valor real"
"2000/03/18";105,6875;"UVR_Unidad de valor real"
"2000/03/19";105,7651;"UVR_Unidad de valor real"
"2000/03/20";105,8427;"UVR_Unidad de valor real"
"2000/03/21";105,9204;"UVR_Unidad de valor real"
"2000/03/22";105,9981;"UVR_Unidad de valor real"
"2000/03/23";106,0759;"UVR_Unidad de valor real"
"2000/03/24";106,1537;"UVR_Unidad de valor real"
"2000/03/25";106,2316;"UVR_Unidad de valor real"
"2000/03/26";106,3095;"UVR_Unidad de valor real"
"2000/03/27";106,3876;"UVR_Unidad de valor real"
"2000/03/28";106,4656;"UVR_Unidad de valor real"
"2000/03/29";106,5437;"UVR_Unidad de valor real"
"2000/03/30";106,6219;"UVR_Unidad de valor real"
"2000/03/31";106,7002;"UVR_Unidad de valor real"
"2000/04/01";106,7785;"UVR_Unidad de valor real"
"2000/04/02";106,8568;"UVR_Unidad de valor real"
"2000/04/03";106,9352;"UVR_Unidad de valor real"
"2000/04/04";107,0137;"UVR_Unidad de valor real"
"2000/04/05";107,0922;"UVR_Unidad de valor real"
"2000/04/06";107,1708;"UVR_Unidad de valor real"
"2000/04/07";107,2495;"UVR_Unidad de valor real"
"2000/04/08";107,3282;"UVR_Unidad de valor real"
"2000/04/09";107,4069;"UVR_Unidad de valor real"
"2000/04/10";107,4857;"UVR_Unidad de valor real"
"2000/04/11";107,5646;"UVR_Unidad de valor real"
"2000/04/12";107,6435;"UVR_Unidad de valor real"
"2000/04/13";107,7225;"UVR_Unidad de valor real"
"2000/04/14";107,8016;"UVR_Unidad de valor real"
"2000/04/15";107,8807;"UVR_Unidad de valor real"
"2000/04/16";107,9417;"UVR_Unidad de valor real"
"2000/04/17";108,0027;"UVR_Unidad de valor real"
"2000/04/18";108,0638;"UVR_Unidad de valor real"
"2000/04/19";108,1249;"UVR_Unidad de valor real"
"2000/04/20";108,186;"UVR_Unidad de valor real"
"2000/04/21";108,2472;"UVR_Unidad de valor real"
"2000/04/22";108,3084;"UVR_Unidad de valor real"
"2000/04/23";108,3696;"UVR_Unidad de valor real"
"2000/04/24";108,4308;"UVR_Unidad de valor real"
"2000/04/25";108,4921;"UVR_Unidad de valor real"
"2000/04/26";108,5535;"UVR_Unidad de valor real"
"2000/04/27";108,6149;"UVR_Unidad de valor real"
"2000/04/28";108,6763;"UVR_Unidad de valor real"
"2000/04/29";108,7377;"UVR_Unidad de valor real"
"2000/04/30";108,7992;"UVR_Unidad de valor real"
"2000/05/01";108,8607;"UVR_Unidad de valor real"
"2000/05/02";108,9222;"UVR_Unidad de valor real"
"2000/05/03";108,9838;"UVR_Unidad de valor real"
"2000/05/04";109,0454;"UVR_Unidad de valor real"
"2000/05/05";109,1071;"UVR_Unidad de valor real"
"2000/05/06";109,1687;"UVR_Unidad de valor real"
"2000/05/07";109,2305;"UVR_Unidad de valor real"
"2000/05/08";109,2922;"UVR_Unidad de valor real"
"2000/05/09";109,354;"UVR_Unidad de valor real"
"2000/05/10";109,4158;"UVR_Unidad de valor real"
"2000/05/11";109,4777;"UVR_Unidad de valor real"
"2000/05/12";109,5396;"UVR_Unidad de valor real"
"2000/05/13";109,6015;"UVR_Unidad de valor real"
"2000/05/14";109,6635;"UVR_Unidad de valor real"
"2000/05/15";109,7255;"UVR_Unidad de valor real"
"2000/05/16";109,7607;"UVR_Unidad de valor real"
"2000/05/17";109,796;"UVR_Unidad de valor real"
"2000/05/18";109,8312;"UVR_Unidad de valor real"
"2000/05/19";109,8665;"UVR_Unidad de valor real"
"2000/05/20";109,9017;"UVR_Unidad de valor real"
"2000/05/21";109,937;"UVR_Unidad de valor real"
"2000/05/22";109,9723;"UVR_Unidad de valor real"
"2000/05/23";110,0076;"UVR_Unidad de valor real"
"2000/05/24";110,0429;"UVR_Unidad de valor real"
"2000/05/25";110,0783;"UVR_Unidad de valor real"
"2000/05/26";110,1136;"UVR_Unidad de valor real"
"2000/05/27";110,1489;"UVR_Unidad de valor real"
"2000/05/28";110,1843;"UVR_Unidad de valor real"
"2000/05/29";110,2197;"UVR_Unidad de valor real"
"2000/05/30";110,2551;"UVR_Unidad de valor real"
"2000/05/31";110,2905;"UVR_Unidad de valor real"
"2000/06/01";110,3259;"UVR_Unidad de valor real"
"2000/06/02";110,3613;"UVR_Unidad de valor real"
"2000/06/03";110,3967;"UVR_Unidad de valor real"
"2000/06/04";110,4322;"UVR_Unidad de valor real"
"2000/06/05";110,4676;"UVR_Unidad de valor real"
"2000/06/06";110,5031;"UVR_Unidad de valor real"
"2000/06/07";110,5385;"UVR_Unidad de valor real"
"2000/06/08";110,574;"UVR_Unidad de valor real"
"2000/06/09";110,6095;"UVR_Unidad de valor real"
"2000/06/10";110,645;"UVR_Unidad de valor real"
"2000/06/11";110,6806;"UVR_Unidad de valor real"
"2000/06/12";110,7161;"UVR_Unidad de valor real"
"2000/06/13";110,7516;"UVR_Unidad de valor real"
"2000/06/14";110,7872;"UVR_Unidad de valor real"
"2000/06/15";110,8228;"UVR_Unidad de valor real"
"2000/06/16";110,842;"UVR_Unidad de valor real"
"2000/06/17";110,8611;"UVR_Unidad de valor real"
"2000/06/18";110,8803;"UVR_Unidad de valor real"
"2000/06/19";110,8995;"UVR_Unidad de valor real"
"2000/06/20";110,9186;"UVR_Unidad de valor real"
"2000/06/21";110,9378;"UVR_Unidad de valor real"
"2000/06/22";110,957;"UVR_Unidad de valor real"
"2000/06/23";110,9762;"UVR_Unidad de valor real"
"2000/06/24";110,9954;"UVR_Unidad de valor real"
"2000/06/25";111,0146;"UVR_Unidad de valor real"
"2000/06/26";111,0338;"UVR_Unidad de valor real"
"2000/06/27";111,053;"UVR_Unidad de valor real"
"2000/06/28";111,0722;"UVR_Unidad de valor real"
"2000/06/29";111,0914;"UVR_Unidad de valor real"
"2000/06/30";111,1106;"UVR_Unidad de valor real"
"2000/07/01";111,1298;"UVR_Unidad de valor real"
"2000/07/02";111,149;"UVR_Unidad de valor real"
"2000/07/03";111,1682;"UVR_Unidad de valor real"
"2000/07/04";111,1874;"UVR_Unidad de valor real"
"2000/07/05";111,2067;"UVR_Unidad de valor real"
"2000/07/06";111,2259;"UVR_Unidad de valor real"
"2000/07/07";111,2451;"UVR_Unidad de valor real"
"2000/07/08";111,2643;"UVR_Unidad de valor real"
"2000/07/09";111,2836;"UVR_Unidad de valor real"
"2000/07/10";111,3028;"UVR_Unidad de valor real"
"2000/07/11";111,3221;"UVR_Unidad de valor real"
"2000/07/12";111,3413;"UVR_Unidad de valor real"
"2000/07/13";111,3606;"UVR_Unidad de valor real"
"2000/07/14";111,3798;"UVR_Unidad de valor real"
"2000/07/15";111,3991;"UVR_Unidad de valor real"
"2000/07/16";111,3984;"UVR_Unidad de valor real"
"2000/07/17";111,3977;"UVR_Unidad de valor real"
"2000/07/18";111,3969;"UVR_Unidad de valor real"
"2000/07/19";111,3962;"UVR_Unidad de valor real"
"2000/07/20";111,3955;"UVR_Unidad de valor real"
"2000/07/21";111,3948;"UVR_Unidad de valor real"
"2000/07/22";111,3941;"UVR_Unidad de valor real"
"2000/07/23";111,3933;"UVR_Unidad de valor real"
"2000/07/24";111,3926;"UVR_Unidad de valor real"
"2000/07/25";111,3919;"UVR_Unidad de valor real"
"2000/07/26";111,3912;"UVR_Unidad de valor real"
"2000/07/27";111,3905;"UVR_Unidad de valor real"
"2000/07/28";111,3898;"UVR_Unidad de valor real"
"2000/07/29";111,389;"UVR_Unidad de valor real"
"2000/07/30";111,3883;"UVR_Unidad de valor real"
"2000/07/31";111,3876;"UVR_Unidad de valor real"
"2000/08/01";111,3869;"UVR_Unidad de valor real"
"2000/08/02";111,3862;"UVR_Unidad de valor real"
"2000/08/03";111,3854;"UVR_Unidad de valor real"
"2000/08/04";111,3847;"UVR_Unidad de valor real"
"2000/08/05";111,384;"UVR_Unidad de valor real"
"2000/08/06";111,3833;"UVR_Unidad de valor real"
"2000/08/07";111,3826;"UVR_Unidad de valor real"
"2000/08/08";111,3819;"UVR_Unidad de valor real"
"2000/08/09";111,3811;"UVR_Unidad de valor real"
"2000/08/10";111,3804;"UVR_Unidad de valor real"
"2000/08/11";111,3797;"UVR_Unidad de valor real"
"2000/08/12";111,379;"UVR_Unidad de valor real"
"2000/08/13";111,3783;"UVR_Unidad de valor real"
"2000/08/14";111,3775;"UVR_Unidad de valor real"
"2000/08/15";111,3768;"UVR_Unidad de valor real"
"2000/08/16";111,3754;"UVR_Unidad de valor real"
"2000/08/17";111,3739;"UVR_Unidad de valor real"
"2000/08/18";111,3725;"UVR_Unidad de valor real"
"2000/08/19";111,3711;"UVR_Unidad de valor real"
"2000/08/20";111,3696;"UVR_Unidad de valor real"
"2000/08/21";111,3682;"UVR_Unidad de valor real"
"2000/08/22";111,3667;"UVR_Unidad de valor real"
"2000/08/23";111,3653;"UVR_Unidad de valor real"
"2000/08/24";111,3639;"UVR_Unidad de valor real"
"2000/08/25";111,3624;"UVR_Unidad de valor real"
"2000/08/26";111,361;"UVR_Unidad de valor real"
"2000/08/27";111,3596;"UVR_Unidad de valor real"
"2000/08/28";111,3581;"UVR_Unidad de valor real"
"2000/08/29";111,3567;"UVR_Unidad de valor real"
"2000/08/30";111,3552;"UVR_Unidad de valor real"
"2000/08/31";111,3538;"UVR_Unidad de valor real"
"2000/09/01";111,3524;"UVR_Unidad de valor real"
"2000/09/02";111,3509;"UVR_Unidad de valor real"
"2000/09/03";111,3495;"UVR_Unidad de valor real"
"2000/09/04";111,3481;"UVR_Unidad de valor real"
"2000/09/05";111,3466;"UVR_Unidad de valor real"
"2000/09/06";111,3452;"UVR_Unidad de valor real"
"2000/09/07";111,3437;"UVR_Unidad de valor real"
"2000/09/08";111,3423;"UVR_Unidad de valor real"
"2000/09/09";111,3409;"UVR_Unidad de valor real"
"2000/09/10";111,3394;"UVR_Unidad de valor real"
"2000/09/11";111,338;"UVR_Unidad de valor real"
"2000/09/12";111,3366;"UVR_Unidad de valor real"
"2000/09/13";111,3351;"UVR_Unidad de valor real"
"2000/09/14";111,3337;"UVR_Unidad de valor real"
"2000/09/15";111,3322;"UVR_Unidad de valor real"
"2000/09/16";111,3441;"UVR_Unidad de valor real"
"2000/09/17";111,3559;"UVR_Unidad de valor real"
"2000/09/18";111,3678;"UVR_Unidad de valor real"
"2000/09/19";111,3796;"UVR_Unidad de valor real"
"2000/09/20";111,3915;"UVR_Unidad de valor real"
"2000/09/21";111,4034;"UVR_Unidad de valor real"
"2000/09/22";111,4152;"UVR_Unidad de valor real"
"2000/09/23";111,4271;"UVR_Unidad de valor real"
"2000/09/24";111,439;"UVR_Unidad de valor real"
"2000/09/25";111,4508;"UVR_Unidad de valor real"
"2000/09/26";111,4627;"UVR_Unidad de valor real"
"2000/09/27";111,4746;"UVR_Unidad de valor real"
"2000/09/28";111,4864;"UVR_Unidad de valor real"
"2000/09/29";111,4983;"UVR_Unidad de valor real"
"2000/09/30";111,5102;"UVR_Unidad de valor real"
"2000/10/01";111,5221;"UVR_Unidad de valor real"
"2000/10/02";111,5339;"UVR_Unidad de valor real"
"2000/10/03";111,5458;"UVR_Unidad de valor real"
"2000/10/04";111,5577;"UVR_Unidad de valor real"
"2000/10/05";111,5696;"UVR_Unidad de valor real"
"2000/10/06";111,5815;"UVR_Unidad de valor real"
"2000/10/07";111,5933;"UVR_Unidad de valor real"
"2000/10/08";111,6052;"UVR_Unidad de valor real"
"2000/10/09";111,6171;"UVR_Unidad de valor real"
"2000/10/10";111,629;"UVR_Unidad de valor real"
"2000/10/11";111,6409;"UVR_Unidad de valor real"
"2000/10/12";111,6528;"UVR_Unidad de valor real"
"2000/10/13";111,6647;"UVR_Unidad de valor real"
"2000/10/14";111,6766;"UVR_Unidad de valor real"
"2000/10/15";111,6885;"UVR_Unidad de valor real"
"2000/10/16";111,704;"UVR_Unidad de valor real"
"2000/10/17";111,7194;"UVR_Unidad de valor real"
"2000/10/18";111,7349;"UVR_Unidad de valor real"
"2000/10/19";111,7504;"UVR_Unidad de valor real"
"2000/10/20";111,7658;"UVR_Unidad de valor real"
"2000/10/21";111,7813;"UVR_Unidad de valor real"
"2000/10/22";111,7968;"UVR_Unidad de valor real"
"2000/10/23";111,8122;"UVR_Unidad de valor real"
"2000/10/24";111,8277;"UVR_Unidad de valor real"
"2000/10/25";111,8432;"UVR_Unidad de valor real"
"2000/10/26";111,8587;"UVR_Unidad de valor real"
"2000/10/27";111,8742;"UVR_Unidad de valor real"
"2000/10/28";111,8896;"UVR_Unidad de valor real"
"2000/10/29";111,9051;"UVR_Unidad de valor real"
"2000/10/30";111,9206;"UVR_Unidad de valor real"
"2000/10/31";111,9361;"UVR_Unidad de valor real"
"2000/11/01";111,9516;"UVR_Unidad de valor real"
"2000/11/02";111,9671;"UVR_Unidad de valor real"
"2000/11/03";111,9826;"UVR_Unidad de valor real"
"2000/11/04";111,9981;"UVR_Unidad de valor real"
"2000/11/05";112,0136;"UVR_Unidad de valor real"
"2000/11/06";112,0291;"UVR_Unidad de valor real"
"2000/11/07";112,0446;"UVR_Unidad de valor real"
"2000/11/08";112,0601;"UVR_Unidad de valor real"
"2000/11/09";112,0756;"UVR_Unidad de valor real"
"2000/11/10";112,0912;"UVR_Unidad de valor real"
"2000/11/11";112,1067;"UVR_Unidad de valor real"
"2000/11/12";112,1222;"UVR_Unidad de valor real"
"2000/11/13";112,1377;"UVR_Unidad de valor real"
"2000/11/14";112,1532;"UVR_Unidad de valor real"
"2000/11/15";112,1688;"UVR_Unidad de valor real"
"2000/11/16";112,1744;"UVR_Unidad de valor real"
"2000/11/17";112,18;"UVR_Unidad de valor real"
"2000/11/18";112,1856;"UVR_Unidad de valor real"
"2000/11/19";112,1912;"UVR_Unidad de valor real"
"2000/11/20";112,1968;"UVR_Unidad de valor real"
"2000/11/21";112,2024;"UVR_Unidad de valor real"
"2000/11/22";112,208;"UVR_Unidad de valor real"
"2000/11/23";112,2136;"UVR_Unidad de valor real"
"2000/11/24";112,2192;"UVR_Unidad de valor real"
"2000/11/25";112,2249;"UVR_Unidad de valor real"
"2000/11/26";112,2305;"UVR_Unidad de valor real"
"2000/11/27";112,2361;"UVR_Unidad de valor real"
"2000/11/28";112,2417;"UVR_Unidad de valor real"
"2000/11/29";112,2473;"UVR_Unidad de valor real"
"2000/11/30";112,2529;"UVR_Unidad de valor real"
"2000/12/01";112,2585;"UVR_Unidad de valor real"
"2000/12/02";112,2641;"UVR_Unidad de valor real"
"2000/12/03";112,2697;"UVR_Unidad de valor real"
"2000/12/04";112,2753;"UVR_Unidad de valor real"
"2000/12/05";112,2809;"UVR_Unidad de valor real"
"2000/12/06";112,2866;"UVR_Unidad de valor real"
"2000/12/07";112,2922;"UVR_Unidad de valor real"
"2000/12/08";112,2978;"UVR_Unidad de valor real"
"2000/12/09";112,3034;"UVR_Unidad de valor real"
"2000/12/10";112,309;"UVR_Unidad de valor real"
"2000/12/11";112,3146;"UVR_Unidad de valor real"
"2000/12/12";112,3202;"UVR_Unidad de valor real"
"2000/12/13";112,3258;"UVR_Unidad de valor real"
"2000/12/14";112,3314;"UVR_Unidad de valor real"
"2000/12/15";112,3371;"UVR_Unidad de valor real"
"2000/12/16";112,349;"UVR_Unidad de valor real"
"2000/12/17";112,361;"UVR_Unidad de valor real"
"2000/12/18";112,3729;"UVR_Unidad de valor real"
"2000/12/19";112,3849;"UVR_Unidad de valor real"
"2000/12/20";112,3968;"UVR_Unidad de valor real"
"2000/12/21";112,4088;"UVR_Unidad de valor real"
"2000/12/22";112,4207;"UVR_Unidad de valor real"
"2000/12/23";112,4327;"UVR_Unidad de valor real"
"2000/12/24";112,4446;"UVR_Unidad de valor real"
"2000/12/25";112,4566;"UVR_Unidad de valor real"
"2000/12/26";112,4685;"UVR_Unidad de valor real"
"2000/12/27";112,4805;"UVR_Unidad de valor real"
"2000/12/28";112,4924;"UVR_Unidad de valor real"
"2000/12/29";112,5044;"UVR_Unidad de valor real"
"2000/12/30";112,5163;"UVR_Unidad de valor real"
"2000/12/31";112,5283;"UVR_Unidad de valor real"
"2001/01/01";112,5402;"UVR_Unidad de valor real"
"2001/01/02";112,5522;"UVR_Unidad de valor real"
"2001/01/03";112,5642;"UVR_Unidad de valor real"
"2001/01/04";112,5761;"UVR_Unidad de valor real"
"2001/01/05";112,5881;"UVR_Unidad de valor real"
"2001/01/06";112,6001;"UVR_Unidad de valor real"
"2001/01/07";112,612;"UVR_Unidad de valor real"
"2001/01/08";112,624;"UVR_Unidad de valor real"
"2001/01/09";112,636;"UVR_Unidad de valor real"
"2001/01/10";112,6479;"UVR_Unidad de valor real"
"2001/01/11";112,6599;"UVR_Unidad de valor real"
"2001/01/12";112,6719;"UVR_Unidad de valor real"
"2001/01/13";112,6839;"UVR_Unidad de valor real"
"2001/01/14";112,6958;"UVR_Unidad de valor real"
"2001/01/15";112,7078;"UVR_Unidad de valor real"
"2001/01/16";112,7245;"UVR_Unidad de valor real"
"2001/01/17";112,7412;"UVR_Unidad de valor real"
"2001/01/18";112,7579;"UVR_Unidad de valor real"
"2001/01/19";112,7746;"UVR_Unidad de valor real"
"2001/01/20";112,7913;"UVR_Unidad de valor real"
"2001/01/21";112,808;"UVR_Unidad de valor real"
"2001/01/22";112,8247;"UVR_Unidad de valor real"
"2001/01/23";112,8414;"UVR_Unidad de valor real"
"2001/01/24";112,8581;"UVR_Unidad de valor real"
"2001/01/25";112,8748;"UVR_Unidad de valor real"
"2001/01/26";112,8915;"UVR_Unidad de valor real"
"2001/01/27";112,9082;"UVR_Unidad de valor real"
"2001/01/28";112,9249;"UVR_Unidad de valor real"
"2001/01/29";112,9416;"UVR_Unidad de valor real"
"2001/01/30";112,9584;"UVR_Unidad de valor real"
"2001/01/31";112,9751;"UVR_Unidad de valor real"
"2001/02/01";112,9918;"UVR_Unidad de valor real"
"2001/02/02";113,0085;"UVR_Unidad de valor real"
"2001/02/03";113,0253;"UVR_Unidad de valor real"
"2001/02/04";113,042;"UVR_Unidad de valor real"
"2001/02/05";113,0588;"UVR_Unidad de valor real"
"2001/02/06";113,0755;"UVR_Unidad de valor real"
"2001/02/07";113,0922;"UVR_Unidad de valor real"
"2001/02/08";113,109;"UVR_Unidad de valor real"
"2001/02/09";113,1257;"UVR_Unidad de valor real"
"2001/02/10";113,1425;"UVR_Unidad de valor real"
"2001/02/11";113,1592;"UVR_Unidad de valor real"
"2001/02/12";113,176;"UVR_Unidad de valor real"
"2001/02/13";113,1927;"UVR_Unidad de valor real"
"2001/02/14";113,2095;"UVR_Unidad de valor real"
"2001/02/15";113,2263;"UVR_Unidad de valor real"
"2001/02/16";113,2685;"UVR_Unidad de valor real"
"2001/02/17";113,3108;"UVR_Unidad de valor real"
"2001/02/18";113,3531;"UVR_Unidad de valor real"
"2001/02/19";113,3954;"UVR_Unidad de valor real"
"2001/02/20";113,4377;"UVR_Unidad de valor real"
"2001/02/21";113,48;"UVR_Unidad de valor real"
"2001/02/22";113,5224;"UVR_Unidad de valor real"
"2001/02/23";113,5647;"UVR_Unidad de valor real"
"2001/02/24";113,6071;"UVR_Unidad de valor real"
"2001/02/25";113,6495;"UVR_Unidad de valor real"
"2001/02/26";113,6919;"UVR_Unidad de valor real"
"2001/02/27";113,7343;"UVR_Unidad de valor real"
"2001/02/28";113,7767;"UVR_Unidad de valor real"
"2001/03/01";113,8192;"UVR_Unidad de valor real"
"2001/03/02";113,8617;"UVR_Unidad de valor real"
"2001/03/03";113,9041;"UVR_Unidad de valor real"
"2001/03/04";113,9466;"UVR_Unidad de valor real"
"2001/03/05";113,9892;"UVR_Unidad de valor real"
"2001/03/06";114,0317;"UVR_Unidad de valor real"
"2001/03/07";114,0742;"UVR_Unidad de valor real"
"2001/03/08";114,1168;"UVR_Unidad de valor real"
"2001/03/09";114,1594;"UVR_Unidad de valor real"
"2001/03/10";114,202;"UVR_Unidad de valor real"
"2001/03/11";114,2446;"UVR_Unidad de valor real"
"2001/03/12";114,2872;"UVR_Unidad de valor real"
"2001/03/13";114,3298;"UVR_Unidad de valor real"
"2001/03/14";114,3725;"UVR_Unidad de valor real"
"2001/03/15";114,4152;"UVR_Unidad de valor real"
"2001/03/16";114,4843;"UVR_Unidad de valor real"
"2001/03/17";114,5535;"UVR_Unidad de valor real"
"2001/03/18";114,6227;"UVR_Unidad de valor real"
"2001/03/19";114,692;"UVR_Unidad de valor real"
"2001/03/20";114,7612;"UVR_Unidad de valor real"
"2001/03/21";114,8306;"UVR_Unidad de valor real"
"2001/03/22";114,9;"UVR_Unidad de valor real"
"2001/03/23";114,9694;"UVR_Unidad de valor real"
"2001/03/24";115,0388;"UVR_Unidad de valor real"
"2001/03/25";115,1083;"UVR_Unidad de valor real"
"2001/03/26";115,1779;"UVR_Unidad de valor real"
"2001/03/27";115,2475;"UVR_Unidad de valor real"
"2001/03/28";115,3171;"UVR_Unidad de valor real"
"2001/03/29";115,3868;"UVR_Unidad de valor real"
"2001/03/30";115,4565;"UVR_Unidad de valor real"
"2001/03/31";115,5262;"UVR_Unidad de valor real"
"2001/04/01";115,596;"UVR_Unidad de valor real"
"2001/04/02";115,6659;"UVR_Unidad de valor real"
"2001/04/03";115,7358;"UVR_Unidad de valor real"
"2001/04/04";115,8057;"UVR_Unidad de valor real"
"2001/04/05";115,8757;"UVR_Unidad de valor real"
"2001/04/06";115,9457;"UVR_Unidad de valor real"
"2001/04/07";116,0157;"UVR_Unidad de valor real"
"2001/04/08";116,0858;"UVR_Unidad de valor real"
"2001/04/09";116,1559;"UVR_Unidad de valor real"
"2001/04/10";116,2261;"UVR_Unidad de valor real"
"2001/04/11";116,2963;"UVR_Unidad de valor real"
"2001/04/12";116,3666;"UVR_Unidad de valor real"
"2001/04/13";116,4369;"UVR_Unidad de valor real"
"2001/04/14";116,5073;"UVR_Unidad de valor real"
"2001/04/15";116,5776;"UVR_Unidad de valor real"
"2001/04/16";116,6347;"UVR_Unidad de valor real"
"2001/04/17";116,6918;"UVR_Unidad de valor real"
"2001/04/18";116,749;"UVR_Unidad de valor real"
"2001/04/19";116,8062;"UVR_Unidad de valor real"
"2001/04/20";116,8634;"UVR_Unidad de valor real"
"2001/04/21";116,9206;"UVR_Unidad de valor real"
"2001/04/22";116,9779;"UVR_Unidad de valor real"
"2001/04/23";117,0352;"UVR_Unidad de valor real"
"2001/04/24";117,0925;"UVR_Unidad de valor real"
"2001/04/25";117,1499;"UVR_Unidad de valor real"
"2001/04/26";117,2073;"UVR_Unidad de valor real"
"2001/04/27";117,2647;"UVR_Unidad de valor real"
"2001/04/28";117,3221;"UVR_Unidad de valor real"
"2001/04/29";117,3796;"UVR_Unidad de valor real"
"2001/04/30";117,4371;"UVR_Unidad de valor real"
"2001/05/01";117,4946;"UVR_Unidad de valor real"
"2001/05/02";117,5522;"UVR_Unidad de valor real"
"2001/05/03";117,6098;"UVR_Unidad de valor real"
"2001/05/04";117,6674;"UVR_Unidad de valor real"
"2001/05/05";117,725;"UVR_Unidad de valor real"
"2001/05/06";117,7827;"UVR_Unidad de valor real"
"2001/05/07";117,8404;"UVR_Unidad de valor real"
"2001/05/08";117,8981;"UVR_Unidad de valor real"
"2001/05/09";117,9558;"UVR_Unidad de valor real"
"2001/05/10";118,0136;"UVR_Unidad de valor real"
"2001/05/11";118,0714;"UVR_Unidad de valor real"
"2001/05/12";118,1293;"UVR_Unidad de valor real"
"2001/05/13";118,1871;"UVR_Unidad de valor real"
"2001/05/14";118,245;"UVR_Unidad de valor real"
"2001/05/15";118,3029;"UVR_Unidad de valor real"
"2001/05/16";118,3465;"UVR_Unidad de valor real"
"2001/05/17";118,3902;"UVR_Unidad de valor real"
"2001/05/18";118,4339;"UVR_Unidad de valor real"
"2001/05/19";118,4776;"UVR_Unidad de valor real"
"2001/05/20";118,5213;"UVR_Unidad de valor real"
"2001/05/21";118,565;"UVR_Unidad de valor real"
"2001/05/22";118,6087;"UVR_Unidad de valor real"
"2001/05/23";118,6525;"UVR_Unidad de valor real"
"2001/05/24";118,6963;"UVR_Unidad de valor real"
"2001/05/25";118,7401;"UVR_Unidad de valor real"
"2001/05/26";118,7839;"UVR_Unidad de valor real"
"2001/05/27";118,8277;"UVR_Unidad de valor real"
"2001/05/28";118,8715;"UVR_Unidad de valor real"
"2001/05/29";118,9154;"UVR_Unidad de valor real"
"2001/05/30";118,9593;"UVR_Unidad de valor real"
"2001/05/31";119,0031;"UVR_Unidad de valor real"
"2001/06/01";119,047;"UVR_Unidad de valor real"
"2001/06/02";119,091;"UVR_Unidad de valor real"
"2001/06/03";119,1349;"UVR_Unidad de valor real"
"2001/06/04";119,1788;"UVR_Unidad de valor real"
"2001/06/05";119,2228;"UVR_Unidad de valor real"
"2001/06/06";119,2668;"UVR_Unidad de valor real"
"2001/06/07";119,3108;"UVR_Unidad de valor real"
"2001/06/08";119,3548;"UVR_Unidad de valor real"
"2001/06/09";119,3988;"UVR_Unidad de valor real"
"2001/06/10";119,4429;"UVR_Unidad de valor real"
"2001/06/11";119,487;"UVR_Unidad de valor real"
"2001/06/12";119,531;"UVR_Unidad de valor real"
"2001/06/13";119,5751;"UVR_Unidad de valor real"
"2001/06/14";119,6193;"UVR_Unidad de valor real"
"2001/06/15";119,6634;"UVR_Unidad de valor real"
"2001/06/16";119,6801;"UVR_Unidad de valor real"
"2001/06/17";119,6968;"UVR_Unidad de valor real"
"2001/06/18";119,7136;"UVR_Unidad de valor real"
"2001/06/19";119,7303;"UVR_Unidad de valor real"
"2001/06/20";119,747;"UVR_Unidad de valor real"
"2001/06/21";119,7637;"UVR_Unidad de valor real"
"2001/06/22";119,7805;"UVR_Unidad de valor real"
"2001/06/23";119,7972;"UVR_Unidad de valor real"
"2001/06/24";119,814;"UVR_Unidad de valor real"
"2001/06/25";119,8307;"UVR_Unidad de valor real"
"2001/06/26";119,8474;"UVR_Unidad de valor real"
"2001/06/27";119,8642;"UVR_Unidad de valor real"
"2001/06/28";119,8809;"UVR_Unidad de valor real"
"2001/06/29";119,8977;"UVR_Unidad de valor real"
"2001/06/30";119,9144;"UVR_Unidad de valor real"
"2001/07/01";119,9312;"UVR_Unidad de valor real"
"2001/07/02";119,9479;"UVR_Unidad de valor real"
"2001/07/03";119,9647;"UVR_Unidad de valor real"
"2001/07/04";119,9815;"UVR_Unidad de valor real"
"2001/07/05";119,9982;"UVR_Unidad de valor real"
"2001/07/06";120,015;"UVR_Unidad de valor real"
"2001/07/07";120,0318;"UVR_Unidad de valor real"
"2001/07/08";120,0485;"UVR_Unidad de valor real"
"2001/07/09";120,0653;"UVR_Unidad de valor real"
"2001/07/10";120,0821;"UVR_Unidad de valor real"
"2001/07/11";120,0989;"UVR_Unidad de valor real"
"2001/07/12";120,1156;"UVR_Unidad de valor real"
"2001/07/13";120,1324;"UVR_Unidad de valor real"
"2001/07/14";120,1492;"UVR_Unidad de valor real"
"2001/07/15";120,166;"UVR_Unidad de valor real"
"2001/07/16";120,1676;"UVR_Unidad de valor real"
"2001/07/17";120,1691;"UVR_Unidad de valor real"
"2001/07/18";120,1707;"UVR_Unidad de valor real"
"2001/07/19";120,1722;"UVR_Unidad de valor real"
"2001/07/20";120,1738;"UVR_Unidad de valor real"
"2001/07/21";120,1753;"UVR_Unidad de valor real"
"2001/07/22";120,1769;"UVR_Unidad de valor real"
"2001/07/23";120,1784;"UVR_Unidad de valor real"
"2001/07/24";120,18;"UVR_Unidad de valor real"
"2001/07/25";120,1815;"UVR_Unidad de valor real"
"2001/07/26";120,1831;"UVR_Unidad de valor real"
"2001/07/27";120,1846;"UVR_Unidad de valor real"
"2001/07/28";120,1862;"UVR_Unidad de valor real"
"2001/07/29";120,1877;"UVR_Unidad de valor real"
"2001/07/30";120,1893;"UVR_Unidad de valor real"
"2001/07/31";120,1908;"UVR_Unidad de valor real"
"2001/08/01";120,1924;"UVR_Unidad de valor real"
"2001/08/02";120,1939;"UVR_Unidad de valor real"
"2001/08/03";120,1955;"UVR_Unidad de valor real"
"2001/08/04";120,197;"UVR_Unidad de valor real"
"2001/08/05";120,1986;"UVR_Unidad de valor real"
"2001/08/06";120,2001;"UVR_Unidad de valor real"
"2001/08/07";120,2017;"UVR_Unidad de valor real"
"2001/08/08";120,2032;"UVR_Unidad de valor real"
"2001/08/09";120,2048;"UVR_Unidad de valor real"
"2001/08/10";120,2063;"UVR_Unidad de valor real"
"2001/08/11";120,2079;"UVR_Unidad de valor real"
"2001/08/12";120,2094;"UVR_Unidad de valor real"
"2001/08/13";120,211;"UVR_Unidad de valor real"
"2001/08/14";120,2125;"UVR_Unidad de valor real"
"2001/08/15";120,2141;"UVR_Unidad de valor real"
"2001/08/16";120,2184;"UVR_Unidad de valor real"
"2001/08/17";120,2226;"UVR_Unidad de valor real"
"2001/08/18";120,2269;"UVR_Unidad de valor real"
"2001/08/19";120,2312;"UVR_Unidad de valor real"
"2001/08/20";120,2354;"UVR_Unidad de valor real"
"2001/08/21";120,2397;"UVR_Unidad de valor real"
"2001/08/22";120,2439;"UVR_Unidad de valor real"
"2001/08/23";120,2482;"UVR_Unidad de valor real"
"2001/08/24";120,2525;"UVR_Unidad de valor real"
"2001/08/25";120,2567;"UVR_Unidad de valor real"
"2001/08/26";120,261;"UVR_Unidad de valor real"
"2001/08/27";120,2653;"UVR_Unidad de valor real"
"2001/08/28";120,2695;"UVR_Unidad de valor real"
"2001/08/29";120,2738;"UVR_Unidad de valor real"
"2001/08/30";120,2781;"UVR_Unidad de valor real"
"2001/08/31";120,2823;"UVR_Unidad de valor real"
"2001/09/01";120,2866;"UVR_Unidad de valor real"
"2001/09/02";120,2909;"UVR_Unidad de valor real"
"2001/09/03";120,2951;"UVR_Unidad de valor real"
"2001/09/04";120,2994;"UVR_Unidad de valor real"
"2001/09/05";120,3037;"UVR_Unidad de valor real"
"2001/09/06";120,3079;"UVR_Unidad de valor real"
"2001/09/07";120,3122;"UVR_Unidad de valor real"
"2001/09/08";120,3165;"UVR_Unidad de valor real"
"2001/09/09";120,3207;"UVR_Unidad de valor real"
"2001/09/10";120,325;"UVR_Unidad de valor real"
"2001/09/11";120,3293;"UVR_Unidad de valor real"
"2001/09/12";120,3335;"UVR_Unidad de valor real"
"2001/09/13";120,3378;"UVR_Unidad de valor real"
"2001/09/14";120,3421;"UVR_Unidad de valor real"
"2001/09/15";120,3463;"UVR_Unidad de valor real"
"2001/09/16";120,3567;"UVR_Unidad de valor real"
"2001/09/17";120,3671;"UVR_Unidad de valor real"
"2001/09/18";120,3776;"UVR_Unidad de valor real"
"2001/09/19";120,388;"UVR_Unidad de valor real"
"2001/09/20";120,3984;"UVR_Unidad de valor real"
"2001/09/21";120,4088;"UVR_Unidad de valor real"
"2001/09/22";120,4192;"UVR_Unidad de valor real"
"2001/09/23";120,4297;"UVR_Unidad de valor real"
"2001/09/24";120,4401;"UVR_Unidad de valor real"
"2001/09/25";120,4505;"UVR_Unidad de valor real"
"2001/09/26";120,4609;"UVR_Unidad de valor real"
"2001/09/27";120,4714;"UVR_Unidad de valor real"
"2001/09/28";120,4818;"UVR_Unidad de valor real"
"2001/09/29";120,4922;"UVR_Unidad de valor real"
"2001/09/30";120,5026;"UVR_Unidad de valor real"
"2001/10/01";120,5131;"UVR_Unidad de valor real"
"2001/10/02";120,5235;"UVR_Unidad de valor real"
"2001/10/03";120,5339;"UVR_Unidad de valor real"
"2001/10/04";120,5444;"UVR_Unidad de valor real"
"2001/10/05";120,5548;"UVR_Unidad de valor real"
"2001/10/06";120,5652;"UVR_Unidad de valor real"
"2001/10/07";120,5757;"UVR_Unidad de valor real"
"2001/10/08";120,5861;"UVR_Unidad de valor real"
"2001/10/09";120,5966;"UVR_Unidad de valor real"
"2001/10/10";120,607;"UVR_Unidad de valor real"
"2001/10/11";120,6174;"UVR_Unidad de valor real"
"2001/10/12";120,6279;"UVR_Unidad de valor real"
"2001/10/13";120,6383;"UVR_Unidad de valor real"
"2001/10/14";120,6488;"UVR_Unidad de valor real"
"2001/10/15";120,6592;"UVR_Unidad de valor real"
"2001/10/16";120,6736;"UVR_Unidad de valor real"
"2001/10/17";120,688;"UVR_Unidad de valor real"
"2001/10/18";120,7023;"UVR_Unidad de valor real"
"2001/10/19";120,7167;"UVR_Unidad de valor real"
"2001/10/20";120,7311;"UVR_Unidad de valor real"
"2001/10/21";120,7455;"UVR_Unidad de valor real"
"2001/10/22";120,7599;"UVR_Unidad de valor real"
"2001/10/23";120,7743;"UVR_Unidad de valor real"
"2001/10/24";120,7886;"UVR_Unidad de valor real"
"2001/10/25";120,803;"UVR_Unidad de valor real"
"2001/10/26";120,8174;"UVR_Unidad de valor real"
"2001/10/27";120,8318;"UVR_Unidad de valor real"
"2001/10/28";120,8462;"UVR_Unidad de valor real"
"2001/10/29";120,8606;"UVR_Unidad de valor real"
"2001/10/30";120,875;"UVR_Unidad de valor real"
"2001/10/31";120,8894;"UVR_Unidad de valor real"
"2001/11/01";120,9038;"UVR_Unidad de valor real"
"2001/11/02";120,9182;"UVR_Unidad de valor real"
"2001/11/03";120,9326;"UVR_Unidad de valor real"
"2001/11/04";120,947;"UVR_Unidad de valor real"
"2001/11/05";120,9614;"UVR_Unidad de valor real"
"2001/11/06";120,9759;"UVR_Unidad de valor real"
"2001/11/07";120,9903;"UVR_Unidad de valor real"
"2001/11/08";121,0047;"UVR_Unidad de valor real"
"2001/11/09";121,0191;"UVR_Unidad de valor real"
"2001/11/10";121,0335;"UVR_Unidad de valor real"
"2001/11/11";121,0479;"UVR_Unidad de valor real"
"2001/11/12";121,0624;"UVR_Unidad de valor real"
"2001/11/13";121,0768;"UVR_Unidad de valor real"
"2001/11/14";121,0912;"UVR_Unidad de valor real"
"2001/11/15";121,1056;"UVR_Unidad de valor real"
"2001/11/16";121,1133;"UVR_Unidad de valor real"
"2001/11/17";121,1209;"UVR_Unidad de valor real"
"2001/11/18";121,1286;"UVR_Unidad de valor real"
"2001/11/19";121,1363;"UVR_Unidad de valor real"
"2001/11/20";121,1439;"UVR_Unidad de valor real"
"2001/11/21";121,1516;"UVR_Unidad de valor real"
"2001/11/22";121,1593;"UVR_Unidad de valor real"
"2001/11/23";121,1669;"UVR_Unidad de valor real"
"2001/11/24";121,1746;"UVR_Unidad de valor real"
"2001/11/25";121,1823;"UVR_Unidad de valor real"
"2001/11/26";121,1899;"UVR_Unidad de valor real"
"2001/11/27";121,1976;"UVR_Unidad de valor real"
"2001/11/28";121,2053;"UVR_Unidad de valor real"
"2001/11/29";121,2129;"UVR_Unidad de valor real"
"2001/11/30";121,2206;"UVR_Unidad de valor real"
"2001/12/01";121,2283;"UVR_Unidad de valor real"
"2001/12/02";121,2359;"UVR_Unidad de valor real"
"2001/12/03";121,2436;"UVR_Unidad de valor real"
"2001/12/04";121,2513;"UVR_Unidad de valor real"
"2001/12/05";121,259;"UVR_Unidad de valor real"
"2001/12/06";121,2666;"UVR_Unidad de valor real"
"2001/12/07";121,2743;"UVR_Unidad de valor real"
"2001/12/08";121,282;"UVR_Unidad de valor real"
"2001/12/09";121,2896;"UVR_Unidad de valor real"
"2001/12/10";121,2973;"UVR_Unidad de valor real"
"2001/12/11";121,305;"UVR_Unidad de valor real"
"2001/12/12";121,3127;"UVR_Unidad de valor real"
"2001/12/13";121,3203;"UVR_Unidad de valor real"
"2001/12/14";121,328;"UVR_Unidad de valor real"
"2001/12/15";121,3357;"UVR_Unidad de valor real"
"2001/12/16";121,3404;"UVR_Unidad de valor real"
"2001/12/17";121,3451;"UVR_Unidad de valor real"
"2001/12/18";121,3498;"UVR_Unidad de valor real"
"2001/12/19";121,3545;"UVR_Unidad de valor real"
"2001/12/20";121,3592;"UVR_Unidad de valor real"
"2001/12/21";121,3639;"UVR_Unidad de valor real"
"2001/12/22";121,3686;"UVR_Unidad de valor real"
"2001/12/23";121,3733;"UVR_Unidad de valor real"
"2001/12/24";121,378;"UVR_Unidad de valor real"
"2001/12/25";121,3826;"UVR_Unidad de valor real"
"2001/12/26";121,3873;"UVR_Unidad de valor real"
"2001/12/27";121,392;"UVR_Unidad de valor real"
"2001/12/28";121,3967;"UVR_Unidad de valor real"
"2001/12/29";121,4014;"UVR_Unidad de valor real"
"2001/12/30";121,4061;"UVR_Unidad de valor real"
"2001/12/31";121,4108;"UVR_Unidad de valor real"
"2002/01/01";121,4155;"UVR_Unidad de valor real"
"2002/01/02";121,4202;"UVR_Unidad de valor real"
"2002/01/03";121,4249;"UVR_Unidad de valor real"
"2002/01/04";121,4296;"UVR_Unidad de valor real"
"2002/01/05";121,4343;"UVR_Unidad de valor real"
"2002/01/06";121,439;"UVR_Unidad de valor real"
"2002/01/07";121,4437;"UVR_Unidad de valor real"
"2002/01/08";121,4484;"UVR_Unidad de valor real"
"2002/01/09";121,4531;"UVR_Unidad de valor real"
"2002/01/10";121,4578;"UVR_Unidad de valor real"
"2002/01/11";121,4625;"UVR_Unidad de valor real"
"2002/01/12";121,4672;"UVR_Unidad de valor real"
"2002/01/13";121,4719;"UVR_Unidad de valor real"
"2002/01/14";121,4766;"UVR_Unidad de valor real"
"2002/01/15";121,4813;"UVR_Unidad de valor real"
"2002/01/16";121,4946;"UVR_Unidad de valor real"
"2002/01/17";121,5079;"UVR_Unidad de valor real"
"2002/01/18";121,5212;"UVR_Unidad de valor real"
"2002/01/19";121,5345;"UVR_Unidad de valor real"
"2002/01/20";121,5478;"UVR_Unidad de valor real"
"2002/01/21";121,5611;"UVR_Unidad de valor real"
"2002/01/22";121,5744;"UVR_Unidad de valor real"
"2002/01/23";121,5878;"UVR_Unidad de valor real"
"2002/01/24";121,6011;"UVR_Unidad de valor real"
"2002/01/25";121,6144;"UVR_Unidad de valor real"
"2002/01/26";121,6277;"UVR_Unidad de valor real"
"2002/01/27";121,641;"UVR_Unidad de valor real"
"2002/01/28";121,6543;"UVR_Unidad de valor real"
"2002/01/29";121,6677;"UVR_Unidad de valor real"
"2002/01/30";121,681;"UVR_Unidad de valor real"
"2002/01/31";121,6943;"UVR_Unidad de valor real"
"2002/02/01";121,7076;"UVR_Unidad de valor real"
"2002/02/02";121,721;"UVR_Unidad de valor real"
"2002/02/03";121,7343;"UVR_Unidad de valor real"
"2002/02/04";121,7476;"UVR_Unidad de valor real"
"2002/02/05";121,7609;"UVR_Unidad de valor real"
"2002/02/06";121,7743;"UVR_Unidad de valor real"
"2002/02/07";121,7876;"UVR_Unidad de valor real"
"2002/02/08";121,8009;"UVR_Unidad de valor real"
"2002/02/09";121,8143;"UVR_Unidad de valor real"
"2002/02/10";121,8276;"UVR_Unidad de valor real"
"2002/02/11";121,841;"UVR_Unidad de valor real"
"2002/02/12";121,8543;"UVR_Unidad de valor real"
"2002/02/13";121,8676;"UVR_Unidad de valor real"
"2002/02/14";121,881;"UVR_Unidad de valor real"
"2002/02/15";121,8943;"UVR_Unidad de valor real"
"2002/02/16";121,929;"UVR_Unidad de valor real"
"2002/02/17";121,9637;"UVR_Unidad de valor real"
"2002/02/18";121,9984;"UVR_Unidad de valor real"
"2002/02/19";122,0331;"UVR_Unidad de valor real"
"2002/02/20";122,0679;"UVR_Unidad de valor real"
"2002/02/21";122,1026;"UVR_Unidad de valor real"
"2002/02/22";122,1374;"UVR_Unidad de valor real"
"2002/02/23";122,1721;"UVR_Unidad de valor real"
"2002/02/24";122,2069;"UVR_Unidad de valor real"
"2002/02/25";122,2417;"UVR_Unidad de valor real"
"2002/02/26";122,2765;"UVR_Unidad de valor real"
"2002/02/27";122,3113;"UVR_Unidad de valor real"
"2002/02/28";122,3461;"UVR_Unidad de valor real"
"2002/03/01";122,3809;"UVR_Unidad de valor real"
"2002/03/02";122,4157;"UVR_Unidad de valor real"
"2002/03/03";122,4506;"UVR_Unidad de valor real"
"2002/03/04";122,4854;"UVR_Unidad de valor real"
"2002/03/05";122,5203;"UVR_Unidad de valor real"
"2002/03/06";122,5552;"UVR_Unidad de valor real"
"2002/03/07";122,59;"UVR_Unidad de valor real"
"2002/03/08";122,6249;"UVR_Unidad de valor real"
"2002/03/09";122,6598;"UVR_Unidad de valor real"
"2002/03/10";122,6947;"UVR_Unidad de valor real"
"2002/03/11";122,7297;"UVR_Unidad de valor real"
"2002/03/12";122,7646;"UVR_Unidad de valor real"
"2002/03/13";122,7995;"UVR_Unidad de valor real"
"2002/03/14";122,8345;"UVR_Unidad de valor real"
"2002/03/15";122,8695;"UVR_Unidad de valor real"
"2002/03/16";122,9191;"UVR_Unidad de valor real"
"2002/03/17";122,9688;"UVR_Unidad de valor real"
"2002/03/18";123,0185;"UVR_Unidad de valor real"
"2002/03/19";123,0682;"UVR_Unidad de valor real"
"2002/03/20";123,1179;"UVR_Unidad de valor real"
"2002/03/21";123,1676;"UVR_Unidad de valor real"
"2002/03/22";123,2174;"UVR_Unidad de valor real"
"2002/03/23";123,2672;"UVR_Unidad de valor real"
"2002/03/24";123,317;"UVR_Unidad de valor real"
"2002/03/25";123,3668;"UVR_Unidad de valor real"
"2002/03/26";123,4166;"UVR_Unidad de valor real"
"2002/03/27";123,4665;"UVR_Unidad de valor real"
"2002/03/28";123,5164;"UVR_Unidad de valor real"
"2002/03/29";123,5663;"UVR_Unidad de valor real"
"2002/03/30";123,6162;"UVR_Unidad de valor real"
"2002/03/31";123,6661;"UVR_Unidad de valor real"
"2002/04/01";123,7161;"UVR_Unidad de valor real"
"2002/04/02";123,7661;"UVR_Unidad de valor real"
"2002/04/03";123,8161;"UVR_Unidad de valor real"
"2002/04/04";123,8661;"UVR_Unidad de valor real"
"2002/04/05";123,9161;"UVR_Unidad de valor real"
"2002/04/06";123,9662;"UVR_Unidad de valor real"
"2002/04/07";124,0163;"UVR_Unidad de valor real"
"2002/04/08";124,0664;"UVR_Unidad de valor real"
"2002/04/09";124,1165;"UVR_Unidad de valor real"
"2002/04/10";124,1666;"UVR_Unidad de valor real"
"2002/04/11";124,2168;"UVR_Unidad de valor real"
"2002/04/12";124,267;"UVR_Unidad de valor real"
"2002/04/13";124,3172;"UVR_Unidad de valor real"
"2002/04/14";124,3674;"UVR_Unidad de valor real"
"2002/04/15";124,4177;"UVR_Unidad de valor real"
"2002/04/16";124,447;"UVR_Unidad de valor real"
"2002/04/17";124,4764;"UVR_Unidad de valor real"
"2002/04/18";124,5058;"UVR_Unidad de valor real"
"2002/04/19";124,5351;"UVR_Unidad de valor real"
"2002/04/20";124,5645;"UVR_Unidad de valor real"
"2002/04/21";124,5939;"UVR_Unidad de valor real"
"2002/04/22";124,6233;"UVR_Unidad de valor real"
"2002/04/23";124,6527;"UVR_Unidad de valor real"
"2002/04/24";124,6821;"UVR_Unidad de valor real"
"2002/04/25";124,7115;"UVR_Unidad de valor real"
"2002/04/26";124,7409;"UVR_Unidad de valor real"
"2002/04/27";124,7703;"UVR_Unidad de valor real"
"2002/04/28";124,7997;"UVR_Unidad de valor real"
"2002/04/29";124,8292;"UVR_Unidad de valor real"
"2002/04/30";124,8586;"UVR_Unidad de valor real"
"2002/05/01";124,8881;"UVR_Unidad de valor real"
"2002/05/02";124,9175;"UVR_Unidad de valor real"
"2002/05/03";124,947;"UVR_Unidad de valor real"
"2002/05/04";124,9764;"UVR_Unidad de valor real"
"2002/05/05";125,0059;"UVR_Unidad de valor real"
"2002/05/06";125,0354;"UVR_Unidad de valor real"
"2002/05/07";125,0649;"UVR_Unidad de valor real"
"2002/05/08";125,0944;"UVR_Unidad de valor real"
"2002/05/09";125,1239;"UVR_Unidad de valor real"
"2002/05/10";125,1534;"UVR_Unidad de valor real"
"2002/05/11";125,1829;"UVR_Unidad de valor real"
"2002/05/12";125,2124;"UVR_Unidad de valor real"
"2002/05/13";125,242;"UVR_Unidad de valor real"
"2002/05/14";125,2715;"UVR_Unidad de valor real"
"2002/05/15";125,3011;"UVR_Unidad de valor real"
"2002/05/16";125,3381;"UVR_Unidad de valor real"
"2002/05/17";125,3752;"UVR_Unidad de valor real"
"2002/05/18";125,4122;"UVR_Unidad de valor real"
"2002/05/19";125,4493;"UVR_Unidad de valor real"
"2002/05/20";125,4863;"UVR_Unidad de valor real"
"2002/05/21";125,5234;"UVR_Unidad de valor real"
"2002/05/22";125,5605;"UVR_Unidad de valor real"
"2002/05/23";125,5976;"UVR_Unidad de valor real"
"2002/05/24";125,6347;"UVR_Unidad de valor real"
"2002/05/25";125,6718;"UVR_Unidad de valor real"
"2002/05/26";125,7089;"UVR_Unidad de valor real"
"2002/05/27";125,7461;"UVR_Unidad de valor real"
"2002/05/28";125,7832;"UVR_Unidad de valor real"
"2002/05/29";125,8204;"UVR_Unidad de valor real"
"2002/05/30";125,8576;"UVR_Unidad de valor real"
"2002/05/31";125,8948;"UVR_Unidad de valor real"
"2002/06/01";125,932;"UVR_Unidad de valor real"
"2002/06/02";125,9692;"UVR_Unidad de valor real"
"2002/06/03";126,0064;"UVR_Unidad de valor real"
"2002/06/04";126,0436;"UVR_Unidad de valor real"
"2002/06/05";126,0809;"UVR_Unidad de valor real"
"2002/06/06";126,1181;"UVR_Unidad de valor real"
"2002/06/07";126,1554;"UVR_Unidad de valor real"
"2002/06/08";126,1926;"UVR_Unidad de valor real"
"2002/06/09";126,2299;"UVR_Unidad de valor real"
"2002/06/10";126,2672;"UVR_Unidad de valor real"
"2002/06/11";126,3045;"UVR_Unidad de valor real"
"2002/06/12";126,3418;"UVR_Unidad de valor real"
"2002/06/13";126,3792;"UVR_Unidad de valor real"
"2002/06/14";126,4165;"UVR_Unidad de valor real"
"2002/06/15";126,4539;"UVR_Unidad de valor real"
"2002/06/16";126,4791;"UVR_Unidad de valor real"
"2002/06/17";126,5043;"UVR_Unidad de valor real"
"2002/06/18";126,5296;"UVR_Unidad de valor real"
"2002/06/19";126,5548;"UVR_Unidad de valor real"
"2002/06/20";126,58;"UVR_Unidad de valor real"
"2002/06/21";126,6053;"UVR_Unidad de valor real"
"2002/06/22";126,6305;"UVR_Unidad de valor real"
"2002/06/23";126,6558;"UVR_Unidad de valor real"
"2002/06/24";126,681;"UVR_Unidad de valor real"
"2002/06/25";126,7063;"UVR_Unidad de valor real"
"2002/06/26";126,7316;"UVR_Unidad de valor real"
"2002/06/27";126,7568;"UVR_Unidad de valor real"
"2002/06/28";126,7821;"UVR_Unidad de valor real"
"2002/06/29";126,8074;"UVR_Unidad de valor real"
"2002/06/30";126,8327;"UVR_Unidad de valor real"
"2002/07/01";126,858;"UVR_Unidad de valor real"
"2002/07/02";126,8833;"UVR_Unidad de valor real"
"2002/07/03";126,9086;"UVR_Unidad de valor real"
"2002/07/04";126,9339;"UVR_Unidad de valor real"
"2002/07/05";126,9592;"UVR_Unidad de valor real"
"2002/07/06";126,9845;"UVR_Unidad de valor real"
"2002/07/07";127,0099;"UVR_Unidad de valor real"
"2002/07/08";127,0352;"UVR_Unidad de valor real"
"2002/07/09";127,0605;"UVR_Unidad de valor real"
"2002/07/10";127,0859;"UVR_Unidad de valor real"
"2002/07/11";127,1112;"UVR_Unidad de valor real"
"2002/07/12";127,1365;"UVR_Unidad de valor real"
"2002/07/13";127,1619;"UVR_Unidad de valor real"
"2002/07/14";127,1873;"UVR_Unidad de valor real"
"2002/07/15";127,2126;"UVR_Unidad de valor real"
"2002/07/16";127,2302;"UVR_Unidad de valor real"
"2002/07/17";127,2478;"UVR_Unidad de valor real"
"2002/07/18";127,2654;"UVR_Unidad de valor real"
"2002/07/19";127,2831;"UVR_Unidad de valor real"
"2002/07/20";127,3007;"UVR_Unidad de valor real"
"2002/07/21";127,3183;"UVR_Unidad de valor real"
"2002/07/22";127,3359;"UVR_Unidad de valor real"
"2002/07/23";127,3535;"UVR_Unidad de valor real"
"2002/07/24";127,3712;"UVR_Unidad de valor real"
"2002/07/25";127,3888;"UVR_Unidad de valor real"
"2002/07/26";127,4064;"UVR_Unidad de valor real"
"2002/07/27";127,4241;"UVR_Unidad de valor real"
"2002/07/28";127,4417;"UVR_Unidad de valor real"
"2002/07/29";127,4593;"UVR_Unidad de valor real"
"2002/07/30";127,477;"UVR_Unidad de valor real"
"2002/07/31";127,4946;"UVR_Unidad de valor real"
"2002/08/01";127,5123;"UVR_Unidad de valor real"
"2002/08/02";127,5299;"UVR_Unidad de valor real"
"2002/08/03";127,5476;"UVR_Unidad de valor real"
"2002/08/04";127,5652;"UVR_Unidad de valor real"
"2002/08/05";127,5829;"UVR_Unidad de valor real"
"2002/08/06";127,6006;"UVR_Unidad de valor real"
"2002/08/07";127,6182;"UVR_Unidad de valor real"
"2002/08/08";127,6359;"UVR_Unidad de valor real"
"2002/08/09";127,6536;"UVR_Unidad de valor real"
"2002/08/10";127,6712;"UVR_Unidad de valor real"
"2002/08/11";127,6889;"UVR_Unidad de valor real"
"2002/08/12";127,7066;"UVR_Unidad de valor real"
"2002/08/13";127,7243;"UVR_Unidad de valor real"
"2002/08/14";127,7419;"UVR_Unidad de valor real"
"2002/08/15";127,7596;"UVR_Unidad de valor real"
"2002/08/16";127,7604;"UVR_Unidad de valor real"
"2002/08/17";127,7612;"UVR_Unidad de valor real"
"2002/08/18";127,7621;"UVR_Unidad de valor real"
"2002/08/19";127,7629;"UVR_Unidad de valor real"
"2002/08/20";127,7637;"UVR_Unidad de valor real"
"2002/08/21";127,7645;"UVR_Unidad de valor real"
"2002/08/22";127,7654;"UVR_Unidad de valor real"
"2002/08/23";127,7662;"UVR_Unidad de valor real"
"2002/08/24";127,767;"UVR_Unidad de valor real"
"2002/08/25";127,7678;"UVR_Unidad de valor real"
"2002/08/26";127,7687;"UVR_Unidad de valor real"
"2002/08/27";127,7695;"UVR_Unidad de valor real"
"2002/08/28";127,7703;"UVR_Unidad de valor real"
"2002/08/29";127,7711;"UVR_Unidad de valor real"
"2002/08/30";127,772;"UVR_Unidad de valor real"
"2002/08/31";127,7728;"UVR_Unidad de valor real"
"2002/09/01";127,7736;"UVR_Unidad de valor real"
"2002/09/02";127,7744;"UVR_Unidad de valor real"
"2002/09/03";127,7753;"UVR_Unidad de valor real"
"2002/09/04";127,7761;"UVR_Unidad de valor real"
"2002/09/05";127,7769;"UVR_Unidad de valor real"
"2002/09/06";127,7777;"UVR_Unidad de valor real"
"2002/09/07";127,7786;"UVR_Unidad de valor real"
"2002/09/08";127,7794;"UVR_Unidad de valor real"
"2002/09/09";127,7802;"UVR_Unidad de valor real"
"2002/09/10";127,781;"UVR_Unidad de valor real"
"2002/09/11";127,7819;"UVR_Unidad de valor real"
"2002/09/12";127,7827;"UVR_Unidad de valor real"
"2002/09/13";127,7835;"UVR_Unidad de valor real"
"2002/09/14";127,7843;"UVR_Unidad de valor real"
"2002/09/15";127,7852;"UVR_Unidad de valor real"
"2002/09/16";127,789;"UVR_Unidad de valor real"
"2002/09/17";127,7929;"UVR_Unidad de valor real"
"2002/09/18";127,7967;"UVR_Unidad de valor real"
"2002/09/19";127,8005;"UVR_Unidad de valor real"
"2002/09/20";127,8044;"UVR_Unidad de valor real"
"2002/09/21";127,8082;"UVR_Unidad de valor real"
"2002/09/22";127,812;"UVR_Unidad de valor real"
"2002/09/23";127,8159;"UVR_Unidad de valor real"
"2002/09/24";127,8197;"UVR_Unidad de valor real"
"2002/09/25";127,8235;"UVR_Unidad de valor real"
"2002/09/26";127,8274;"UVR_Unidad de valor real"
"2002/09/27";127,8312;"UVR_Unidad de valor real"
"2002/09/28";127,835;"UVR_Unidad de valor real"
"2002/09/29";127,8389;"UVR_Unidad de valor real"
"2002/09/30";127,8427;"UVR_Unidad de valor real"
"2002/10/01";127,8465;"UVR_Unidad de valor real"
"2002/10/02";127,8504;"UVR_Unidad de valor real"
"2002/10/03";127,8542;"UVR_Unidad de valor real"
"2002/10/04";127,858;"UVR_Unidad de valor real"
"2002/10/05";127,8619;"UVR_Unidad de valor real"
"2002/10/06";127,8657;"UVR_Unidad de valor real"
"2002/10/07";127,8695;"UVR_Unidad de valor real"
"2002/10/08";127,8734;"UVR_Unidad de valor real"
"2002/10/09";127,8772;"UVR_Unidad de valor real"
"2002/10/10";127,881;"UVR_Unidad de valor real"
"2002/10/11";127,8849;"UVR_Unidad de valor real"
"2002/10/12";127,8887;"UVR_Unidad de valor real"
"2002/10/13";127,8925;"UVR_Unidad de valor real"
"2002/10/14";127,8964;"UVR_Unidad de valor real"
"2002/10/15";127,9002;"UVR_Unidad de valor real"
"2002/10/16";127,915;"UVR_Unidad de valor real"
"2002/10/17";127,9299;"UVR_Unidad de valor real"
"2002/10/18";127,9447;"UVR_Unidad de valor real"
"2002/10/19";127,9595;"UVR_Unidad de valor real"
"2002/10/20";127,9744;"UVR_Unidad de valor real"
"2002/10/21";127,9892;"UVR_Unidad de valor real"
"2002/10/22";128,004;"UVR_Unidad de valor real"
"2002/10/23";128,0189;"UVR_Unidad de valor real"
"2002/10/24";128,0337;"UVR_Unidad de valor real"
"2002/10/25";128,0485;"UVR_Unidad de valor real"
"2002/10/26";128,0634;"UVR_Unidad de valor real"
"2002/10/27";128,0782;"UVR_Unidad de valor real"
"2002/10/28";128,0931;"UVR_Unidad de valor real"
"2002/10/29";128,1079;"UVR_Unidad de valor real"
"2002/10/30";128,1228;"UVR_Unidad de valor real"
"2002/10/31";128,1376;"UVR_Unidad de valor real"
"2002/11/01";128,1525;"UVR_Unidad de valor real"
"2002/11/02";128,1674;"UVR_Unidad de valor real"
"2002/11/03";128,1822;"UVR_Unidad de valor real"
"2002/11/04";128,1971;"UVR_Unidad de valor real"
"2002/11/05";128,2119;"UVR_Unidad de valor real"
"2002/11/06";128,2268;"UVR_Unidad de valor real"
"2002/11/07";128,2417;"UVR_Unidad de valor real"
"2002/11/08";128,2565;"UVR_Unidad de valor real"
"2002/11/09";128,2714;"UVR_Unidad de valor real"
"2002/11/10";128,2863;"UVR_Unidad de valor real"
"2002/11/11";128,3011;"UVR_Unidad de valor real"
"2002/11/12";128,316;"UVR_Unidad de valor real"
"2002/11/13";128,3309;"UVR_Unidad de valor real"
"2002/11/14";128,3458;"UVR_Unidad de valor real"
"2002/11/15";128,3606;"UVR_Unidad de valor real"
"2002/11/16";128,3845;"UVR_Unidad de valor real"
"2002/11/17";128,4084;"UVR_Unidad de valor real"
"2002/11/18";128,4323;"UVR_Unidad de valor real"
"2002/11/19";128,4562;"UVR_Unidad de valor real"
"2002/11/20";128,4801;"UVR_Unidad de valor real"
"2002/11/21";128,504;"UVR_Unidad de valor real"
"2002/11/22";128,528;"UVR_Unidad de valor real"
"2002/11/23";128,5519;"UVR_Unidad de valor real"
"2002/11/24";128,5758;"UVR_Unidad de valor real"
"2002/11/25";128,5998;"UVR_Unidad de valor real"
"2002/11/26";128,6237;"UVR_Unidad de valor real"
"2002/11/27";128,6476;"UVR_Unidad de valor real"
"2002/11/28";128,6716;"UVR_Unidad de valor real"
"2002/11/29";128,6955;"UVR_Unidad de valor real"
"2002/11/30";128,7195;"UVR_Unidad de valor real"
"2002/12/01";128,7435;"UVR_Unidad de valor real"
"2002/12/02";128,7674;"UVR_Unidad de valor real"
"2002/12/03";128,7914;"UVR_Unidad de valor real"
"2002/12/04";128,8154;"UVR_Unidad de valor real"
"2002/12/05";128,8394;"UVR_Unidad de valor real"
"2002/12/06";128,8634;"UVR_Unidad de valor real"
"2002/12/07";128,8873;"UVR_Unidad de valor real"
"2002/12/08";128,9113;"UVR_Unidad de valor real"
"2002/12/09";128,9353;"UVR_Unidad de valor real"
"2002/12/10";128,9593;"UVR_Unidad de valor real"
"2002/12/11";128,9833;"UVR_Unidad de valor real"
"2002/12/12";129,0074;"UVR_Unidad de valor real"
"2002/12/13";129,0314;"UVR_Unidad de valor real"
"2002/12/14";129,0554;"UVR_Unidad de valor real"
"2002/12/15";129,0794;"UVR_Unidad de valor real"
"2002/12/16";129,1118;"UVR_Unidad de valor real"
"2002/12/17";129,1441;"UVR_Unidad de valor real"
"2002/12/18";129,1765;"UVR_Unidad de valor real"
"2002/12/19";129,2089;"UVR_Unidad de valor real"
"2002/12/20";129,2413;"UVR_Unidad de valor real"
"2002/12/21";129,2737;"UVR_Unidad de valor real"
"2002/12/22";129,3061;"UVR_Unidad de valor real"
"2002/12/23";129,3385;"UVR_Unidad de valor real"
"2002/12/24";129,3709;"UVR_Unidad de valor real"
"2002/12/25";129,4033;"UVR_Unidad de valor real"
"2002/12/26";129,4358;"UVR_Unidad de valor real"
"2002/12/27";129,4682;"UVR_Unidad de valor real"
"2002/12/28";129,5007;"UVR_Unidad de valor real"
"2002/12/29";129,5331;"UVR_Unidad de valor real"
"2002/12/30";129,5656;"UVR_Unidad de valor real"
"2002/12/31";129,5981;"UVR_Unidad de valor real"
"2003/01/01";129,6306;"UVR_Unidad de valor real"
"2003/01/02";129,6631;"UVR_Unidad de valor real"
"2003/01/03";129,6956;"UVR_Unidad de valor real"
"2003/01/04";129,7281;"UVR_Unidad de valor real"
"2003/01/05";129,7606;"UVR_Unidad de valor real"
"2003/01/06";129,7931;"UVR_Unidad de valor real"
"2003/01/07";129,8256;"UVR_Unidad de valor real"
"2003/01/08";129,8582;"UVR_Unidad de valor real"
"2003/01/09";129,8907;"UVR_Unidad de valor real"
"2003/01/10";129,9233;"UVR_Unidad de valor real"
"2003/01/11";129,9559;"UVR_Unidad de valor real"
"2003/01/12";129,9884;"UVR_Unidad de valor real"
"2003/01/13";130,021;"UVR_Unidad de valor real"
"2003/01/14";130,0536;"UVR_Unidad de valor real"
"2003/01/15";130,0862;"UVR_Unidad de valor real"
"2003/01/16";130,0975;"UVR_Unidad de valor real"
"2003/01/17";130,1088;"UVR_Unidad de valor real"
"2003/01/18";130,1201;"UVR_Unidad de valor real"
"2003/01/19";130,1315;"UVR_Unidad de valor real"
"2003/01/20";130,1428;"UVR_Unidad de valor real"
"2003/01/21";130,1541;"UVR_Unidad de valor real"
"2003/01/22";130,1654;"UVR_Unidad de valor real"
"2003/01/23";130,1768;"UVR_Unidad de valor real"
"2003/01/24";130,1881;"UVR_Unidad de valor real"
"2003/01/25";130,1994;"UVR_Unidad de valor real"
"2003/01/26";130,2107;"UVR_Unidad de valor real"
"2003/01/27";130,222;"UVR_Unidad de valor real"
"2003/01/28";130,2334;"UVR_Unidad de valor real"
"2003/01/29";130,2447;"UVR_Unidad de valor real"
"2003/01/30";130,256;"UVR_Unidad de valor real"
"2003/01/31";130,2674;"UVR_Unidad de valor real"
"2003/02/01";130,2787;"UVR_Unidad de valor real"
"2003/02/02";130,29;"UVR_Unidad de valor real"
"2003/02/03";130,3014;"UVR_Unidad de valor real"
"2003/02/04";130,3127;"UVR_Unidad de valor real"
"2003/02/05";130,324;"UVR_Unidad de valor real"
"2003/02/06";130,3354;"UVR_Unidad de valor real"
"2003/02/07";130,3467;"UVR_Unidad de valor real"
"2003/02/08";130,358;"UVR_Unidad de valor real"
"2003/02/09";130,3694;"UVR_Unidad de valor real"
"2003/02/10";130,3807;"UVR_Unidad de valor real"
"2003/02/11";130,3921;"UVR_Unidad de valor real"
"2003/02/12";130,4034;"UVR_Unidad de valor real"
"2003/02/13";130,4147;"UVR_Unidad de valor real"
"2003/02/14";130,4261;"UVR_Unidad de valor real"
"2003/02/15";130,4374;"UVR_Unidad de valor real"
"2003/02/16";130,4916;"UVR_Unidad de valor real"
"2003/02/17";130,5458;"UVR_Unidad de valor real"
"2003/02/18";130,6001;"UVR_Unidad de valor real"
"2003/02/19";130,6543;"UVR_Unidad de valor real"
"2003/02/20";130,7086;"UVR_Unidad de valor real"
"2003/02/21";130,7629;"UVR_Unidad de valor real"
"2003/02/22";130,8173;"UVR_Unidad de valor real"
"2003/02/23";130,8716;"UVR_Unidad de valor real"
"2003/02/24";130,926;"UVR_Unidad de valor real"
"2003/02/25";130,9804;"UVR_Unidad de valor real"
"2003/02/26";131,0348;"UVR_Unidad de valor real"
"2003/02/27";131,0893;"UVR_Unidad de valor real"
"2003/02/28";131,1437;"UVR_Unidad de valor real"
"2003/03/01";131,1982;"UVR_Unidad de valor real"
"2003/03/02";131,2528;"UVR_Unidad de valor real"
"2003/03/03";131,3073;"UVR_Unidad de valor real"
"2003/03/04";131,3619;"UVR_Unidad de valor real"
"2003/03/05";131,4164;"UVR_Unidad de valor real"
"2003/03/06";131,471;"UVR_Unidad de valor real"
"2003/03/07";131,5257;"UVR_Unidad de valor real"
"2003/03/08";131,5803;"UVR_Unidad de valor real"
"2003/03/09";131,635;"UVR_Unidad de valor real"
"2003/03/10";131,6897;"UVR_Unidad de valor real"
"2003/03/11";131,7444;"UVR_Unidad de valor real"
"2003/03/12";131,7992;"UVR_Unidad de valor real"
"2003/03/13";131,8539;"UVR_Unidad de valor real"
"2003/03/14";131,9087;"UVR_Unidad de valor real"
"2003/03/15";131,9635;"UVR_Unidad de valor real"
"2003/03/16";132,0105;"UVR_Unidad de valor real"
"2003/03/17";132,0575;"UVR_Unidad de valor real"
"2003/03/18";132,1045;"UVR_Unidad de valor real"
"2003/03/19";132,1516;"UVR_Unidad de valor real"
"2003/03/20";132,1987;"UVR_Unidad de valor real"
"2003/03/21";132,2457;"UVR_Unidad de valor real"
"2003/03/22";132,2928;"UVR_Unidad de valor real"
"2003/03/23";132,34;"UVR_Unidad de valor real"
"2003/03/24";132,3871;"UVR_Unidad de valor real"
"2003/03/25";132,4342;"UVR_Unidad de valor real"
"2003/03/26";132,4814;"UVR_Unidad de valor real"
"2003/03/27";132,5286;"UVR_Unidad de valor real"
"2003/03/28";132,5758;"UVR_Unidad de valor real"
"2003/03/29";132,623;"UVR_Unidad de valor real"
"2003/03/30";132,6703;"UVR_Unidad de valor real"
"2003/03/31";132,7175;"UVR_Unidad de valor real"
"2003/04/01";132,7648;"UVR_Unidad de valor real"
"2003/04/02";132,8121;"UVR_Unidad de valor real"
"2003/04/03";132,8594;"UVR_Unidad de valor real"
"2003/04/04";132,9067;"UVR_Unidad de valor real"
"2003/04/05";132,954;"UVR_Unidad de valor real"
"2003/04/06";133,0014;"UVR_Unidad de valor real"
"2003/04/07";133,0487;"UVR_Unidad de valor real"
"2003/04/08";133,0961;"UVR_Unidad de valor real"
"2003/04/09";133,1435;"UVR_Unidad de valor real"
"2003/04/10";133,1909;"UVR_Unidad de valor real"
"2003/04/11";133,2384;"UVR_Unidad de valor real"
"2003/04/12";133,2858;"UVR_Unidad de valor real"
"2003/04/13";133,3333;"UVR_Unidad de valor real"
"2003/04/14";133,3808;"UVR_Unidad de valor real"
"2003/04/15";133,4283;"UVR_Unidad de valor real"
"2003/04/16";133,4748;"UVR_Unidad de valor real"
"2003/04/17";133,5212;"UVR_Unidad de valor real"
"2003/04/18";133,5677;"UVR_Unidad de valor real"
"2003/04/19";133,6143;"UVR_Unidad de valor real"
"2003/04/20";133,6608;"UVR_Unidad de valor real"
"2003/04/21";133,7073;"UVR_Unidad de valor real"
"2003/04/22";133,7539;"UVR_Unidad de valor real"
"2003/04/23";133,8005;"UVR_Unidad de valor real"
"2003/04/24";133,8471;"UVR_Unidad de valor real"
"2003/04/25";133,8937;"UVR_Unidad de valor real"
"2003/04/26";133,9403;"UVR_Unidad de valor real"
"2003/04/27";133,9869;"UVR_Unidad de valor real"
"2003/04/28";134,0336;"UVR_Unidad de valor real"
"2003/04/29";134,0803;"UVR_Unidad de valor real"
"2003/04/30";134,127;"UVR_Unidad de valor real"
"2003/05/01";134,1737;"UVR_Unidad de valor real"
"2003/05/02";134,2204;"UVR_Unidad de valor real"
"2003/05/03";134,2671;"UVR_Unidad de valor real"
"2003/05/04";134,3139;"UVR_Unidad de valor real"
"2003/05/05";134,3607;"UVR_Unidad de valor real"
"2003/05/06";134,4075;"UVR_Unidad de valor real"
"2003/05/07";134,4543;"UVR_Unidad de valor real"
"2003/05/08";134,5011;"UVR_Unidad de valor real"
"2003/05/09";134,5479;"UVR_Unidad de valor real"
"2003/05/10";134,5948;"UVR_Unidad de valor real"
"2003/05/11";134,6417;"UVR_Unidad de valor real"
"2003/05/12";134,6885;"UVR_Unidad de valor real"
"2003/05/13";134,7354;"UVR_Unidad de valor real"
"2003/05/14";134,7824;"UVR_Unidad de valor real"
"2003/05/15";134,8293;"UVR_Unidad de valor real"
"2003/05/16";134,879;"UVR_Unidad de valor real"
"2003/05/17";134,9288;"UVR_Unidad de valor real"
"2003/05/18";134,9786;"UVR_Unidad de valor real"
"2003/05/19";135,0284;"UVR_Unidad de valor real"
"2003/05/20";135,0782;"UVR_Unidad de valor real"
"2003/05/21";135,128;"UVR_Unidad de valor real"
"2003/05/22";135,1779;"UVR_Unidad de valor real"
"2003/05/23";135,2277;"UVR_Unidad de valor real"
"2003/05/24";135,2776;"UVR_Unidad de valor real"
"2003/05/25";135,3275;"UVR_Unidad de valor real"
"2003/05/26";135,3775;"UVR_Unidad de valor real"
"2003/05/27";135,4274;"UVR_Unidad de valor real"
"2003/05/28";135,4774;"UVR_Unidad de valor real"
"2003/05/29";135,5273;"UVR_Unidad de valor real"
"2003/05/30";135,5773;"UVR_Unidad de valor real"
"2003/05/31";135,6274;"UVR_Unidad de valor real"
"2003/06/01";135,6774;"UVR_Unidad de valor real"
"2003/06/02";135,7275;"UVR_Unidad de valor real"
"2003/06/03";135,7775;"UVR_Unidad de valor real"
"2003/06/04";135,8276;"UVR_Unidad de valor real"
"2003/06/05";135,8777;"UVR_Unidad de valor real"
"2003/06/06";135,9279;"UVR_Unidad de valor real"
"2003/06/07";135,978;"UVR_Unidad de valor real"
"2003/06/08";136,0282;"UVR_Unidad de valor real"
"2003/06/09";136,0783;"UVR_Unidad de valor real"
"2003/06/10";136,1285;"UVR_Unidad de valor real"
"2003/06/11";136,1788;"UVR_Unidad de valor real"
"2003/06/12";136,229;"UVR_Unidad de valor real"
"2003/06/13";136,2793;"UVR_Unidad de valor real"
"2003/06/14";136,3295;"UVR_Unidad de valor real"
"2003/06/15";136,3798;"UVR_Unidad de valor real"
"2003/06/16";136,402;"UVR_Unidad de valor real"
"2003/06/17";136,4242;"UVR_Unidad de valor real"
"2003/06/18";136,4465;"UVR_Unidad de valor real"
"2003/06/19";136,4687;"UVR_Unidad de valor real"
"2003/06/20";136,491;"UVR_Unidad de valor real"
"2003/06/21";136,5132;"UVR_Unidad de valor real"
"2003/06/22";136,5354;"UVR_Unidad de valor real"
"2003/06/23";136,5577;"UVR_Unidad de valor real"
"2003/06/24";136,5799;"UVR_Unidad de valor real"
"2003/06/25";136,6022;"UVR_Unidad de valor real"
"2003/06/26";136,6244;"UVR_Unidad de valor real"
"2003/06/27";136,6467;"UVR_Unidad de valor real"
"2003/06/28";136,669;"UVR_Unidad de valor real"
"2003/06/29";136,6912;"UVR_Unidad de valor real"
"2003/06/30";136,7135;"UVR_Unidad de valor real"
"2003/07/01";136,7358;"UVR_Unidad de valor real"
"2003/07/02";136,7581;"UVR_Unidad de valor real"
"2003/07/03";136,7804;"UVR_Unidad de valor real"
"2003/07/04";136,8027;"UVR_Unidad de valor real"
"2003/07/05";136,8249;"UVR_Unidad de valor real"
"2003/07/06";136,8472;"UVR_Unidad de valor real"
"2003/07/07";136,8695;"UVR_Unidad de valor real"
"2003/07/08";136,8918;"UVR_Unidad de valor real"
"2003/07/09";136,9141;"UVR_Unidad de valor real"
"2003/07/10";136,9365;"UVR_Unidad de valor real"
"2003/07/11";136,9588;"UVR_Unidad de valor real"
"2003/07/12";136,9811;"UVR_Unidad de valor real"
"2003/07/13";137,0034;"UVR_Unidad de valor real"
"2003/07/14";137,0257;"UVR_Unidad de valor real"
"2003/07/15";137,0481;"UVR_Unidad de valor real"
"2003/07/16";137,0459;"UVR_Unidad de valor real"
"2003/07/17";137,0437;"UVR_Unidad de valor real"
"2003/07/18";137,0415;"UVR_Unidad de valor real"
"2003/07/19";137,0393;"UVR_Unidad de valor real"
"2003/07/20";137,037;"UVR_Unidad de valor real"
"2003/07/21";137,0348;"UVR_Unidad de valor real"
"2003/07/22";137,0326;"UVR_Unidad de valor real"
"2003/07/23";137,0304;"UVR_Unidad de valor real"
"2003/07/24";137,0282;"UVR_Unidad de valor real"
"2003/07/25";137,026;"UVR_Unidad de valor real"
"2003/07/26";137,0238;"UVR_Unidad de valor real"
"2003/07/27";137,0216;"UVR_Unidad de valor real"
"2003/07/28";137,0194;"UVR_Unidad de valor real"
"2003/07/29";137,0171;"UVR_Unidad de valor real"
"2003/07/30";137,0149;"UVR_Unidad de valor real"
"2003/07/31";137,0127;"UVR_Unidad de valor real"
"2003/08/01";137,0105;"UVR_Unidad de valor real"
"2003/08/02";137,0083;"UVR_Unidad de valor real"
"2003/08/03";137,0061;"UVR_Unidad de valor real"
"2003/08/04";137,0039;"UVR_Unidad de valor real"
"2003/08/05";137,0017;"UVR_Unidad de valor real"
"2003/08/06";136,9995;"UVR_Unidad de valor real"
"2003/08/07";136,9973;"UVR_Unidad de valor real"
"2003/08/08";136,995;"UVR_Unidad de valor real"
"2003/08/09";136,9928;"UVR_Unidad de valor real"
"2003/08/10";136,9906;"UVR_Unidad de valor real"
"2003/08/11";136,9884;"UVR_Unidad de valor real"
"2003/08/12";136,9862;"UVR_Unidad de valor real"
"2003/08/13";136,984;"UVR_Unidad de valor real"
"2003/08/14";136,9818;"UVR_Unidad de valor real"
"2003/08/15";136,9796;"UVR_Unidad de valor real"
"2003/08/16";136,9734;"UVR_Unidad de valor real"
"2003/08/17";136,9672;"UVR_Unidad de valor real"
"2003/08/18";136,961;"UVR_Unidad de valor real"
"2003/08/19";136,9548;"UVR_Unidad de valor real"
"2003/08/20";136,9487;"UVR_Unidad de valor real"
"2003/08/21";136,9425;"UVR_Unidad de valor real"
"2003/08/22";136,9363;"UVR_Unidad de valor real"
"2003/08/23";136,9301;"UVR_Unidad de valor real"
"2003/08/24";136,9239;"UVR_Unidad de valor real"
"2003/08/25";136,9177;"UVR_Unidad de valor real"
"2003/08/26";136,9115;"UVR_Unidad de valor real"
"2003/08/27";136,9053;"UVR_Unidad de valor real"
"2003/08/28";136,8991;"UVR_Unidad de valor real"
"2003/08/29";136,893;"UVR_Unidad de valor real"
"2003/08/30";136,8868;"UVR_Unidad de valor real"
"2003/08/31";136,8806;"UVR_Unidad de valor real"
"2003/09/01";136,8744;"UVR_Unidad de valor real"
"2003/09/02";136,8682;"UVR_Unidad de valor real"
"2003/09/03";136,862;"UVR_Unidad de valor real"
"2003/09/04";136,8558;"UVR_Unidad de valor real"
"2003/09/05";136,8497;"UVR_Unidad de valor real"
"2003/09/06";136,8435;"UVR_Unidad de valor real"
"2003/09/07";136,8373;"UVR_Unidad de valor real"
"2003/09/08";136,8311;"UVR_Unidad de valor real"
"2003/09/09";136,8249;"UVR_Unidad de valor real"
"2003/09/10";136,8187;"UVR_Unidad de valor real"
"2003/09/11";136,8126;"UVR_Unidad de valor real"
"2003/09/12";136,8064;"UVR_Unidad de valor real"
"2003/09/13";136,8002;"UVR_Unidad de valor real"
"2003/09/14";136,794;"UVR_Unidad de valor real"
"2003/09/15";136,7878;"UVR_Unidad de valor real"
"2003/09/16";136,8019;"UVR_Unidad de valor real"
"2003/09/17";136,816;"UVR_Unidad de valor real"
"2003/09/18";136,8301;"UVR_Unidad de valor real"
"2003/09/19";136,8443;"UVR_Unidad de valor real"
"2003/09/20";136,8584;"UVR_Unidad de valor real"
"2003/09/21";136,8725;"UVR_Unidad de valor real"
"2003/09/22";136,8866;"UVR_Unidad de valor real"
"2003/09/23";136,9007;"UVR_Unidad de valor real"
"2003/09/24";136,9149;"UVR_Unidad de valor real"
"2003/09/25";136,929;"UVR_Unidad de valor real"
"2003/09/26";136,9431;"UVR_Unidad de valor real"
"2003/09/27";136,9573;"UVR_Unidad de valor real"
"2003/09/28";136,9714;"UVR_Unidad de valor real"
"2003/09/29";136,9855;"UVR_Unidad de valor real"
"2003/09/30";136,9997;"UVR_Unidad de valor real"
"2003/10/01";137,0138;"UVR_Unidad de valor real"
"2003/10/02";137,0279;"UVR_Unidad de valor real"
"2003/10/03";137,0421;"UVR_Unidad de valor real"
"2003/10/04";137,0562;"UVR_Unidad de valor real"
"2003/10/05";137,0703;"UVR_Unidad de valor real"
"2003/10/06";137,0845;"UVR_Unidad de valor real"
"2003/10/07";137,0986;"UVR_Unidad de valor real"
"2003/10/08";137,1128;"UVR_Unidad de valor real"
"2003/10/09";137,1269;"UVR_Unidad de valor real"
"2003/10/10";137,1411;"UVR_Unidad de valor real"
"2003/10/11";137,1552;"UVR_Unidad de valor real"
"2003/10/12";137,1694;"UVR_Unidad de valor real"
"2003/10/13";137,1835;"UVR_Unidad de valor real"
"2003/10/14";137,1977;"UVR_Unidad de valor real"
"2003/10/15";137,2118;"UVR_Unidad de valor real"
"2003/10/16";137,2215;"UVR_Unidad de valor real"
"2003/10/17";137,2313;"UVR_Unidad de valor real"
"2003/10/18";137,241;"UVR_Unidad de valor real"
"2003/10/19";137,2507;"UVR_Unidad de valor real"
"2003/10/20";137,2604;"UVR_Unidad de valor real"
"2003/10/21";137,2702;"UVR_Unidad de valor real"
"2003/10/22";137,2799;"UVR_Unidad de valor real"
"2003/10/23";137,2896;"UVR_Unidad de valor real"
"2003/10/24";137,2994;"UVR_Unidad de valor real"
"2003/10/25";137,3091;"UVR_Unidad de valor real"
"2003/10/26";137,3188;"UVR_Unidad de valor real"
"2003/10/27";137,3286;"UVR_Unidad de valor real"
"2003/10/28";137,3383;"UVR_Unidad de valor real"
"2003/10/29";137,348;"UVR_Unidad de valor real"
"2003/10/30";137,3578;"UVR_Unidad de valor real"
"2003/10/31";137,3675;"UVR_Unidad de valor real"
"2003/11/01";137,3773;"UVR_Unidad de valor real"
"2003/11/02";137,387;"UVR_Unidad de valor real"
"2003/11/03";137,3967;"UVR_Unidad de valor real"
"2003/11/04";137,4065;"UVR_Unidad de valor real"
"2003/11/05";137,4162;"UVR_Unidad de valor real"
"2003/11/06";137,426;"UVR_Unidad de valor real"
"2003/11/07";137,4357;"UVR_Unidad de valor real"
"2003/11/08";137,4454;"UVR_Unidad de valor real"
"2003/11/09";137,4552;"UVR_Unidad de valor real"
"2003/11/10";137,4649;"UVR_Unidad de valor real"
"2003/11/11";137,4747;"UVR_Unidad de valor real"
"2003/11/12";137,4844;"UVR_Unidad de valor real"
"2003/11/13";137,4942;"UVR_Unidad de valor real"
"2003/11/14";137,5039;"UVR_Unidad de valor real"
"2003/11/15";137,5137;"UVR_Unidad de valor real"
"2003/11/16";137,5164;"UVR_Unidad de valor real"
"2003/11/17";137,5192;"UVR_Unidad de valor real"
"2003/11/18";137,5219;"UVR_Unidad de valor real"
"2003/11/19";137,5247;"UVR_Unidad de valor real"
"2003/11/20";137,5274;"UVR_Unidad de valor real"
"2003/11/21";137,5302;"UVR_Unidad de valor real"
"2003/11/22";137,5329;"UVR_Unidad de valor real"
"2003/11/23";137,5357;"UVR_Unidad de valor real"
"2003/11/24";137,5384;"UVR_Unidad de valor real"
"2003/11/25";137,5412;"UVR_Unidad de valor real"
"2003/11/26";137,5439;"UVR_Unidad de valor real"
"2003/11/27";137,5467;"UVR_Unidad de valor real"
"2003/11/28";137,5494;"UVR_Unidad de valor real"
"2003/11/29";137,5522;"UVR_Unidad de valor real"
"2003/11/30";137,5549;"UVR_Unidad de valor real"
"2003/12/01";137,5577;"UVR_Unidad de valor real"
"2003/12/02";137,5604;"UVR_Unidad de valor real"
"2003/12/03";137,5632;"UVR_Unidad de valor real"
"2003/12/04";137,5659;"UVR_Unidad de valor real"
"2003/12/05";137,5687;"UVR_Unidad de valor real"
"2003/12/06";137,5715;"UVR_Unidad de valor real"
"2003/12/07";137,5742;"UVR_Unidad de valor real"
"2003/12/08";137,577;"UVR_Unidad de valor real"
"2003/12/09";137,5797;"UVR_Unidad de valor real"
"2003/12/10";137,5825;"UVR_Unidad de valor real"
"2003/12/11";137,5852;"UVR_Unidad de valor real"
"2003/12/12";137,588;"UVR_Unidad de valor real"
"2003/12/13";137,5907;"UVR_Unidad de valor real"
"2003/12/14";137,5935;"UVR_Unidad de valor real"
"2003/12/15";137,5962;"UVR_Unidad de valor real"
"2003/12/16";137,6117;"UVR_Unidad de valor real"
"2003/12/17";137,6272;"UVR_Unidad de valor real"
"2003/12/18";137,6427;"UVR_Unidad de valor real"
"2003/12/19";137,6582;"UVR_Unidad de valor real"
"2003/12/20";137,6738;"UVR_Unidad de valor real"
"2003/12/21";137,6893;"UVR_Unidad de valor real"
"2003/12/22";137,7048;"UVR_Unidad de valor real"
"2003/12/23";137,7203;"UVR_Unidad de valor real"
"2003/12/24";137,7358;"UVR_Unidad de valor real"
"2003/12/25";137,7514;"UVR_Unidad de valor real"
"2003/12/26";137,7669;"UVR_Unidad de valor real"
"2003/12/27";137,7824;"UVR_Unidad de valor real"
"2003/12/28";137,798;"UVR_Unidad de valor real"
"2003/12/29";137,8135;"UVR_Unidad de valor real"
"2003/12/30";137,829;"UVR_Unidad de valor real"
"2003/12/31";137,8446;"UVR_Unidad de valor real"
"2004/01/01";137,8601;"UVR_Unidad de valor real"
"2004/01/02";137,8756;"UVR_Unidad de valor real"
"2004/01/03";137,8912;"UVR_Unidad de valor real"
"2004/01/04";137,9067;"UVR_Unidad de valor real"
"2004/01/05";137,9223;"UVR_Unidad de valor real"
"2004/01/06";137,9378;"UVR_Unidad de valor real"
"2004/01/07";137,9533;"UVR_Unidad de valor real"
"2004/01/08";137,9689;"UVR_Unidad de valor real"
"2004/01/09";137,9844;"UVR_Unidad de valor real"
"2004/01/10";138;"UVR_Unidad de valor real"
"2004/01/11";138,0156;"UVR_Unidad de valor real"
"2004/01/12";138,0311;"UVR_Unidad de valor real"
"2004/01/13";138,0467;"UVR_Unidad de valor real"
"2004/01/14";138,0622;"UVR_Unidad de valor real"
"2004/01/15";138,0778;"UVR_Unidad de valor real"
"2004/01/16";138,1049;"UVR_Unidad de valor real"
"2004/01/17";138,132;"UVR_Unidad de valor real"
"2004/01/18";138,1591;"UVR_Unidad de valor real"
"2004/01/19";138,1862;"UVR_Unidad de valor real"
"2004/01/20";138,2133;"UVR_Unidad de valor real"
"2004/01/21";138,2404;"UVR_Unidad de valor real"
"2004/01/22";138,2675;"UVR_Unidad de valor real"
"2004/01/23";138,2947;"UVR_Unidad de valor real"
"2004/01/24";138,3218;"UVR_Unidad de valor real"
"2004/01/25";138,3489;"UVR_Unidad de valor real"
"2004/01/26";138,3761;"UVR_Unidad de valor real"
"2004/01/27";138,4032;"UVR_Unidad de valor real"
"2004/01/28";138,4304;"UVR_Unidad de valor real"
"2004/01/29";138,4575;"UVR_Unidad de valor real"
"2004/01/30";138,4847;"UVR_Unidad de valor real"
"2004/01/31";138,5119;"UVR_Unidad de valor real"
"2004/02/01";138,5391;"UVR_Unidad de valor real"
"2004/02/02";138,5662;"UVR_Unidad de valor real"
"2004/02/03";138,5934;"UVR_Unidad de valor real"
"2004/02/04";138,6206;"UVR_Unidad de valor real"
"2004/02/05";138,6478;"UVR_Unidad de valor real"
"2004/02/06";138,675;"UVR_Unidad de valor real"
"2004/02/07";138,7022;"UVR_Unidad de valor real"
"2004/02/08";138,7294;"UVR_Unidad de valor real"
"2004/02/09";138,7567;"UVR_Unidad de valor real"
"2004/02/10";138,7839;"UVR_Unidad de valor real"
"2004/02/11";138,8111;"UVR_Unidad de valor real"
"2004/02/12";138,8383;"UVR_Unidad de valor real"
"2004/02/13";138,8656;"UVR_Unidad de valor real"
"2004/02/14";138,8928;"UVR_Unidad de valor real"
"2004/02/15";138,9201;"UVR_Unidad de valor real"
"2004/02/16";138,9626;"UVR_Unidad de valor real"
"2004/02/17";139,005;"UVR_Unidad de valor real"
"2004/02/18";139,0475;"UVR_Unidad de valor real"
"2004/02/19";139,09;"UVR_Unidad de valor real"
"2004/02/20";139,1325;"UVR_Unidad de valor real"
"2004/02/21";139,175;"UVR_Unidad de valor real"
"2004/02/22";139,2175;"UVR_Unidad de valor real"
"2004/02/23";139,2601;"UVR_Unidad de valor real"
"2004/02/24";139,3026;"UVR_Unidad de valor real"
"2004/02/25";139,3452;"UVR_Unidad de valor real"
"2004/02/26";139,3878;"UVR_Unidad de valor real"
"2004/02/27";139,4304;"UVR_Unidad de valor real"
"2004/02/28";139,473;"UVR_Unidad de valor real"
"2004/02/29";139,5156;"UVR_Unidad de valor real"
"2004/03/01";139,5582;"UVR_Unidad de valor real"
"2004/03/02";139,6009;"UVR_Unidad de valor real"
"2004/03/03";139,6436;"UVR_Unidad de valor real"
"2004/03/04";139,6862;"UVR_Unidad de valor real"
"2004/03/05";139,7289;"UVR_Unidad de valor real"
"2004/03/06";139,7716;"UVR_Unidad de valor real"
"2004/03/07";139,8143;"UVR_Unidad de valor real"
"2004/03/08";139,857;"UVR_Unidad de valor real"
"2004/03/09";139,8998;"UVR_Unidad de valor real"
"2004/03/10";139,9425;"UVR_Unidad de valor real"
"2004/03/11";139,9853;"UVR_Unidad de valor real"
"2004/03/12";140,0281;"UVR_Unidad de valor real"
"2004/03/13";140,0709;"UVR_Unidad de valor real"
"2004/03/14";140,1137;"UVR_Unidad de valor real"
"2004/03/15";140,1565;"UVR_Unidad de valor real"
"2004/03/16";140,2104;"UVR_Unidad de valor real"
"2004/03/17";140,2644;"UVR_Unidad de valor real"
"2004/03/18";140,3184;"UVR_Unidad de valor real"
"2004/03/19";140,3724;"UVR_Unidad de valor real"
"2004/03/20";140,4264;"UVR_Unidad de valor real"
"2004/03/21";140,4805;"UVR_Unidad de valor real"
"2004/03/22";140,5345;"UVR_Unidad de valor real"
"2004/03/23";140,5886;"UVR_Unidad de valor real"
"2004/03/24";140,6427;"UVR_Unidad de valor real"
"2004/03/25";140,6969;"UVR_Unidad de valor real"
"2004/03/26";140,751;"UVR_Unidad de valor real"
"2004/03/27";140,8052;"UVR_Unidad de valor real"
"2004/03/28";140,8594;"UVR_Unidad de valor real"
"2004/03/29";140,9136;"UVR_Unidad de valor real"
"2004/03/30";140,9678;"UVR_Unidad de valor real"
"2004/03/31";141,0221;"UVR_Unidad de valor real"
"2004/04/01";141,0763;"UVR_Unidad de valor real"
"2004/04/02";141,1306;"UVR_Unidad de valor real"
"2004/04/03";141,1849;"UVR_Unidad de valor real"
"2004/04/04";141,2393;"UVR_Unidad de valor real"
"2004/04/05";141,2936;"UVR_Unidad de valor real"
"2004/04/06";141,348;"UVR_Unidad de valor real"
"2004/04/07";141,4024;"UVR_Unidad de valor real"
"2004/04/08";141,4568;"UVR_Unidad de valor real"
"2004/04/09";141,5113;"UVR_Unidad de valor real"
"2004/04/10";141,5657;"UVR_Unidad de valor real"
"2004/04/11";141,6202;"UVR_Unidad de valor real"
"2004/04/12";141,6747;"UVR_Unidad de valor real"
"2004/04/13";141,7293;"UVR_Unidad de valor real"
"2004/04/14";141,7838;"UVR_Unidad de valor real"
"2004/04/15";141,8384;"UVR_Unidad de valor real"
"2004/04/16";141,8845;"UVR_Unidad de valor real"
"2004/04/17";141,9306;"UVR_Unidad de valor real"
"2004/04/18";141,9768;"UVR_Unidad de valor real"
"2004/04/19";142,023;"UVR_Unidad de valor real"
"2004/04/20";142,0691;"UVR_Unidad de valor real"
"2004/04/21";142,1153;"UVR_Unidad de valor real"
"2004/04/22";142,1615;"UVR_Unidad de valor real"
"2004/04/23";142,2077;"UVR_Unidad de valor real"
"2004/04/24";142,254;"UVR_Unidad de valor real"
"2004/04/25";142,3002;"UVR_Unidad de valor real"
"2004/04/26";142,3465;"UVR_Unidad de valor real"
"2004/04/27";142,3928;"UVR_Unidad de valor real"
"2004/04/28";142,4391;"UVR_Unidad de valor real"
"2004/04/29";142,4854;"UVR_Unidad de valor real"
"2004/04/30";142,5317;"UVR_Unidad de valor real"
"2004/05/01";142,5781;"UVR_Unidad de valor real"
"2004/05/02";142,6244;"UVR_Unidad de valor real"
"2004/05/03";142,6708;"UVR_Unidad de valor real"
"2004/05/04";142,7172;"UVR_Unidad de valor real"
"2004/05/05";142,7636;"UVR_Unidad de valor real"
"2004/05/06";142,81;"UVR_Unidad de valor real"
"2004/05/07";142,8564;"UVR_Unidad de valor real"
"2004/05/08";142,9029;"UVR_Unidad de valor real"
"2004/05/09";142,9493;"UVR_Unidad de valor real"
"2004/05/10";142,9958;"UVR_Unidad de valor real"
"2004/05/11";143,0423;"UVR_Unidad de valor real"
"2004/05/12";143,0888;"UVR_Unidad de valor real"
"2004/05/13";143,1353;"UVR_Unidad de valor real"
"2004/05/14";143,1819;"UVR_Unidad de valor real"
"2004/05/15";143,2284;"UVR_Unidad de valor real"
"2004/05/16";143,2496;"UVR_Unidad de valor real"
"2004/05/17";143,2708;"UVR_Unidad de valor real"
"2004/05/18";143,292;"UVR_Unidad de valor real"
"2004/05/19";143,3132;"UVR_Unidad de valor real"
"2004/05/20";143,3345;"UVR_Unidad de valor real"
"2004/05/21";143,3557;"UVR_Unidad de valor real"
"2004/05/22";143,3769;"UVR_Unidad de valor real"
"2004/05/23";143,3981;"UVR_Unidad de valor real"
"2004/05/24";143,4194;"UVR_Unidad de valor real"
"2004/05/25";143,4406;"UVR_Unidad de valor real"
"2004/05/26";143,4618;"UVR_Unidad de valor real"
"2004/05/27";143,4831;"UVR_Unidad de valor real"
"2004/05/28";143,5043;"UVR_Unidad de valor real"
"2004/05/29";143,5256;"UVR_Unidad de valor real"
"2004/05/30";143,5468;"UVR_Unidad de valor real"
"2004/05/31";143,5681;"UVR_Unidad de valor real"
"2004/06/01";143,5893;"UVR_Unidad de valor real"
"2004/06/02";143,6106;"UVR_Unidad de valor real"
"2004/06/03";143,6319;"UVR_Unidad de valor real"
"2004/06/04";143,6531;"UVR_Unidad de valor real"
"2004/06/05";143,6744;"UVR_Unidad de valor real"
"2004/06/06";143,6957;"UVR_Unidad de valor real"
"2004/06/07";143,7169;"UVR_Unidad de valor real"
"2004/06/08";143,7382;"UVR_Unidad de valor real"
"2004/06/09";143,7595;"UVR_Unidad de valor real"
"2004/06/10";143,7808;"UVR_Unidad de valor real"
"2004/06/11";143,8021;"UVR_Unidad de valor real"
"2004/06/12";143,8234;"UVR_Unidad de valor real"
"2004/06/13";143,8447;"UVR_Unidad de valor real"
"2004/06/14";143,866;"UVR_Unidad de valor real"
"2004/06/15";143,8873;"UVR_Unidad de valor real"
"2004/06/16";143,9055;"UVR_Unidad de valor real"
"2004/06/17";143,9237;"UVR_Unidad de valor real"
"2004/06/18";143,9419;"UVR_Unidad de valor real"
"2004/06/19";143,9601;"UVR_Unidad de valor real"
"2004/06/20";143,9783;"UVR_Unidad de valor real"
"2004/06/21";143,9965;"UVR_Unidad de valor real"
"2004/06/22";144,0147;"UVR_Unidad de valor real"
"2004/06/23";144,0329;"UVR_Unidad de valor real"
"2004/06/24";144,0511;"UVR_Unidad de valor real"
"2004/06/25";144,0693;"UVR_Unidad de valor real"
"2004/06/26";144,0875;"UVR_Unidad de valor real"
"2004/06/27";144,1058;"UVR_Unidad de valor real"
"2004/06/28";144,124;"UVR_Unidad de valor real"
"2004/06/29";144,1422;"UVR_Unidad de valor real"
"2004/06/30";144,1604;"UVR_Unidad de valor real"
"2004/07/01";144,1787;"UVR_Unidad de valor real"
"2004/07/02";144,1969;"UVR_Unidad de valor real"
"2004/07/03";144,2151;"UVR_Unidad de valor real"
"2004/07/04";144,2333;"UVR_Unidad de valor real"
"2004/07/05";144,2516;"UVR_Unidad de valor real"
"2004/07/06";144,2698;"UVR_Unidad de valor real"
"2004/07/07";144,2881;"UVR_Unidad de valor real"
"2004/07/08";144,3063;"UVR_Unidad de valor real"
"2004/07/09";144,3246;"UVR_Unidad de valor real"
"2004/07/10";144,3428;"UVR_Unidad de valor real"
"2004/07/11";144,361;"UVR_Unidad de valor real"
"2004/07/12";144,3793;"UVR_Unidad de valor real"
"2004/07/13";144,3976;"UVR_Unidad de valor real"
"2004/07/14";144,4158;"UVR_Unidad de valor real"
"2004/07/15";144,4341;"UVR_Unidad de valor real"
"2004/07/16";144,462;"UVR_Unidad de valor real"
"2004/07/17";144,4899;"UVR_Unidad de valor real"
"2004/07/18";144,5177;"UVR_Unidad de valor real"
"2004/07/19";144,5456;"UVR_Unidad de valor real"
"2004/07/20";144,5735;"UVR_Unidad de valor real"
"2004/07/21";144,6014;"UVR_Unidad de valor real"
"2004/07/22";144,6293;"UVR_Unidad de valor real"
"2004/07/23";144,6572;"UVR_Unidad de valor real"
"2004/07/24";144,6852;"UVR_Unidad de valor real"
"2004/07/25";144,7131;"UVR_Unidad de valor real"
"2004/07/26";144,741;"UVR_Unidad de valor real"
"2004/07/27";144,7689;"UVR_Unidad de valor real"
"2004/07/28";144,7969;"UVR_Unidad de valor real"
"2004/07/29";144,8248;"UVR_Unidad de valor real"
"2004/07/30";144,8528;"UVR_Unidad de valor real"
"2004/07/31";144,8807;"UVR_Unidad de valor real"
"2004/08/01";144,9087;"UVR_Unidad de valor real"
"2004/08/02";144,9367;"UVR_Unidad de valor real"
"2004/08/03";144,9646;"UVR_Unidad de valor real"
"2004/08/04";144,9926;"UVR_Unidad de valor real"
"2004/08/05";145,0206;"UVR_Unidad de valor real"
"2004/08/06";145,0486;"UVR_Unidad de valor real"
"2004/08/07";145,0766;"UVR_Unidad de valor real"
"2004/08/08";145,1046;"UVR_Unidad de valor real"
"2004/08/09";145,1326;"UVR_Unidad de valor real"
"2004/08/10";145,1606;"UVR_Unidad de valor real"
"2004/08/11";145,1886;"UVR_Unidad de valor real"
"2004/08/12";145,2166;"UVR_Unidad de valor real"
"2004/08/13";145,2446;"UVR_Unidad de valor real"
"2004/08/14";145,2727;"UVR_Unidad de valor real"
"2004/08/15";145,3007;"UVR_Unidad de valor real"
"2004/08/16";145,2993;"UVR_Unidad de valor real"
"2004/08/17";145,2979;"UVR_Unidad de valor real"
"2004/08/18";145,2965;"UVR_Unidad de valor real"
"2004/08/19";145,2951;"UVR_Unidad de valor real"
"2004/08/20";145,2937;"UVR_Unidad de valor real"
"2004/08/21";145,2923;"UVR_Unidad de valor real"
"2004/08/22";145,2909;"UVR_Unidad de valor real"
"2004/08/23";145,2894;"UVR_Unidad de valor real"
"2004/08/24";145,288;"UVR_Unidad de valor real"
"2004/08/25";145,2866;"UVR_Unidad de valor real"
"2004/08/26";145,2852;"UVR_Unidad de valor real"
"2004/08/27";145,2838;"UVR_Unidad de valor real"
"2004/08/28";145,2824;"UVR_Unidad de valor real"
"2004/08/29";145,281;"UVR_Unidad de valor real"
"2004/08/30";145,2796;"UVR_Unidad de valor real"
"2004/08/31";145,2782;"UVR_Unidad de valor real"
"2004/09/01";145,2768;"UVR_Unidad de valor real"
"2004/09/02";145,2754;"UVR_Unidad de valor real"
"2004/09/03";145,274;"UVR_Unidad de valor real"
"2004/09/04";145,2726;"UVR_Unidad de valor real"
"2004/09/05";145,2712;"UVR_Unidad de valor real"
"2004/09/06";145,2698;"UVR_Unidad de valor real"
"2004/09/07";145,2684;"UVR_Unidad de valor real"
"2004/09/08";145,267;"UVR_Unidad de valor real"
"2004/09/09";145,2655;"UVR_Unidad de valor real"
"2004/09/10";145,2641;"UVR_Unidad de valor real"
"2004/09/11";145,2627;"UVR_Unidad de valor real"
"2004/09/12";145,2613;"UVR_Unidad de valor real"
"2004/09/13";145,2599;"UVR_Unidad de valor real"
"2004/09/14";145,2585;"UVR_Unidad de valor real"
"2004/09/15";145,2571;"UVR_Unidad de valor real"
"2004/09/16";145,2586;"UVR_Unidad de valor real"
"2004/09/17";145,26;"UVR_Unidad de valor real"
"2004/09/18";145,2615;"UVR_Unidad de valor real"
"2004/09/19";145,2629;"UVR_Unidad de valor real"
"2004/09/20";145,2644;"UVR_Unidad de valor real"
"2004/09/21";145,2658;"UVR_Unidad de valor real"
"2004/09/22";145,2673;"UVR_Unidad de valor real"
"2004/09/23";145,2687;"UVR_Unidad de valor real"
"2004/09/24";145,2702;"UVR_Unidad de valor real"
"2004/09/25";145,2716;"UVR_Unidad de valor real"
"2004/09/26";145,2731;"UVR_Unidad de valor real"
"2004/09/27";145,2745;"UVR_Unidad de valor real"
"2004/09/28";145,276;"UVR_Unidad de valor real"
"2004/09/29";145,2774;"UVR_Unidad de valor real"
"2004/09/30";145,2789;"UVR_Unidad de valor real"
"2004/10/01";145,2803;"UVR_Unidad de valor real"
"2004/10/02";145,2818;"UVR_Unidad de valor real"
"2004/10/03";145,2832;"UVR_Unidad de valor real"
"2004/10/04";145,2847;"UVR_Unidad de valor real"
"2004/10/05";145,2861;"UVR_Unidad de valor real"
"2004/10/06";145,2876;"UVR_Unidad de valor real"
"2004/10/07";145,2891;"UVR_Unidad de valor real"
"2004/10/08";145,2905;"UVR_Unidad de valor real"
"2004/10/09";145,292;"UVR_Unidad de valor real"
"2004/10/10";145,2934;"UVR_Unidad de valor real"
"2004/10/11";145,2949;"UVR_Unidad de valor real"
"2004/10/12";145,2963;"UVR_Unidad de valor real"
"2004/10/13";145,2978;"UVR_Unidad de valor real"
"2004/10/14";145,2992;"UVR_Unidad de valor real"
"2004/10/15";145,3007;"UVR_Unidad de valor real"
"2004/10/16";145,3147;"UVR_Unidad de valor real"
"2004/10/17";145,3288;"UVR_Unidad de valor real"
"2004/10/18";145,3428;"UVR_Unidad de valor real"
"2004/10/19";145,3569;"UVR_Unidad de valor real"
"2004/10/20";145,3709;"UVR_Unidad de valor real"
"2004/10/21";145,385;"UVR_Unidad de valor real"
"2004/10/22";145,399;"UVR_Unidad de valor real"
"2004/10/23";145,4131;"UVR_Unidad de valor real"
"2004/10/24";145,4271;"UVR_Unidad de valor real"
"2004/10/25";145,4412;"UVR_Unidad de valor real"
"2004/10/26";145,4552;"UVR_Unidad de valor real"
"2004/10/27";145,4693;"UVR_Unidad de valor real"
"2004/10/28";145,4833;"UVR_Unidad de valor real"
"2004/10/29";145,4974;"UVR_Unidad de valor real"
"2004/10/30";145,5115;"UVR_Unidad de valor real"
"2004/10/31";145,5255;"UVR_Unidad de valor real"
"2004/11/01";145,5396;"UVR_Unidad de valor real"
"2004/11/02";145,5536;"UVR_Unidad de valor real"
"2004/11/03";145,5677;"UVR_Unidad de valor real"
"2004/11/04";145,5818;"UVR_Unidad de valor real"
"2004/11/05";145,5958;"UVR_Unidad de valor real"
"2004/11/06";145,6099;"UVR_Unidad de valor real"
"2004/11/07";145,624;"UVR_Unidad de valor real"
"2004/11/08";145,6381;"UVR_Unidad de valor real"
"2004/11/09";145,6521;"UVR_Unidad de valor real"
"2004/11/10";145,6662;"UVR_Unidad de valor real"
"2004/11/11";145,6803;"UVR_Unidad de valor real"
"2004/11/12";145,6944;"UVR_Unidad de valor real"
"2004/11/13";145,7084;"UVR_Unidad de valor real"
"2004/11/14";145,7225;"UVR_Unidad de valor real"
"2004/11/15";145,7366;"UVR_Unidad de valor real"
"2004/11/16";145,7361;"UVR_Unidad de valor real"
"2004/11/17";145,7356;"UVR_Unidad de valor real"
"2004/11/18";145,7351;"UVR_Unidad de valor real"
"2004/11/19";145,7347;"UVR_Unidad de valor real"
"2004/11/20";145,7342;"UVR_Unidad de valor real"
"2004/11/21";145,7337;"UVR_Unidad de valor real"
"2004/11/22";145,7332;"UVR_Unidad de valor real"
"2004/11/23";145,7327;"UVR_Unidad de valor real"
"2004/11/24";145,7322;"UVR_Unidad de valor real"
"2004/11/25";145,7317;"UVR_Unidad de valor real"
"2004/11/26";145,7313;"UVR_Unidad de valor real"
"2004/11/27";145,7308;"UVR_Unidad de valor real"
"2004/11/28";145,7303;"UVR_Unidad de valor real"
"2004/11/29";145,7298;"UVR_Unidad de valor real"
"2004/11/30";145,7293;"UVR_Unidad de valor real"
"2004/12/01";145,7288;"UVR_Unidad de valor real"
"2004/12/02";145,7283;"UVR_Unidad de valor real"
"2004/12/03";145,7279;"UVR_Unidad de valor real"
"2004/12/04";145,7274;"UVR_Unidad de valor real"
"2004/12/05";145,7269;"UVR_Unidad de valor real"
"2004/12/06";145,7264;"UVR_Unidad de valor real"
"2004/12/07";145,7259;"UVR_Unidad de valor real"
"2004/12/08";145,7254;"UVR_Unidad de valor real"
"2004/12/09";145,7249;"UVR_Unidad de valor real"
"2004/12/10";145,7245;"UVR_Unidad de valor real"
"2004/12/11";145,724;"UVR_Unidad de valor real"
"2004/12/12";145,7235;"UVR_Unidad de valor real"
"2004/12/13";145,723;"UVR_Unidad de valor real"
"2004/12/14";145,7225;"UVR_Unidad de valor real"
"2004/12/15";145,722;"UVR_Unidad de valor real"
"2004/12/16";145,7351;"UVR_Unidad de valor real"
"2004/12/17";145,7483;"UVR_Unidad de valor real"
"2004/12/18";145,7614;"UVR_Unidad de valor real"
"2004/12/19";145,7746;"UVR_Unidad de valor real"
"2004/12/20";145,7877;"UVR_Unidad de valor real"
"2004/12/21";145,8009;"UVR_Unidad de valor real"
"2004/12/22";145,814;"UVR_Unidad de valor real"
"2004/12/23";145,8272;"UVR_Unidad de valor real"
"2004/12/24";145,8403;"UVR_Unidad de valor real"
"2004/12/25";145,8535;"UVR_Unidad de valor real"
"2004/12/26";145,8667;"UVR_Unidad de valor real"
"2004/12/27";145,8798;"UVR_Unidad de valor real"
"2004/12/28";145,893;"UVR_Unidad de valor real"
"2004/12/29";145,9061;"UVR_Unidad de valor real"
"2004/12/30";145,9193;"UVR_Unidad de valor real"
"2004/12/31";145,9324;"UVR_Unidad de valor real"
"2005/01/01";145,9456;"UVR_Unidad de valor real"
"2005/01/02";145,9588;"UVR_Unidad de valor real"
"2005/01/03";145,9719;"UVR_Unidad de valor real"
"2005/01/04";145,9851;"UVR_Unidad de valor real"
"2005/01/05";145,9983;"UVR_Unidad de valor real"
"2005/01/06";146,0114;"UVR_Unidad de valor real"
"2005/01/07";146,0246;"UVR_Unidad de valor real"
"2005/01/08";146,0378;"UVR_Unidad de valor real"
"2005/01/09";146,051;"UVR_Unidad de valor real"
"2005/01/10";146,0641;"UVR_Unidad de valor real"
"2005/01/11";146,0773;"UVR_Unidad de valor real"
"2005/01/12";146,0905;"UVR_Unidad de valor real"
"2005/01/13";146,1037;"UVR_Unidad de valor real"
"2005/01/14";146,1168;"UVR_Unidad de valor real"
"2005/01/15";146,13;"UVR_Unidad de valor real"
"2005/01/16";146,1441;"UVR_Unidad de valor real"
"2005/01/17";146,1582;"UVR_Unidad de valor real"
"2005/01/18";146,1724;"UVR_Unidad de valor real"
"2005/01/19";146,1865;"UVR_Unidad de valor real"
"2005/01/20";146,2006;"UVR_Unidad de valor real"
"2005/01/21";146,2147;"UVR_Unidad de valor real"
"2005/01/22";146,2289;"UVR_Unidad de valor real"
"2005/01/23";146,243;"UVR_Unidad de valor real"
"2005/01/24";146,2571;"UVR_Unidad de valor real"
"2005/01/25";146,2713;"UVR_Unidad de valor real"
"2005/01/26";146,2854;"UVR_Unidad de valor real"
"2005/01/27";146,2995;"UVR_Unidad de valor real"
"2005/01/28";146,3137;"UVR_Unidad de valor real"
"2005/01/29";146,3278;"UVR_Unidad de valor real"
"2005/01/30";146,342;"UVR_Unidad de valor real"
"2005/01/31";146,3561;"UVR_Unidad de valor real"
"2005/02/01";146,3702;"UVR_Unidad de valor real"
"2005/02/02";146,3844;"UVR_Unidad de valor real"
"2005/02/03";146,3985;"UVR_Unidad de valor real"
"2005/02/04";146,4127;"UVR_Unidad de valor real"
"2005/02/05";146,4268;"UVR_Unidad de valor real"
"2005/02/06";146,441;"UVR_Unidad de valor real"
"2005/02/07";146,4551;"UVR_Unidad de valor real"
"2005/02/08";146,4693;"UVR_Unidad de valor real"
"2005/02/09";146,4834;"UVR_Unidad de valor real"
"2005/02/10";146,4976;"UVR_Unidad de valor real"
"2005/02/11";146,5117;"UVR_Unidad de valor real"
"2005/02/12";146,5259;"UVR_Unidad de valor real"
"2005/02/13";146,5401;"UVR_Unidad de valor real"
"2005/02/14";146,5542;"UVR_Unidad de valor real"
"2005/02/15";146,5684;"UVR_Unidad de valor real"
"2005/02/16";146,6112;"UVR_Unidad de valor real"
"2005/02/17";146,6539;"UVR_Unidad de valor real"
"2005/02/18";146,6967;"UVR_Unidad de valor real"
"2005/02/19";146,7395;"UVR_Unidad de valor real"
"2005/02/20";146,7823;"UVR_Unidad de valor real"
"2005/02/21";146,8251;"UVR_Unidad de valor real"
"2005/02/22";146,8679;"UVR_Unidad de valor real"
"2005/02/23";146,9108;"UVR_Unidad de valor real"
"2005/02/24";146,9536;"UVR_Unidad de valor real"
"2005/02/25";146,9965;"UVR_Unidad de valor real"
"2005/02/26";147,0394;"UVR_Unidad de valor real"
"2005/02/27";147,0823;"UVR_Unidad de valor real"
"2005/02/28";147,1252;"UVR_Unidad de valor real"
"2005/03/01";147,1681;"UVR_Unidad de valor real"
"2005/03/02";147,211;"UVR_Unidad de valor real"
"2005/03/03";147,254;"UVR_Unidad de valor real"
"2005/03/04";147,2969;"UVR_Unidad de valor real"
"2005/03/05";147,3399;"UVR_Unidad de valor real"
"2005/03/06";147,3829;"UVR_Unidad de valor real"
"2005/03/07";147,4259;"UVR_Unidad de valor real"
"2005/03/08";147,4689;"UVR_Unidad de valor real"
"2005/03/09";147,5119;"UVR_Unidad de valor real"
"2005/03/10";147,5549;"UVR_Unidad de valor real"
"2005/03/11";147,598;"UVR_Unidad de valor real"
"2005/03/12";147,641;"UVR_Unidad de valor real"
"2005/03/13";147,6841;"UVR_Unidad de valor real"
"2005/03/14";147,7272;"UVR_Unidad de valor real"
"2005/03/15";147,7703;"UVR_Unidad de valor real"
"2005/03/16";147,8187;"UVR_Unidad de valor real"
"2005/03/17";147,8671;"UVR_Unidad de valor real"
"2005/03/18";147,9155;"UVR_Unidad de valor real"
"2005/03/19";147,9639;"UVR_Unidad de valor real"
"2005/03/20";148,0124;"UVR_Unidad de valor real"
"2005/03/21";148,0608;"UVR_Unidad de valor real"
"2005/03/22";148,1093;"UVR_Unidad de valor real"
"2005/03/23";148,1578;"UVR_Unidad de valor real"
"2005/03/24";148,2063;"UVR_Unidad de valor real"
"2005/03/25";148,2548;"UVR_Unidad de valor real"
"2005/03/26";148,3034;"UVR_Unidad de valor real"
"2005/03/27";148,3519;"UVR_Unidad de valor real"
"2005/03/28";148,4005;"UVR_Unidad de valor real"
"2005/03/29";148,4491;"UVR_Unidad de valor real"
"2005/03/30";148,4977;"UVR_Unidad de valor real"
"2005/03/31";148,5463;"UVR_Unidad de valor real"
"2005/04/01";148,595;"UVR_Unidad de valor real"
"2005/04/02";148,6436;"UVR_Unidad de valor real"
"2005/04/03";148,6923;"UVR_Unidad de valor real"
"2005/04/04";148,741;"UVR_Unidad de valor real"
"2005/04/05";148,7897;"UVR_Unidad de valor real"
"2005/04/06";148,8384;"UVR_Unidad de valor real"
"2005/04/07";148,8871;"UVR_Unidad de valor real"
"2005/04/08";148,9359;"UVR_Unidad de valor real"
"2005/04/09";148,9846;"UVR_Unidad de valor real"
"2005/04/10";149,0334;"UVR_Unidad de valor real"
"2005/04/11";149,0822;"UVR_Unidad de valor real"
"2005/04/12";149,131;"UVR_Unidad de valor real"
"2005/04/13";149,1799;"UVR_Unidad de valor real"
"2005/04/14";149,2287;"UVR_Unidad de valor real"
"2005/04/15";149,2776;"UVR_Unidad de valor real"
"2005/04/16";149,3158;"UVR_Unidad de valor real"
"2005/04/17";149,354;"UVR_Unidad de valor real"
"2005/04/18";149,3921;"UVR_Unidad de valor real"
"2005/04/19";149,4303;"UVR_Unidad de valor real"
"2005/04/20";149,4686;"UVR_Unidad de valor real"
"2005/04/21";149,5068;"UVR_Unidad de valor real"
"2005/04/22";149,545;"UVR_Unidad de valor real"
"2005/04/23";149,5833;"UVR_Unidad de valor real"
"2005/04/24";149,6215;"UVR_Unidad de valor real"
"2005/04/25";149,6598;"UVR_Unidad de valor real"
"2005/04/26";149,698;"UVR_Unidad de valor real"
"2005/04/27";149,7363;"UVR_Unidad de valor real"
"2005/04/28";149,7746;"UVR_Unidad de valor real"
"2005/04/29";149,8129;"UVR_Unidad de valor real"
"2005/04/30";149,8512;"UVR_Unidad de valor real"
"2005/05/01";149,8895;"UVR_Unidad de valor real"
"2005/05/02";149,9279;"UVR_Unidad de valor real"
"2005/05/03";149,9662;"UVR_Unidad de valor real"
"2005/05/04";150,0046;"UVR_Unidad de valor real"
"2005/05/05";150,0429;"UVR_Unidad de valor real"
"2005/05/06";150,0813;"UVR_Unidad de valor real"
"2005/05/07";150,1197;"UVR_Unidad de valor real"
"2005/05/08";150,158;"UVR_Unidad de valor real"
"2005/05/09";150,1964;"UVR_Unidad de valor real"
"2005/05/10";150,2349;"UVR_Unidad de valor real"
"2005/05/11";150,2733;"UVR_Unidad de valor real"
"2005/05/12";150,3117;"UVR_Unidad de valor real"
"2005/05/13";150,3501;"UVR_Unidad de valor real"
"2005/05/14";150,3886;"UVR_Unidad de valor real"
"2005/05/15";150,427;"UVR_Unidad de valor real"
"2005/05/16";150,4483;"UVR_Unidad de valor real"
"2005/05/17";150,4696;"UVR_Unidad de valor real"
"2005/05/18";150,4909;"UVR_Unidad de valor real"
"2005/05/19";150,5122;"UVR_Unidad de valor real"
"2005/05/20";150,5336;"UVR_Unidad de valor real"
"2005/05/21";150,5549;"UVR_Unidad de valor real"
"2005/05/22";150,5762;"UVR_Unidad de valor real"
"2005/05/23";150,5975;"UVR_Unidad de valor real"
"2005/05/24";150,6189;"UVR_Unidad de valor real"
"2005/05/25";150,6402;"UVR_Unidad de valor real"
"2005/05/26";150,6615;"UVR_Unidad de valor real"
"2005/05/27";150,6829;"UVR_Unidad de valor real"
"2005/05/28";150,7042;"UVR_Unidad de valor real"
"2005/05/29";150,7256;"UVR_Unidad de valor real"
"2005/05/30";150,7469;"UVR_Unidad de valor real"
"2005/05/31";150,7683;"UVR_Unidad de valor real"
"2005/06/01";150,7896;"UVR_Unidad de valor real"
"2005/06/02";150,811;"UVR_Unidad de valor real"
"2005/06/03";150,8323;"UVR_Unidad de valor real"
"2005/06/04";150,8537;"UVR_Unidad de valor real"
"2005/06/05";150,8751;"UVR_Unidad de valor real"
"2005/06/06";150,8964;"UVR_Unidad de valor real"
"2005/06/07";150,9178;"UVR_Unidad de valor real"
"2005/06/08";150,9392;"UVR_Unidad de valor real"
"2005/06/09";150,9605;"UVR_Unidad de valor real"
"2005/06/10";150,9819;"UVR_Unidad de valor real"
"2005/06/11";151,0033;"UVR_Unidad de valor real"
"2005/06/12";151,0247;"UVR_Unidad de valor real"
"2005/06/13";151,0461;"UVR_Unidad de valor real"
"2005/06/14";151,0675;"UVR_Unidad de valor real"
"2005/06/15";151,0889;"UVR_Unidad de valor real"
"2005/06/16";151,1095;"UVR_Unidad de valor real"
"2005/06/17";151,1301;"UVR_Unidad de valor real"
"2005/06/18";151,1507;"UVR_Unidad de valor real"
"2005/06/19";151,1713;"UVR_Unidad de valor real"
"2005/06/20";151,192;"UVR_Unidad de valor real"
"2005/06/21";151,2126;"UVR_Unidad de valor real"
"2005/06/22";151,2332;"UVR_Unidad de valor real"
"2005/06/23";151,2538;"UVR_Unidad de valor real"
"2005/06/24";151,2745;"UVR_Unidad de valor real"
"2005/06/25";151,2951;"UVR_Unidad de valor real"
"2005/06/26";151,3157;"UVR_Unidad de valor real"
"2005/06/27";151,3364;"UVR_Unidad de valor real"
"2005/06/28";151,357;"UVR_Unidad de valor real"
"2005/06/29";151,3777;"UVR_Unidad de valor real"
"2005/06/30";151,3983;"UVR_Unidad de valor real"
"2005/07/01";151,419;"UVR_Unidad de valor real"
"2005/07/02";151,4396;"UVR_Unidad de valor real"
"2005/07/03";151,4603;"UVR_Unidad de valor real"
"2005/07/04";151,4809;"UVR_Unidad de valor real"
"2005/07/05";151,5016;"UVR_Unidad de valor real"
"2005/07/06";151,5223;"UVR_Unidad de valor real"
"2005/07/07";151,5429;"UVR_Unidad de valor real"
"2005/07/08";151,5636;"UVR_Unidad de valor real"
"2005/07/09";151,5843;"UVR_Unidad de valor real"
"2005/07/10";151,6049;"UVR_Unidad de valor real"
"2005/07/11";151,6256;"UVR_Unidad de valor real"
"2005/07/12";151,6463;"UVR_Unidad de valor real"
"2005/07/13";151,667;"UVR_Unidad de valor real"
"2005/07/14";151,6877;"UVR_Unidad de valor real"
"2005/07/15";151,7084;"UVR_Unidad de valor real"
"2005/07/16";151,7279;"UVR_Unidad de valor real"
"2005/07/17";151,7475;"UVR_Unidad de valor real"
"2005/07/18";151,767;"UVR_Unidad de valor real"
"2005/07/19";151,7866;"UVR_Unidad de valor real"
"2005/07/20";151,8061;"UVR_Unidad de valor real"
"2005/07/21";151,8257;"UVR_Unidad de valor real"
"2005/07/22";151,8452;"UVR_Unidad de valor real"
"2005/07/23";151,8648;"UVR_Unidad de valor real"
"2005/07/24";151,8843;"UVR_Unidad de valor real"
"2005/07/25";151,9039;"UVR_Unidad de valor real"
"2005/07/26";151,9235;"UVR_Unidad de valor real"
"2005/07/27";151,943;"UVR_Unidad de valor real"
"2005/07/28";151,9626;"UVR_Unidad de valor real"
"2005/07/29";151,9822;"UVR_Unidad de valor real"
"2005/07/30";152,0017;"UVR_Unidad de valor real"
"2005/07/31";152,0213;"UVR_Unidad de valor real"
"2005/08/01";152,0409;"UVR_Unidad de valor real"
"2005/08/02";152,0605;"UVR_Unidad de valor real"
"2005/08/03";152,08;"UVR_Unidad de valor real"
"2005/08/04";152,0996;"UVR_Unidad de valor real"
"2005/08/05";152,1192;"UVR_Unidad de valor real"
"2005/08/06";152,1388;"UVR_Unidad de valor real"
"2005/08/07";152,1584;"UVR_Unidad de valor real"
"2005/08/08";152,178;"UVR_Unidad de valor real"
"2005/08/09";152,1976;"UVR_Unidad de valor real"
"2005/08/10";152,2172;"UVR_Unidad de valor real"
"2005/08/11";152,2368;"UVR_Unidad de valor real"
"2005/08/12";152,2564;"UVR_Unidad de valor real"
"2005/08/13";152,276;"UVR_Unidad de valor real"
"2005/08/14";152,2956;"UVR_Unidad de valor real"
"2005/08/15";152,3152;"UVR_Unidad de valor real"
"2005/08/16";152,3177;"UVR_Unidad de valor real"
"2005/08/17";152,3201;"UVR_Unidad de valor real"
"2005/08/18";152,3226;"UVR_Unidad de valor real"
"2005/08/19";152,325;"UVR_Unidad de valor real"
"2005/08/20";152,3275;"UVR_Unidad de valor real"
"2005/08/21";152,3299;"UVR_Unidad de valor real"
"2005/08/22";152,3324;"UVR_Unidad de valor real"
"2005/08/23";152,3348;"UVR_Unidad de valor real"
"2005/08/24";152,3373;"UVR_Unidad de valor real"
"2005/08/25";152,3398;"UVR_Unidad de valor real"
"2005/08/26";152,3422;"UVR_Unidad de valor real"
"2005/08/27";152,3447;"UVR_Unidad de valor real"
"2005/08/28";152,3471;"UVR_Unidad de valor real"
"2005/08/29";152,3496;"UVR_Unidad de valor real"
"2005/08/30";152,352;"UVR_Unidad de valor real"
"2005/08/31";152,3545;"UVR_Unidad de valor real"
"2005/09/01";152,357;"UVR_Unidad de valor real"
"2005/09/02";152,3594;"UVR_Unidad de valor real"
"2005/09/03";152,3619;"UVR_Unidad de valor real"
"2005/09/04";152,3643;"UVR_Unidad de valor real"
"2005/09/05";152,3668;"UVR_Unidad de valor real"
"2005/09/06";152,3692;"UVR_Unidad de valor real"
"2005/09/07";152,3717;"UVR_Unidad de valor real"
"2005/09/08";152,3742;"UVR_Unidad de valor real"
"2005/09/09";152,3766;"UVR_Unidad de valor real"
"2005/09/10";152,3791;"UVR_Unidad de valor real"
"2005/09/11";152,3815;"UVR_Unidad de valor real"
"2005/09/12";152,384;"UVR_Unidad de valor real"
"2005/09/13";152,3864;"UVR_Unidad de valor real"
"2005/09/14";152,3889;"UVR_Unidad de valor real"
"2005/09/15";152,3914;"UVR_Unidad de valor real"
"2005/09/16";152,3914;"UVR_Unidad de valor real"
"2005/09/17";152,3914;"UVR_Unidad de valor real"
"2005/09/18";152,3914;"UVR_Unidad de valor real"
"2005/09/19";152,3914;"UVR_Unidad de valor real"
"2005/09/20";152,3914;"UVR_Unidad de valor real"
"2005/09/21";152,3914;"UVR_Unidad de valor real"
"2005/09/22";152,3914;"UVR_Unidad de valor real"
"2005/09/23";152,3914;"UVR_Unidad de valor real"
"2005/09/24";152,3914;"UVR_Unidad de valor real"
"2005/09/25";152,3914;"UVR_Unidad de valor real"
"2005/09/26";152,3914;"UVR_Unidad de valor real"
"2005/09/27";152,3914;"UVR_Unidad de valor real"
"2005/09/28";152,3914;"UVR_Unidad de valor real"
"2005/09/29";152,3914;"UVR_Unidad de valor real"
"2005/09/30";152,3914;"UVR_Unidad de valor real"
"2005/10/01";152,3914;"UVR_Unidad de valor real"
"2005/10/02";152,3914;"UVR_Unidad de valor real"
"2005/10/03";152,3914;"UVR_Unidad de valor real"
"2005/10/04";152,3914;"UVR_Unidad de valor real"
"2005/10/05";152,3914;"UVR_Unidad de valor real"
"2005/10/06";152,3914;"UVR_Unidad de valor real"
"2005/10/07";152,3914;"UVR_Unidad de valor real"
"2005/10/08";152,3914;"UVR_Unidad de valor real"
"2005/10/09";152,3914;"UVR_Unidad de valor real"
"2005/10/10";152,3914;"UVR_Unidad de valor real"
"2005/10/11";152,3914;"UVR_Unidad de valor real"
"2005/10/12";152,3914;"UVR_Unidad de valor real"
"2005/10/13";152,3914;"UVR_Unidad de valor real"
"2005/10/14";152,3914;"UVR_Unidad de valor real"
"2005/10/15";152,3914;"UVR_Unidad de valor real"
"2005/10/16";152,4125;"UVR_Unidad de valor real"
"2005/10/17";152,4336;"UVR_Unidad de valor real"
"2005/10/18";152,4547;"UVR_Unidad de valor real"
"2005/10/19";152,4758;"UVR_Unidad de valor real"
"2005/10/20";152,4969;"UVR_Unidad de valor real"
"2005/10/21";152,518;"UVR_Unidad de valor real"
"2005/10/22";152,5391;"UVR_Unidad de valor real"
"2005/10/23";152,5602;"UVR_Unidad de valor real"
"2005/10/24";152,5814;"UVR_Unidad de valor real"
"2005/10/25";152,6025;"UVR_Unidad de valor real"
"2005/10/26";152,6236;"UVR_Unidad de valor real"
"2005/10/27";152,6447;"UVR_Unidad de valor real"
"2005/10/28";152,6659;"UVR_Unidad de valor real"
"2005/10/29";152,687;"UVR_Unidad de valor real"
"2005/10/30";152,7081;"UVR_Unidad de valor real"
"2005/10/31";152,7293;"UVR_Unidad de valor real"
"2005/11/01";152,7504;"UVR_Unidad de valor real"
"2005/11/02";152,7715;"UVR_Unidad de valor real"
"2005/11/03";152,7927;"UVR_Unidad de valor real"
"2005/11/04";152,8138;"UVR_Unidad de valor real"
"2005/11/05";152,835;"UVR_Unidad de valor real"
"2005/11/06";152,8561;"UVR_Unidad de valor real"
"2005/11/07";152,8773;"UVR_Unidad de valor real"
"2005/11/08";152,8985;"UVR_Unidad de valor real"
"2005/11/09";152,9196;"UVR_Unidad de valor real"
"2005/11/10";152,9408;"UVR_Unidad de valor real"
"2005/11/11";152,962;"UVR_Unidad de valor real"
"2005/11/12";152,9831;"UVR_Unidad de valor real"
"2005/11/13";153,0043;"UVR_Unidad de valor real"
"2005/11/14";153,0255;"UVR_Unidad de valor real"
"2005/11/15";153,0467;"UVR_Unidad de valor real"
"2005/11/16";153,0584;"UVR_Unidad de valor real"
"2005/11/17";153,0701;"UVR_Unidad de valor real"
"2005/11/18";153,0819;"UVR_Unidad de valor real"
"2005/11/19";153,0936;"UVR_Unidad de valor real"
"2005/11/20";153,1053;"UVR_Unidad de valor real"
"2005/11/21";153,117;"UVR_Unidad de valor real"
"2005/11/22";153,1288;"UVR_Unidad de valor real"
"2005/11/23";153,1405;"UVR_Unidad de valor real"
"2005/11/24";153,1522;"UVR_Unidad de valor real"
"2005/11/25";153,1639;"UVR_Unidad de valor real"
"2005/11/26";153,1757;"UVR_Unidad de valor real"
"2005/11/27";153,1874;"UVR_Unidad de valor real"
"2005/11/28";153,1991;"UVR_Unidad de valor real"
"2005/11/29";153,2109;"UVR_Unidad de valor real"
"2005/11/30";153,2226;"UVR_Unidad de valor real"
"2005/12/01";153,2343;"UVR_Unidad de valor real"
"2005/12/02";153,2461;"UVR_Unidad de valor real"
"2005/12/03";153,2578;"UVR_Unidad de valor real"
"2005/12/04";153,2695;"UVR_Unidad de valor real"
"2005/12/05";153,2813;"UVR_Unidad de valor real"
"2005/12/06";153,293;"UVR_Unidad de valor real"
"2005/12/07";153,3048;"UVR_Unidad de valor real"
"2005/12/08";153,3165;"UVR_Unidad de valor real"
"2005/12/09";153,3282;"UVR_Unidad de valor real"
"2005/12/10";153,34;"UVR_Unidad de valor real"
"2005/12/11";153,3517;"UVR_Unidad de valor real"
"2005/12/12";153,3635;"UVR_Unidad de valor real"
"2005/12/13";153,3752;"UVR_Unidad de valor real"
"2005/12/14";153,387;"UVR_Unidad de valor real"
"2005/12/15";153,3987;"UVR_Unidad de valor real"
"2005/12/16";153,4041;"UVR_Unidad de valor real"
"2005/12/17";153,4096;"UVR_Unidad de valor real"
"2005/12/18";153,415;"UVR_Unidad de valor real"
"2005/12/19";153,4205;"UVR_Unidad de valor real"
"2005/12/20";153,4259;"UVR_Unidad de valor real"
"2005/12/21";153,4313;"UVR_Unidad de valor real"
"2005/12/22";153,4368;"UVR_Unidad de valor real"
"2005/12/23";153,4422;"UVR_Unidad de valor real"
"2005/12/24";153,4477;"UVR_Unidad de valor real"
"2005/12/25";153,4531;"UVR_Unidad de valor real"
"2005/12/26";153,4586;"UVR_Unidad de valor real"
"2005/12/27";153,464;"UVR_Unidad de valor real"
"2005/12/28";153,4694;"UVR_Unidad de valor real"
"2005/12/29";153,4749;"UVR_Unidad de valor real"
"2005/12/30";153,4803;"UVR_Unidad de valor real"
"2005/12/31";153,4858;"UVR_Unidad de valor real"
"2006/01/01";153,4912;"UVR_Unidad de valor real"
"2006/01/02";153,4967;"UVR_Unidad de valor real"
"2006/01/03";153,5021;"UVR_Unidad de valor real"
"2006/01/04";153,5075;"UVR_Unidad de valor real"
"2006/01/05";153,513;"UVR_Unidad de valor real"
"2006/01/06";153,5184;"UVR_Unidad de valor real"
"2006/01/07";153,5239;"UVR_Unidad de valor real"
"2006/01/08";153,5293;"UVR_Unidad de valor real"
"2006/01/09";153,5348;"UVR_Unidad de valor real"
"2006/01/10";153,5402;"UVR_Unidad de valor real"
"2006/01/11";153,5457;"UVR_Unidad de valor real"
"2006/01/12";153,5511;"UVR_Unidad de valor real"
"2006/01/13";153,5565;"UVR_Unidad de valor real"
"2006/01/14";153,562;"UVR_Unidad de valor real"
"2006/01/15";153,5674;"UVR_Unidad de valor real"
"2006/01/16";153,5709;"UVR_Unidad de valor real"
"2006/01/17";153,5743;"UVR_Unidad de valor real"
"2006/01/18";153,5778;"UVR_Unidad de valor real"
"2006/01/19";153,5813;"UVR_Unidad de valor real"
"2006/01/20";153,5847;"UVR_Unidad de valor real"
"2006/01/21";153,5882;"UVR_Unidad de valor real"
"2006/01/22";153,5917;"UVR_Unidad de valor real"
"2006/01/23";153,5951;"UVR_Unidad de valor real"
"2006/01/24";153,5986;"UVR_Unidad de valor real"
"2006/01/25";153,6021;"UVR_Unidad de valor real"
"2006/01/26";153,6055;"UVR_Unidad de valor real"
"2006/01/27";153,609;"UVR_Unidad de valor real"
"2006/01/28";153,6125;"UVR_Unidad de valor real"
"2006/01/29";153,6159;"UVR_Unidad de valor real"
"2006/01/30";153,6194;"UVR_Unidad de valor real"
"2006/01/31";153,6229;"UVR_Unidad de valor real"
"2006/02/01";153,6263;"UVR_Unidad de valor real"
"2006/02/02";153,6298;"UVR_Unidad de valor real"
"2006/02/03";153,6333;"UVR_Unidad de valor real"
"2006/02/04";153,6367;"UVR_Unidad de valor real"
"2006/02/05";153,6402;"UVR_Unidad de valor real"
"2006/02/06";153,6437;"UVR_Unidad de valor real"
"2006/02/07";153,6471;"UVR_Unidad de valor real"
"2006/02/08";153,6506;"UVR_Unidad de valor real"
"2006/02/09";153,6541;"UVR_Unidad de valor real"
"2006/02/10";153,6576;"UVR_Unidad de valor real"
"2006/02/11";153,661;"UVR_Unidad de valor real"
"2006/02/12";153,6645;"UVR_Unidad de valor real"
"2006/02/13";153,668;"UVR_Unidad de valor real"
"2006/02/14";153,6714;"UVR_Unidad de valor real"
"2006/02/15";153,6749;"UVR_Unidad de valor real"
"2006/02/16";153,7045;"UVR_Unidad de valor real"
"2006/02/17";153,734;"UVR_Unidad de valor real"
"2006/02/18";153,7636;"UVR_Unidad de valor real"
"2006/02/19";153,7932;"UVR_Unidad de valor real"
"2006/02/20";153,8228;"UVR_Unidad de valor real"
"2006/02/21";153,8523;"UVR_Unidad de valor real"
"2006/02/22";153,8819;"UVR_Unidad de valor real"
"2006/02/23";153,9115;"UVR_Unidad de valor real"
"2006/02/24";153,9411;"UVR_Unidad de valor real"
"2006/02/25";153,9708;"UVR_Unidad de valor real"
"2006/02/26";154,0004;"UVR_Unidad de valor real"
"2006/02/27";154,03;"UVR_Unidad de valor real"
"2006/02/28";154,0596;"UVR_Unidad de valor real"
"2006/03/01";154,0893;"UVR_Unidad de valor real"
"2006/03/02";154,1189;"UVR_Unidad de valor real"
"2006/03/03";154,1485;"UVR_Unidad de valor real"
"2006/03/04";154,1782;"UVR_Unidad de valor real"
"2006/03/05";154,2079;"UVR_Unidad de valor real"
"2006/03/06";154,2375;"UVR_Unidad de valor real"
"2006/03/07";154,2672;"UVR_Unidad de valor real"
"2006/03/08";154,2969;"UVR_Unidad de valor real"
"2006/03/09";154,3265;"UVR_Unidad de valor real"
"2006/03/10";154,3562;"UVR_Unidad de valor real"
"2006/03/11";154,3859;"UVR_Unidad de valor real"
"2006/03/12";154,4156;"UVR_Unidad de valor real"
"2006/03/13";154,4453;"UVR_Unidad de valor real"
"2006/03/14";154,475;"UVR_Unidad de valor real"
"2006/03/15";154,5047;"UVR_Unidad de valor real"
"2006/03/16";154,5375;"UVR_Unidad de valor real"
"2006/03/17";154,5703;"UVR_Unidad de valor real"
"2006/03/18";154,6031;"UVR_Unidad de valor real"
"2006/03/19";154,6359;"UVR_Unidad de valor real"
"2006/03/20";154,6687;"UVR_Unidad de valor real"
"2006/03/21";154,7015;"UVR_Unidad de valor real"
"2006/03/22";154,7344;"UVR_Unidad de valor real"
"2006/03/23";154,7672;"UVR_Unidad de valor real"
"2006/03/24";154,8001;"UVR_Unidad de valor real"
"2006/03/25";154,8329;"UVR_Unidad de valor real"
"2006/03/26";154,8658;"UVR_Unidad de valor real"
"2006/03/27";154,8986;"UVR_Unidad de valor real"
"2006/03/28";154,9315;"UVR_Unidad de valor real"
"2006/03/29";154,9644;"UVR_Unidad de valor real"
"2006/03/30";154,9973;"UVR_Unidad de valor real"
"2006/03/31";155,0302;"UVR_Unidad de valor real"
"2006/04/01";155,0631;"UVR_Unidad de valor real"
"2006/04/02";155,096;"UVR_Unidad de valor real"
"2006/04/03";155,1289;"UVR_Unidad de valor real"
"2006/04/04";155,1618;"UVR_Unidad de valor real"
"2006/04/05";155,1948;"UVR_Unidad de valor real"
"2006/04/06";155,2277;"UVR_Unidad de valor real"
"2006/04/07";155,2606;"UVR_Unidad de valor real"
"2006/04/08";155,2936;"UVR_Unidad de valor real"
"2006/04/09";155,3265;"UVR_Unidad de valor real"
"2006/04/10";155,3595;"UVR_Unidad de valor real"
"2006/04/11";155,3925;"UVR_Unidad de valor real"
"2006/04/12";155,4255;"UVR_Unidad de valor real"
"2006/04/13";155,4584;"UVR_Unidad de valor real"
"2006/04/14";155,4914;"UVR_Unidad de valor real"
"2006/04/15";155,5244;"UVR_Unidad de valor real"
"2006/04/16";155,5606;"UVR_Unidad de valor real"
"2006/04/17";155,5967;"UVR_Unidad de valor real"
"2006/04/18";155,6329;"UVR_Unidad de valor real"
"2006/04/19";155,6691;"UVR_Unidad de valor real"
"2006/04/20";155,7053;"UVR_Unidad de valor real"
"2006/04/21";155,7415;"UVR_Unidad de valor real"
"2006/04/22";155,7777;"UVR_Unidad de valor real"
"2006/04/23";155,814;"UVR_Unidad de valor real"
"2006/04/24";155,8502;"UVR_Unidad de valor real"
"2006/04/25";155,8864;"UVR_Unidad de valor real"
"2006/04/26";155,9227;"UVR_Unidad de valor real"
"2006/04/27";155,959;"UVR_Unidad de valor real"
"2006/04/28";155,9952;"UVR_Unidad de valor real"
"2006/04/29";156,0315;"UVR_Unidad de valor real"
"2006/04/30";156,0678;"UVR_Unidad de valor real"
"2006/05/01";156,1041;"UVR_Unidad de valor real"
"2006/05/02";156,1404;"UVR_Unidad de valor real"
"2006/05/03";156,1767;"UVR_Unidad de valor real"
"2006/05/04";156,213;"UVR_Unidad de valor real"
"2006/05/05";156,2493;"UVR_Unidad de valor real"
"2006/05/06";156,2857;"UVR_Unidad de valor real"
"2006/05/07";156,322;"UVR_Unidad de valor real"
"2006/05/08";156,3584;"UVR_Unidad de valor real"
"2006/05/09";156,3947;"UVR_Unidad de valor real"
"2006/05/10";156,4311;"UVR_Unidad de valor real"
"2006/05/11";156,4675;"UVR_Unidad de valor real"
"2006/05/12";156,5039;"UVR_Unidad de valor real"
"2006/05/13";156,5403;"UVR_Unidad de valor real"
"2006/05/14";156,5767;"UVR_Unidad de valor real"
"2006/05/15";156,6131;"UVR_Unidad de valor real"
"2006/05/16";156,6358;"UVR_Unidad de valor real"
"2006/05/17";156,6585;"UVR_Unidad de valor real"
"2006/05/18";156,6812;"UVR_Unidad de valor real"
"2006/05/19";156,7039;"UVR_Unidad de valor real"
"2006/05/20";156,7266;"UVR_Unidad de valor real"
"2006/05/21";156,7493;"UVR_Unidad de valor real"
"2006/05/22";156,772;"UVR_Unidad de valor real"
"2006/05/23";156,7947;"UVR_Unidad de valor real"
"2006/05/24";156,8174;"UVR_Unidad de valor real"
"2006/05/25";156,8401;"UVR_Unidad de valor real"
"2006/05/26";156,8628;"UVR_Unidad de valor real"
"2006/05/27";156,8855;"UVR_Unidad de valor real"
"2006/05/28";156,9083;"UVR_Unidad de valor real"
"2006/05/29";156,931;"UVR_Unidad de valor real"
"2006/05/30";156,9537;"UVR_Unidad de valor real"
"2006/05/31";156,9765;"UVR_Unidad de valor real"
"2006/06/01";156,9992;"UVR_Unidad de valor real"
"2006/06/02";157,0219;"UVR_Unidad de valor real"
"2006/06/03";157,0447;"UVR_Unidad de valor real"
"2006/06/04";157,0674;"UVR_Unidad de valor real"
"2006/06/05";157,0902;"UVR_Unidad de valor real"
"2006/06/06";157,1129;"UVR_Unidad de valor real"
"2006/06/07";157,1357;"UVR_Unidad de valor real"
"2006/06/08";157,1584;"UVR_Unidad de valor real"
"2006/06/09";157,1812;"UVR_Unidad de valor real"
"2006/06/10";157,204;"UVR_Unidad de valor real"
"2006/06/11";157,2267;"UVR_Unidad de valor real"
"2006/06/12";157,2495;"UVR_Unidad de valor real"
"2006/06/13";157,2723;"UVR_Unidad de valor real"
"2006/06/14";157,2951;"UVR_Unidad de valor real"
"2006/06/15";157,3179;"UVR_Unidad de valor real"
"2006/06/16";157,3352;"UVR_Unidad de valor real"
"2006/06/17";157,3525;"UVR_Unidad de valor real"
"2006/06/18";157,3697;"UVR_Unidad de valor real"
"2006/06/19";157,387;"UVR_Unidad de valor real"
"2006/06/20";157,4043;"UVR_Unidad de valor real"
"2006/06/21";157,4216;"UVR_Unidad de valor real"
"2006/06/22";157,4389;"UVR_Unidad de valor real"
"2006/06/23";157,4562;"UVR_Unidad de valor real"
"2006/06/24";157,4735;"UVR_Unidad de valor real"
"2006/06/25";157,4908;"UVR_Unidad de valor real"
"2006/06/26";157,5081;"UVR_Unidad de valor real"
"2006/06/27";157,5254;"UVR_Unidad de valor real"
"2006/06/28";157,5427;"UVR_Unidad de valor real"
"2006/06/29";157,56;"UVR_Unidad de valor real"
"2006/06/30";157,5773;"UVR_Unidad de valor real"
"2006/07/01";157,5946;"UVR_Unidad de valor real"
"2006/07/02";157,6119;"UVR_Unidad de valor real"
"2006/07/03";157,6292;"UVR_Unidad de valor real"
"2006/07/04";157,6465;"UVR_Unidad de valor real"
"2006/07/05";157,6638;"UVR_Unidad de valor real"
"2006/07/06";157,6811;"UVR_Unidad de valor real"
"2006/07/07";157,6984;"UVR_Unidad de valor real"
"2006/07/08";157,7158;"UVR_Unidad de valor real"
"2006/07/09";157,7331;"UVR_Unidad de valor real"
"2006/07/10";157,7504;"UVR_Unidad de valor real"
"2006/07/11";157,7677;"UVR_Unidad de valor real"
"2006/07/12";157,7851;"UVR_Unidad de valor real"
"2006/07/13";157,8024;"UVR_Unidad de valor real"
"2006/07/14";157,8197;"UVR_Unidad de valor real"
"2006/07/15";157,837;"UVR_Unidad de valor real"
"2006/07/16";157,8523;"UVR_Unidad de valor real"
"2006/07/17";157,8675;"UVR_Unidad de valor real"
"2006/07/18";157,8828;"UVR_Unidad de valor real"
"2006/07/19";157,898;"UVR_Unidad de valor real"
"2006/07/20";157,9133;"UVR_Unidad de valor real"
"2006/07/21";157,9285;"UVR_Unidad de valor real"
"2006/07/22";157,9438;"UVR_Unidad de valor real"
"2006/07/23";157,9591;"UVR_Unidad de valor real"
"2006/07/24";157,9743;"UVR_Unidad de valor real"
"2006/07/25";157,9896;"UVR_Unidad de valor real"
"2006/07/26";158,0049;"UVR_Unidad de valor real"
"2006/07/27";158,0201;"UVR_Unidad de valor real"
"2006/07/28";158,0354;"UVR_Unidad de valor real"
"2006/07/29";158,0507;"UVR_Unidad de valor real"
"2006/07/30";158,0659;"UVR_Unidad de valor real"
"2006/07/31";158,0812;"UVR_Unidad de valor real"
"2006/08/01";158,0965;"UVR_Unidad de valor real"
"2006/08/02";158,1118;"UVR_Unidad de valor real"
"2006/08/03";158,127;"UVR_Unidad de valor real"
"2006/08/04";158,1423;"UVR_Unidad de valor real"
"2006/08/05";158,1576;"UVR_Unidad de valor real"
"2006/08/06";158,1729;"UVR_Unidad de valor real"
"2006/08/07";158,1882;"UVR_Unidad de valor real"
"2006/08/08";158,2035;"UVR_Unidad de valor real"
"2006/08/09";158,2188;"UVR_Unidad de valor real"
"2006/08/10";158,234;"UVR_Unidad de valor real"
"2006/08/11";158,2493;"UVR_Unidad de valor real"
"2006/08/12";158,2646;"UVR_Unidad de valor real"
"2006/08/13";158,2799;"UVR_Unidad de valor real"
"2006/08/14";158,2952;"UVR_Unidad de valor real"
"2006/08/15";158,3105;"UVR_Unidad de valor real"
"2006/08/16";158,3314;"UVR_Unidad de valor real"
"2006/08/17";158,3523;"UVR_Unidad de valor real"
"2006/08/18";158,3732;"UVR_Unidad de valor real"
"2006/08/19";158,3941;"UVR_Unidad de valor real"
"2006/08/20";158,415;"UVR_Unidad de valor real"
"2006/08/21";158,4359;"UVR_Unidad de valor real"
"2006/08/22";158,4568;"UVR_Unidad de valor real"
"2006/08/23";158,4777;"UVR_Unidad de valor real"
"2006/08/24";158,4987;"UVR_Unidad de valor real"
"2006/08/25";158,5196;"UVR_Unidad de valor real"
"2006/08/26";158,5405;"UVR_Unidad de valor real"
"2006/08/27";158,5614;"UVR_Unidad de valor real"
"2006/08/28";158,5824;"UVR_Unidad de valor real"
"2006/08/29";158,6033;"UVR_Unidad de valor real"
"2006/08/30";158,6242;"UVR_Unidad de valor real"
"2006/08/31";158,6452;"UVR_Unidad de valor real"
"2006/09/01";158,6661;"UVR_Unidad de valor real"
"2006/09/02";158,6871;"UVR_Unidad de valor real"
"2006/09/03";158,708;"UVR_Unidad de valor real"
"2006/09/04";158,729;"UVR_Unidad de valor real"
"2006/09/05";158,7499;"UVR_Unidad de valor real"
"2006/09/06";158,7709;"UVR_Unidad de valor real"
"2006/09/07";158,7918;"UVR_Unidad de valor real"
"2006/09/08";158,8128;"UVR_Unidad de valor real"
"2006/09/09";158,8337;"UVR_Unidad de valor real"
"2006/09/10";158,8547;"UVR_Unidad de valor real"
"2006/09/11";158,8757;"UVR_Unidad de valor real"
"2006/09/12";158,8966;"UVR_Unidad de valor real"
"2006/09/13";158,9176;"UVR_Unidad de valor real"
"2006/09/14";158,9386;"UVR_Unidad de valor real"
"2006/09/15";158,9596;"UVR_Unidad de valor real"
"2006/09/16";158,9802;"UVR_Unidad de valor real"
"2006/09/17";159,0009;"UVR_Unidad de valor real"
"2006/09/18";159,0215;"UVR_Unidad de valor real"
"2006/09/19";159,0421;"UVR_Unidad de valor real"
"2006/09/20";159,0628;"UVR_Unidad de valor real"
"2006/09/21";159,0834;"UVR_Unidad de valor real"
"2006/09/22";159,104;"UVR_Unidad de valor real"
"2006/09/23";159,1247;"UVR_Unidad de valor real"
"2006/09/24";159,1453;"UVR_Unidad de valor real"
"2006/09/25";159,166;"UVR_Unidad de valor real"
"2006/09/26";159,1866;"UVR_Unidad de valor real"
"2006/09/27";159,2073;"UVR_Unidad de valor real"
"2006/09/28";159,2279;"UVR_Unidad de valor real"
"2006/09/29";159,2486;"UVR_Unidad de valor real"
"2006/09/30";159,2693;"UVR_Unidad de valor real"
"2006/10/01";159,2899;"UVR_Unidad de valor real"
"2006/10/02";159,3106;"UVR_Unidad de valor real"
"2006/10/03";159,3313;"UVR_Unidad de valor real"
"2006/10/04";159,3519;"UVR_Unidad de valor real"
"2006/10/05";159,3726;"UVR_Unidad de valor real"
"2006/10/06";159,3933;"UVR_Unidad de valor real"
"2006/10/07";159,414;"UVR_Unidad de valor real"
"2006/10/08";159,4347;"UVR_Unidad de valor real"
"2006/10/09";159,4554;"UVR_Unidad de valor real"
"2006/10/10";159,4761;"UVR_Unidad de valor real"
"2006/10/11";159,4967;"UVR_Unidad de valor real"
"2006/10/12";159,5174;"UVR_Unidad de valor real"
"2006/10/13";159,5381;"UVR_Unidad de valor real"
"2006/10/14";159,5588;"UVR_Unidad de valor real"
"2006/10/15";159,5795;"UVR_Unidad de valor real"
"2006/10/16";159,5944;"UVR_Unidad de valor real"
"2006/10/17";159,6093;"UVR_Unidad de valor real"
"2006/10/18";159,6242;"UVR_Unidad de valor real"
"2006/10/19";159,6391;"UVR_Unidad de valor real"
"2006/10/20";159,6541;"UVR_Unidad de valor real"
"2006/10/21";159,669;"UVR_Unidad de valor real"
"2006/10/22";159,6839;"UVR_Unidad de valor real"
"2006/10/23";159,6988;"UVR_Unidad de valor real"
"2006/10/24";159,7137;"UVR_Unidad de valor real"
"2006/10/25";159,7286;"UVR_Unidad de valor real"
"2006/10/26";159,7436;"UVR_Unidad de valor real"
"2006/10/27";159,7585;"UVR_Unidad de valor real"
"2006/10/28";159,7734;"UVR_Unidad de valor real"
"2006/10/29";159,7883;"UVR_Unidad de valor real"
"2006/10/30";159,8033;"UVR_Unidad de valor real"
"2006/10/31";159,8182;"UVR_Unidad de valor real"
"2006/11/01";159,8331;"UVR_Unidad de valor real"
"2006/11/02";159,848;"UVR_Unidad de valor real"
"2006/11/03";159,863;"UVR_Unidad de valor real"
"2006/11/04";159,8779;"UVR_Unidad de valor real"
"2006/11/05";159,8929;"UVR_Unidad de valor real"
"2006/11/06";159,9078;"UVR_Unidad de valor real"
"2006/11/07";159,9227;"UVR_Unidad de valor real"
"2006/11/08";159,9377;"UVR_Unidad de valor real"
"2006/11/09";159,9526;"UVR_Unidad de valor real"
"2006/11/10";159,9675;"UVR_Unidad de valor real"
"2006/11/11";159,9825;"UVR_Unidad de valor real"
"2006/11/12";159,9974;"UVR_Unidad de valor real"
"2006/11/13";160,0124;"UVR_Unidad de valor real"
"2006/11/14";160,0273;"UVR_Unidad de valor real"
"2006/11/15";160,0423;"UVR_Unidad de valor real"
"2006/11/16";160,0348;"UVR_Unidad de valor real"
"2006/11/17";160,0274;"UVR_Unidad de valor real"
"2006/11/18";160,0199;"UVR_Unidad de valor real"
"2006/11/19";160,0124;"UVR_Unidad de valor real"
"2006/11/20";160,0049;"UVR_Unidad de valor real"
"2006/11/21";159,9975;"UVR_Unidad de valor real"
"2006/11/22";159,99;"UVR_Unidad de valor real"
"2006/11/23";159,9825;"UVR_Unidad de valor real"
"2006/11/24";159,975;"UVR_Unidad de valor real"
"2006/11/25";159,9676;"UVR_Unidad de valor real"
"2006/11/26";159,9601;"UVR_Unidad de valor real"
"2006/11/27";159,9526;"UVR_Unidad de valor real"
"2006/11/28";159,9452;"UVR_Unidad de valor real"
"2006/11/29";159,9377;"UVR_Unidad de valor real"
"2006/11/30";159,9302;"UVR_Unidad de valor real"
"2006/12/01";159,9228;"UVR_Unidad de valor real"
"2006/12/02";159,9153;"UVR_Unidad de valor real"
"2006/12/03";159,9078;"UVR_Unidad de valor real"
"2006/12/04";159,9004;"UVR_Unidad de valor real"
"2006/12/05";159,8929;"UVR_Unidad de valor real"
"2006/12/06";159,8854;"UVR_Unidad de valor real"
"2006/12/07";159,878;"UVR_Unidad de valor real"
"2006/12/08";159,8705;"UVR_Unidad de valor real"
"2006/12/09";159,863;"UVR_Unidad de valor real"
"2006/12/10";159,8556;"UVR_Unidad de valor real"
"2006/12/11";159,8481;"UVR_Unidad de valor real"
"2006/12/12";159,8406;"UVR_Unidad de valor real"
"2006/12/13";159,8332;"UVR_Unidad de valor real"
"2006/12/14";159,8257;"UVR_Unidad de valor real"
"2006/12/15";159,8182;"UVR_Unidad de valor real"
"2006/12/16";159,8306;"UVR_Unidad de valor real"
"2006/12/17";159,8429;"UVR_Unidad de valor real"
"2006/12/18";159,8553;"UVR_Unidad de valor real"
"2006/12/19";159,8676;"UVR_Unidad de valor real"
"2006/12/20";159,88;"UVR_Unidad de valor real"
"2006/12/21";159,8924;"UVR_Unidad de valor real"
"2006/12/22";159,9047;"UVR_Unidad de valor real"
"2006/12/23";159,9171;"UVR_Unidad de valor real"
"2006/12/24";159,9295;"UVR_Unidad de valor real"
"2006/12/25";159,9418;"UVR_Unidad de valor real"
"2006/12/26";159,9542;"UVR_Unidad de valor real"
"2006/12/27";159,9666;"UVR_Unidad de valor real"
"2006/12/28";159,9789;"UVR_Unidad de valor real"
"2006/12/29";159,9913;"UVR_Unidad de valor real"
"2006/12/30";160,0037;"UVR_Unidad de valor real"
"2006/12/31";160,0161;"UVR_Unidad de valor real"
"2007/01/01";160,0284;"UVR_Unidad de valor real"
"2007/01/02";160,0408;"UVR_Unidad de valor real"
"2007/01/03";160,0532;"UVR_Unidad de valor real"
"2007/01/04";160,0656;"UVR_Unidad de valor real"
"2007/01/05";160,0779;"UVR_Unidad de valor real"
"2007/01/06";160,0903;"UVR_Unidad de valor real"
"2007/01/07";160,1027;"UVR_Unidad de valor real"
"2007/01/08";160,1151;"UVR_Unidad de valor real"
"2007/01/09";160,1275;"UVR_Unidad de valor real"
"2007/01/10";160,1398;"UVR_Unidad de valor real"
"2007/01/11";160,1522;"UVR_Unidad de valor real"
"2007/01/12";160,1646;"UVR_Unidad de valor real"
"2007/01/13";160,177;"UVR_Unidad de valor real"
"2007/01/14";160,1894;"UVR_Unidad de valor real"
"2007/01/15";160,2018;"UVR_Unidad de valor real"
"2007/01/16";160,2137;"UVR_Unidad de valor real"
"2007/01/17";160,2255;"UVR_Unidad de valor real"
"2007/01/18";160,2374;"UVR_Unidad de valor real"
"2007/01/19";160,2493;"UVR_Unidad de valor real"
"2007/01/20";160,2612;"UVR_Unidad de valor real"
"2007/01/21";160,273;"UVR_Unidad de valor real"
"2007/01/22";160,2849;"UVR_Unidad de valor real"
"2007/01/23";160,2968;"UVR_Unidad de valor real"
"2007/01/24";160,3087;"UVR_Unidad de valor real"
"2007/01/25";160,3206;"UVR_Unidad de valor real"
"2007/01/26";160,3324;"UVR_Unidad de valor real"
"2007/01/27";160,3443;"UVR_Unidad de valor real"
"2007/01/28";160,3562;"UVR_Unidad de valor real"
"2007/01/29";160,3681;"UVR_Unidad de valor real"
"2007/01/30";160,38;"UVR_Unidad de valor real"
"2007/01/31";160,3919;"UVR_Unidad de valor real"
"2007/02/01";160,4038;"UVR_Unidad de valor real"
"2007/02/02";160,4156;"UVR_Unidad de valor real"
"2007/02/03";160,4275;"UVR_Unidad de valor real"
"2007/02/04";160,4394;"UVR_Unidad de valor real"
"2007/02/05";160,4513;"UVR_Unidad de valor real"
"2007/02/06";160,4632;"UVR_Unidad de valor real"
"2007/02/07";160,4751;"UVR_Unidad de valor real"
"2007/02/08";160,487;"UVR_Unidad de valor real"
"2007/02/09";160,4989;"UVR_Unidad de valor real"
"2007/02/10";160,5108;"UVR_Unidad de valor real"
"2007/02/11";160,5227;"UVR_Unidad de valor real"
"2007/02/12";160,5346;"UVR_Unidad de valor real"
"2007/02/13";160,5465;"UVR_Unidad de valor real"
"2007/02/14";160,5584;"UVR_Unidad de valor real"
"2007/02/15";160,5703;"UVR_Unidad de valor real"
"2007/02/16";160,6143;"UVR_Unidad de valor real"
"2007/02/17";160,6583;"UVR_Unidad de valor real"
"2007/02/18";160,7023;"UVR_Unidad de valor real"
"2007/02/19";160,7463;"UVR_Unidad de valor real"
"2007/02/20";160,7904;"UVR_Unidad de valor real"
"2007/02/21";160,8344;"UVR_Unidad de valor real"
"2007/02/22";160,8785;"UVR_Unidad de valor real"
"2007/02/23";160,9226;"UVR_Unidad de valor real"
"2007/02/24";160,9667;"UVR_Unidad de valor real"
"2007/02/25";161,0108;"UVR_Unidad de valor real"
"2007/02/26";161,0549;"UVR_Unidad de valor real"
"2007/02/27";161,099;"UVR_Unidad de valor real"
"2007/02/28";161,1432;"UVR_Unidad de valor real"
"2007/03/01";161,1873;"UVR_Unidad de valor real"
"2007/03/02";161,2315;"UVR_Unidad de valor real"
"2007/03/03";161,2756;"UVR_Unidad de valor real"
"2007/03/04";161,3198;"UVR_Unidad de valor real"
"2007/03/05";161,364;"UVR_Unidad de valor real"
"2007/03/06";161,4082;"UVR_Unidad de valor real"
"2007/03/07";161,4525;"UVR_Unidad de valor real"
"2007/03/08";161,4967;"UVR_Unidad de valor real"
"2007/03/09";161,541;"UVR_Unidad de valor real"
"2007/03/10";161,5852;"UVR_Unidad de valor real"
"2007/03/11";161,6295;"UVR_Unidad de valor real"
"2007/03/12";161,6738;"UVR_Unidad de valor real"
"2007/03/13";161,7181;"UVR_Unidad de valor real"
"2007/03/14";161,7624;"UVR_Unidad de valor real"
"2007/03/15";161,8067;"UVR_Unidad de valor real"
"2007/03/16";161,8674;"UVR_Unidad de valor real"
"2007/03/17";161,9282;"UVR_Unidad de valor real"
"2007/03/18";161,9889;"UVR_Unidad de valor real"
"2007/03/19";162,0497;"UVR_Unidad de valor real"
"2007/03/20";162,1106;"UVR_Unidad de valor real"
"2007/03/21";162,1714;"UVR_Unidad de valor real"
"2007/03/22";162,2323;"UVR_Unidad de valor real"
"2007/03/23";162,2931;"UVR_Unidad de valor real"
"2007/03/24";162,3541;"UVR_Unidad de valor real"
"2007/03/25";162,415;"UVR_Unidad de valor real"
"2007/03/26";162,4759;"UVR_Unidad de valor real"
"2007/03/27";162,5369;"UVR_Unidad de valor real"
"2007/03/28";162,5979;"UVR_Unidad de valor real"
"2007/03/29";162,6589;"UVR_Unidad de valor real"
"2007/03/30";162,72;"UVR_Unidad de valor real"
"2007/03/31";162,7811;"UVR_Unidad de valor real"
"2007/04/01";162,8421;"UVR_Unidad de valor real"
"2007/04/02";162,9033;"UVR_Unidad de valor real"
"2007/04/03";162,9644;"UVR_Unidad de valor real"
"2007/04/04";163,0256;"UVR_Unidad de valor real"
"2007/04/05";163,0867;"UVR_Unidad de valor real"
"2007/04/06";163,1479;"UVR_Unidad de valor real"
"2007/04/07";163,2092;"UVR_Unidad de valor real"
"2007/04/08";163,2704;"UVR_Unidad de valor real"
"2007/04/09";163,3317;"UVR_Unidad de valor real"
"2007/04/10";163,393;"UVR_Unidad de valor real"
"2007/04/11";163,4543;"UVR_Unidad de valor real"
"2007/04/12";163,5157;"UVR_Unidad de valor real"
"2007/04/13";163,577;"UVR_Unidad de valor real"
"2007/04/14";163,6384;"UVR_Unidad de valor real"
"2007/04/15";163,6998;"UVR_Unidad de valor real"
"2007/04/16";163,7654;"UVR_Unidad de valor real"
"2007/04/17";163,8311;"UVR_Unidad de valor real"
"2007/04/18";163,8968;"UVR_Unidad de valor real"
"2007/04/19";163,9625;"UVR_Unidad de valor real"
"2007/04/20";164,0283;"UVR_Unidad de valor real"
"2007/04/21";164,094;"UVR_Unidad de valor real"
"2007/04/22";164,1599;"UVR_Unidad de valor real"
"2007/04/23";164,2257;"UVR_Unidad de valor real"
"2007/04/24";164,2915;"UVR_Unidad de valor real"
"2007/04/25";164,3574;"UVR_Unidad de valor real"
"2007/04/26";164,4233;"UVR_Unidad de valor real"
"2007/04/27";164,4892;"UVR_Unidad de valor real"
"2007/04/28";164,5552;"UVR_Unidad de valor real"
"2007/04/29";164,6212;"UVR_Unidad de valor real"
"2007/04/30";164,6872;"UVR_Unidad de valor real"
"2007/05/01";164,7532;"UVR_Unidad de valor real"
"2007/05/02";164,8193;"UVR_Unidad de valor real"
"2007/05/03";164,8854;"UVR_Unidad de valor real"
"2007/05/04";164,9515;"UVR_Unidad de valor real"
"2007/05/05";165,0177;"UVR_Unidad de valor real"
"2007/05/06";165,0838;"UVR_Unidad de valor real"
"2007/05/07";165,15;"UVR_Unidad de valor real"
"2007/05/08";165,2163;"UVR_Unidad de valor real"
"2007/05/09";165,2825;"UVR_Unidad de valor real"
"2007/05/10";165,3488;"UVR_Unidad de valor real"
"2007/05/11";165,4151;"UVR_Unidad de valor real"
"2007/05/12";165,4814;"UVR_Unidad de valor real"
"2007/05/13";165,5478;"UVR_Unidad de valor real"
"2007/05/14";165,6142;"UVR_Unidad de valor real"
"2007/05/15";165,6806;"UVR_Unidad de valor real"
"2007/05/16";165,7285;"UVR_Unidad de valor real"
"2007/05/17";165,7764;"UVR_Unidad de valor real"
"2007/05/18";165,8243;"UVR_Unidad de valor real"
"2007/05/19";165,8723;"UVR_Unidad de valor real"
"2007/05/20";165,9202;"UVR_Unidad de valor real"
"2007/05/21";165,9682;"UVR_Unidad de valor real"
"2007/05/22";166,0161;"UVR_Unidad de valor real"
"2007/05/23";166,0641;"UVR_Unidad de valor real"
"2007/05/24";166,1121;"UVR_Unidad de valor real"
"2007/05/25";166,1601;"UVR_Unidad de valor real"
"2007/05/26";166,2082;"UVR_Unidad de valor real"
"2007/05/27";166,2562;"UVR_Unidad de valor real"
"2007/05/28";166,3043;"UVR_Unidad de valor real"
"2007/05/29";166,3524;"UVR_Unidad de valor real"
"2007/05/30";166,4004;"UVR_Unidad de valor real"
"2007/05/31";166,4485;"UVR_Unidad de valor real"
"2007/06/01";166,4967;"UVR_Unidad de valor real"
"2007/06/02";166,5448;"UVR_Unidad de valor real"
"2007/06/03";166,5929;"UVR_Unidad de valor real"
"2007/06/04";166,6411;"UVR_Unidad de valor real"
"2007/06/05";166,6893;"UVR_Unidad de valor real"
"2007/06/06";166,7374;"UVR_Unidad de valor real"
"2007/06/07";166,7856;"UVR_Unidad de valor real"
"2007/06/08";166,8339;"UVR_Unidad de valor real"
"2007/06/09";166,8821;"UVR_Unidad de valor real"
"2007/06/10";166,9303;"UVR_Unidad de valor real"
"2007/06/11";166,9786;"UVR_Unidad de valor real"
"2007/06/12";167,0268;"UVR_Unidad de valor real"
"2007/06/13";167,0751;"UVR_Unidad de valor real"
"2007/06/14";167,1234;"UVR_Unidad de valor real"
"2007/06/15";167,1717;"UVR_Unidad de valor real"
"2007/06/16";167,1884;"UVR_Unidad de valor real"
"2007/06/17";167,2051;"UVR_Unidad de valor real"
"2007/06/18";167,2218;"UVR_Unidad de valor real"
"2007/06/19";167,2385;"UVR_Unidad de valor real"
"2007/06/20";167,2552;"UVR_Unidad de valor real"
"2007/06/21";167,2719;"UVR_Unidad de valor real"
"2007/06/22";167,2886;"UVR_Unidad de valor real"
"2007/06/23";167,3053;"UVR_Unidad de valor real"
"2007/06/24";167,322;"UVR_Unidad de valor real"
"2007/06/25";167,3387;"UVR_Unidad de valor real"
"2007/06/26";167,3554;"UVR_Unidad de valor real"
"2007/06/27";167,3721;"UVR_Unidad de valor real"
"2007/06/28";167,3888;"UVR_Unidad de valor real"
"2007/06/29";167,4056;"UVR_Unidad de valor real"
"2007/06/30";167,4223;"UVR_Unidad de valor real"
"2007/07/01";167,439;"UVR_Unidad de valor real"
"2007/07/02";167,4557;"UVR_Unidad de valor real"
"2007/07/03";167,4724;"UVR_Unidad de valor real"
"2007/07/04";167,4892;"UVR_Unidad de valor real"
"2007/07/05";167,5059;"UVR_Unidad de valor real"
"2007/07/06";167,5226;"UVR_Unidad de valor real"
"2007/07/07";167,5393;"UVR_Unidad de valor real"
"2007/07/08";167,5561;"UVR_Unidad de valor real"
"2007/07/09";167,5728;"UVR_Unidad de valor real"
"2007/07/10";167,5895;"UVR_Unidad de valor real"
"2007/07/11";167,6063;"UVR_Unidad de valor real"
"2007/07/12";167,623;"UVR_Unidad de valor real"
"2007/07/13";167,6397;"UVR_Unidad de valor real"
"2007/07/14";167,6565;"UVR_Unidad de valor real"
"2007/07/15";167,6732;"UVR_Unidad de valor real"
"2007/07/16";167,6797;"UVR_Unidad de valor real"
"2007/07/17";167,6862;"UVR_Unidad de valor real"
"2007/07/18";167,6927;"UVR_Unidad de valor real"
"2007/07/19";167,6991;"UVR_Unidad de valor real"
"2007/07/20";167,7056;"UVR_Unidad de valor real"
"2007/07/21";167,7121;"UVR_Unidad de valor real"
"2007/07/22";167,7186;"UVR_Unidad de valor real"
"2007/07/23";167,7251;"UVR_Unidad de valor real"
"2007/07/24";167,7316;"UVR_Unidad de valor real"
"2007/07/25";167,7381;"UVR_Unidad de valor real"
"2007/07/26";167,7446;"UVR_Unidad de valor real"
"2007/07/27";167,7511;"UVR_Unidad de valor real"
"2007/07/28";167,7575;"UVR_Unidad de valor real"
"2007/07/29";167,764;"UVR_Unidad de valor real"
"2007/07/30";167,7705;"UVR_Unidad de valor real"
"2007/07/31";167,777;"UVR_Unidad de valor real"
"2007/08/01";167,7835;"UVR_Unidad de valor real"
"2007/08/02";167,79;"UVR_Unidad de valor real"
"2007/08/03";167,7965;"UVR_Unidad de valor real"
"2007/08/04";167,803;"UVR_Unidad de valor real"
"2007/08/05";167,8095;"UVR_Unidad de valor real"
"2007/08/06";167,816;"UVR_Unidad de valor real"
"2007/08/07";167,8225;"UVR_Unidad de valor real"
"2007/08/08";167,829;"UVR_Unidad de valor real"
"2007/08/09";167,8354;"UVR_Unidad de valor real"
"2007/08/10";167,8419;"UVR_Unidad de valor real"
"2007/08/11";167,8484;"UVR_Unidad de valor real"
"2007/08/12";167,8549;"UVR_Unidad de valor real"
"2007/08/13";167,8614;"UVR_Unidad de valor real"
"2007/08/14";167,8679;"UVR_Unidad de valor real"
"2007/08/15";167,8744;"UVR_Unidad de valor real"
"2007/08/16";167,8836;"UVR_Unidad de valor real"
"2007/08/17";167,8928;"UVR_Unidad de valor real"
"2007/08/18";167,902;"UVR_Unidad de valor real"
"2007/08/19";167,9112;"UVR_Unidad de valor real"
"2007/08/20";167,9204;"UVR_Unidad de valor real"
"2007/08/21";167,9296;"UVR_Unidad de valor real"
"2007/08/22";167,9388;"UVR_Unidad de valor real"
"2007/08/23";167,948;"UVR_Unidad de valor real"
"2007/08/24";167,9572;"UVR_Unidad de valor real"
"2007/08/25";167,9664;"UVR_Unidad de valor real"
"2007/08/26";167,9756;"UVR_Unidad de valor real"
"2007/08/27";167,9848;"UVR_Unidad de valor real"
"2007/08/28";167,994;"UVR_Unidad de valor real"
"2007/08/29";168,0032;"UVR_Unidad de valor real"
"2007/08/30";168,0124;"UVR_Unidad de valor real"
"2007/08/31";168,0216;"UVR_Unidad de valor real"
"2007/09/01";168,0308;"UVR_Unidad de valor real"
"2007/09/02";168,04;"UVR_Unidad de valor real"
"2007/09/03";168,0493;"UVR_Unidad de valor real"
"2007/09/04";168,0585;"UVR_Unidad de valor real"
"2007/09/05";168,0677;"UVR_Unidad de valor real"
"2007/09/06";168,0769;"UVR_Unidad de valor real"
"2007/09/07";168,0861;"UVR_Unidad de valor real"
"2007/09/08";168,0953;"UVR_Unidad de valor real"
"2007/09/09";168,1045;"UVR_Unidad de valor real"
"2007/09/10";168,1137;"UVR_Unidad de valor real"
"2007/09/11";168,1229;"UVR_Unidad de valor real"
"2007/09/12";168,1321;"UVR_Unidad de valor real"
"2007/09/13";168,1414;"UVR_Unidad de valor real"
"2007/09/14";168,1506;"UVR_Unidad de valor real"
"2007/09/15";168,1598;"UVR_Unidad de valor real"
"2007/09/16";168,1525;"UVR_Unidad de valor real"
"2007/09/17";168,1452;"UVR_Unidad de valor real"
"2007/09/18";168,1379;"UVR_Unidad de valor real"
"2007/09/19";168,1306;"UVR_Unidad de valor real"
"2007/09/20";168,1233;"UVR_Unidad de valor real"
"2007/09/21";168,1161;"UVR_Unidad de valor real"
"2007/09/22";168,1088;"UVR_Unidad de valor real"
"2007/09/23";168,1015;"UVR_Unidad de valor real"
"2007/09/24";168,0942;"UVR_Unidad de valor real"
"2007/09/25";168,0869;"UVR_Unidad de valor real"
"2007/09/26";168,0796;"UVR_Unidad de valor real"
"2007/09/27";168,0723;"UVR_Unidad de valor real"
"2007/09/28";168,065;"UVR_Unidad de valor real"
"2007/09/29";168,0577;"UVR_Unidad de valor real"
"2007/09/30";168,0505;"UVR_Unidad de valor real"
"2007/10/01";168,0432;"UVR_Unidad de valor real"
"2007/10/02";168,0359;"UVR_Unidad de valor real"
"2007/10/03";168,0286;"UVR_Unidad de valor real"
"2007/10/04";168,0213;"UVR_Unidad de valor real"
"2007/10/05";168,014;"UVR_Unidad de valor real"
"2007/10/06";168,0067;"UVR_Unidad de valor real"
"2007/10/07";167,9995;"UVR_Unidad de valor real"
"2007/10/08";167,9922;"UVR_Unidad de valor real"
"2007/10/09";167,9849;"UVR_Unidad de valor real"
"2007/10/10";167,9776;"UVR_Unidad de valor real"
"2007/10/11";167,9703;"UVR_Unidad de valor real"
"2007/10/12";167,963;"UVR_Unidad de valor real"
"2007/10/13";167,9558;"UVR_Unidad de valor real"
"2007/10/14";167,9485;"UVR_Unidad de valor real"
"2007/10/15";167,9412;"UVR_Unidad de valor real"
"2007/10/16";167,9455;"UVR_Unidad de valor real"
"2007/10/17";167,9499;"UVR_Unidad de valor real"
"2007/10/18";167,9542;"UVR_Unidad de valor real"
"2007/10/19";167,9585;"UVR_Unidad de valor real"
"2007/10/20";167,9629;"UVR_Unidad de valor real"
"2007/10/21";167,9672;"UVR_Unidad de valor real"
"2007/10/22";167,9715;"UVR_Unidad de valor real"
"2007/10/23";167,9759;"UVR_Unidad de valor real"
"2007/10/24";167,9802;"UVR_Unidad de valor real"
"2007/10/25";167,9845;"UVR_Unidad de valor real"
"2007/10/26";167,9889;"UVR_Unidad de valor real"
"2007/10/27";167,9932;"UVR_Unidad de valor real"
"2007/10/28";167,9975;"UVR_Unidad de valor real"
"2007/10/29";168,0019;"UVR_Unidad de valor real"
"2007/10/30";168,0062;"UVR_Unidad de valor real"
"2007/10/31";168,0105;"UVR_Unidad de valor real"
"2007/11/01";168,0149;"UVR_Unidad de valor real"
"2007/11/02";168,0192;"UVR_Unidad de valor real"
"2007/11/03";168,0235;"UVR_Unidad de valor real"
"2007/11/04";168,0279;"UVR_Unidad de valor real"
"2007/11/05";168,0322;"UVR_Unidad de valor real"
"2007/11/06";168,0365;"UVR_Unidad de valor real"
"2007/11/07";168,0409;"UVR_Unidad de valor real"
"2007/11/08";168,0452;"UVR_Unidad de valor real"
"2007/11/09";168,0495;"UVR_Unidad de valor real"
"2007/11/10";168,0539;"UVR_Unidad de valor real"
"2007/11/11";168,0582;"UVR_Unidad de valor real"
"2007/11/12";168,0625;"UVR_Unidad de valor real"
"2007/11/13";168,0669;"UVR_Unidad de valor real"
"2007/11/14";168,0712;"UVR_Unidad de valor real"
"2007/11/15";168,0756;"UVR_Unidad de valor real"
"2007/11/16";168,0762;"UVR_Unidad de valor real"
"2007/11/17";168,0767;"UVR_Unidad de valor real"
"2007/11/18";168,0773;"UVR_Unidad de valor real"
"2007/11/19";168,0778;"UVR_Unidad de valor real"
"2007/11/20";168,0784;"UVR_Unidad de valor real"
"2007/11/21";168,079;"UVR_Unidad de valor real"
"2007/11/22";168,0795;"UVR_Unidad de valor real"
"2007/11/23";168,0801;"UVR_Unidad de valor real"
"2007/11/24";168,0806;"UVR_Unidad de valor real"
"2007/11/25";168,0812;"UVR_Unidad de valor real"
"2007/11/26";168,0818;"UVR_Unidad de valor real"
"2007/11/27";168,0823;"UVR_Unidad de valor real"
"2007/11/28";168,0829;"UVR_Unidad de valor real"
"2007/11/29";168,0834;"UVR_Unidad de valor real"
"2007/11/30";168,084;"UVR_Unidad de valor real"
"2007/12/01";168,0846;"UVR_Unidad de valor real"
"2007/12/02";168,0851;"UVR_Unidad de valor real"
"2007/12/03";168,0857;"UVR_Unidad de valor real"
"2007/12/04";168,0862;"UVR_Unidad de valor real"
"2007/12/05";168,0868;"UVR_Unidad de valor real"
"2007/12/06";168,0874;"UVR_Unidad de valor real"
"2007/12/07";168,0879;"UVR_Unidad de valor real"
"2007/12/08";168,0885;"UVR_Unidad de valor real"
"2007/12/09";168,089;"UVR_Unidad de valor real"
"2007/12/10";168,0896;"UVR_Unidad de valor real"
"2007/12/11";168,0902;"UVR_Unidad de valor real"
"2007/12/12";168,0907;"UVR_Unidad de valor real"
"2007/12/13";168,0913;"UVR_Unidad de valor real"
"2007/12/14";168,0918;"UVR_Unidad de valor real"
"2007/12/15";168,0924;"UVR_Unidad de valor real"
"2007/12/16";168,1178;"UVR_Unidad de valor real"
"2007/12/17";168,1433;"UVR_Unidad de valor real"
"2007/12/18";168,1687;"UVR_Unidad de valor real"
"2007/12/19";168,1941;"UVR_Unidad de valor real"
"2007/12/20";168,2196;"UVR_Unidad de valor real"
"2007/12/21";168,245;"UVR_Unidad de valor real"
"2007/12/22";168,2705;"UVR_Unidad de valor real"
"2007/12/23";168,2959;"UVR_Unidad de valor real"
"2007/12/24";168,3214;"UVR_Unidad de valor real"
"2007/12/25";168,3468;"UVR_Unidad de valor real"
"2007/12/26";168,3723;"UVR_Unidad de valor real"
"2007/12/27";168,3978;"UVR_Unidad de valor real"
"2007/12/28";168,4233;"UVR_Unidad de valor real"
"2007/12/29";168,4487;"UVR_Unidad de valor real"
"2007/12/30";168,4742;"UVR_Unidad de valor real"
"2007/12/31";168,4997;"UVR_Unidad de valor real"
"2008/01/01";168,5252;"UVR_Unidad de valor real"
"2008/01/02";168,5507;"UVR_Unidad de valor real"
"2008/01/03";168,5762;"UVR_Unidad de valor real"
"2008/01/04";168,6017;"UVR_Unidad de valor real"
"2008/01/05";168,6272;"UVR_Unidad de valor real"
"2008/01/06";168,6527;"UVR_Unidad de valor real"
"2008/01/07";168,6782;"UVR_Unidad de valor real"
"2008/01/08";168,7037;"UVR_Unidad de valor real"
"2008/01/09";168,7292;"UVR_Unidad de valor real"
"2008/01/10";168,7548;"UVR_Unidad de valor real"
"2008/01/11";168,7803;"UVR_Unidad de valor real"
"2008/01/12";168,8058;"UVR_Unidad de valor real"
"2008/01/13";168,8314;"UVR_Unidad de valor real"
"2008/01/14";168,8569;"UVR_Unidad de valor real"
"2008/01/15";168,8824;"UVR_Unidad de valor real"
"2008/01/16";168,909;"UVR_Unidad de valor real"
"2008/01/17";168,9357;"UVR_Unidad de valor real"
"2008/01/18";168,9623;"UVR_Unidad de valor real"
"2008/01/19";168,989;"UVR_Unidad de valor real"
"2008/01/20";169,0156;"UVR_Unidad de valor real"
"2008/01/21";169,0423;"UVR_Unidad de valor real"
"2008/01/22";169,0689;"UVR_Unidad de valor real"
"2008/01/23";169,0956;"UVR_Unidad de valor real"
"2008/01/24";169,1222;"UVR_Unidad de valor real"
"2008/01/25";169,1489;"UVR_Unidad de valor real"
"2008/01/26";169,1756;"UVR_Unidad de valor real"
"2008/01/27";169,2023;"UVR_Unidad de valor real"
"2008/01/28";169,2289;"UVR_Unidad de valor real"
"2008/01/29";169,2556;"UVR_Unidad de valor real"
"2008/01/30";169,2823;"UVR_Unidad de valor real"
"2008/01/31";169,309;"UVR_Unidad de valor real"
"2008/02/01";169,3357;"UVR_Unidad de valor real"
"2008/02/02";169,3624;"UVR_Unidad de valor real"
"2008/02/03";169,3891;"UVR_Unidad de valor real"
"2008/02/04";169,4158;"UVR_Unidad de valor real"
"2008/02/05";169,4425;"UVR_Unidad de valor real"
"2008/02/06";169,4693;"UVR_Unidad de valor real"
"2008/02/07";169,496;"UVR_Unidad de valor real"
"2008/02/08";169,5227;"UVR_Unidad de valor real"
"2008/02/09";169,5494;"UVR_Unidad de valor real"
"2008/02/10";169,5762;"UVR_Unidad de valor real"
"2008/02/11";169,6029;"UVR_Unidad de valor real"
"2008/02/12";169,6297;"UVR_Unidad de valor real"
"2008/02/13";169,6564;"UVR_Unidad de valor real"
"2008/02/14";169,6832;"UVR_Unidad de valor real"
"2008/02/15";169,7099;"UVR_Unidad de valor real"
"2008/02/16";169,7716;"UVR_Unidad de valor real"
"2008/02/17";169,8334;"UVR_Unidad de valor real"
"2008/02/18";169,8951;"UVR_Unidad de valor real"
"2008/02/19";169,9569;"UVR_Unidad de valor real"
"2008/02/20";170,0187;"UVR_Unidad de valor real"
"2008/02/21";170,0805;"UVR_Unidad de valor real"
"2008/02/22";170,1424;"UVR_Unidad de valor real"
"2008/02/23";170,2043;"UVR_Unidad de valor real"
"2008/02/24";170,2662;"UVR_Unidad de valor real"
"2008/02/25";170,3281;"UVR_Unidad de valor real"
"2008/02/26";170,39;"UVR_Unidad de valor real"
"2008/02/27";170,452;"UVR_Unidad de valor real"
"2008/02/28";170,514;"UVR_Unidad de valor real"
"2008/02/29";170,576;"UVR_Unidad de valor real"
"2008/03/01";170,638;"UVR_Unidad de valor real"
"2008/03/02";170,7001;"UVR_Unidad de valor real"
"2008/03/03";170,7621;"UVR_Unidad de valor real"
"2008/03/04";170,8242;"UVR_Unidad de valor real"
"2008/03/05";170,8864;"UVR_Unidad de valor real"
"2008/03/06";170,9485;"UVR_Unidad de valor real"
"2008/03/07";171,0107;"UVR_Unidad de valor real"
"2008/03/08";171,0729;"UVR_Unidad de valor real"
"2008/03/09";171,1351;"UVR_Unidad de valor real"
"2008/03/10";171,1973;"UVR_Unidad de valor real"
"2008/03/11";171,2596;"UVR_Unidad de valor real"
"2008/03/12";171,3218;"UVR_Unidad de valor real"
"2008/03/13";171,3842;"UVR_Unidad de valor real"
"2008/03/14";171,4465;"UVR_Unidad de valor real"
"2008/03/15";171,5088;"UVR_Unidad de valor real"
"2008/03/16";171,5917;"UVR_Unidad de valor real"
"2008/03/17";171,6747;"UVR_Unidad de valor real"
"2008/03/18";171,7577;"UVR_Unidad de valor real"
"2008/03/19";171,8408;"UVR_Unidad de valor real"
"2008/03/20";171,9239;"UVR_Unidad de valor real"
"2008/03/21";172,007;"UVR_Unidad de valor real"
"2008/03/22";172,0902;"UVR_Unidad de valor real"
"2008/03/23";172,1734;"UVR_Unidad de valor real"
"2008/03/24";172,2567;"UVR_Unidad de valor real"
"2008/03/25";172,34;"UVR_Unidad de valor real"
"2008/03/26";172,4233;"UVR_Unidad de valor real"
"2008/03/27";172,5067;"UVR_Unidad de valor real"
"2008/03/28";172,5901;"UVR_Unidad de valor real"
"2008/03/29";172,6736;"UVR_Unidad de valor real"
"2008/03/30";172,7571;"UVR_Unidad de valor real"
"2008/03/31";172,8406;"UVR_Unidad de valor real"
"2008/04/01";172,9242;"UVR_Unidad de valor real"
"2008/04/02";173,0078;"UVR_Unidad de valor real"
"2008/04/03";173,0915;"UVR_Unidad de valor real"
"2008/04/04";173,1752;"UVR_Unidad de valor real"
"2008/04/05";173,2589;"UVR_Unidad de valor real"
"2008/04/06";173,3427;"UVR_Unidad de valor real"
"2008/04/07";173,4265;"UVR_Unidad de valor real"
"2008/04/08";173,5104;"UVR_Unidad de valor real"
"2008/04/09";173,5943;"UVR_Unidad de valor real"
"2008/04/10";173,6782;"UVR_Unidad de valor real"
"2008/04/11";173,7622;"UVR_Unidad de valor real"
"2008/04/12";173,8463;"UVR_Unidad de valor real"
"2008/04/13";173,9303;"UVR_Unidad de valor real"
"2008/04/14";174,0144;"UVR_Unidad de valor real"
"2008/04/15";174,0986;"UVR_Unidad de valor real"
"2008/04/16";174,1454;"UVR_Unidad de valor real"
"2008/04/17";174,1923;"UVR_Unidad de valor real"
"2008/04/18";174,2391;"UVR_Unidad de valor real"
"2008/04/19";174,286;"UVR_Unidad de valor real"
"2008/04/20";174,3328;"UVR_Unidad de valor real"
"2008/04/21";174,3797;"UVR_Unidad de valor real"
"2008/04/22";174,4266;"UVR_Unidad de valor real"
"2008/04/23";174,4735;"UVR_Unidad de valor real"
"2008/04/24";174,5205;"UVR_Unidad de valor real"
"2008/04/25";174,5674;"UVR_Unidad de valor real"
"2008/04/26";174,6144;"UVR_Unidad de valor real"
"2008/04/27";174,6613;"UVR_Unidad de valor real"
"2008/04/28";174,7083;"UVR_Unidad de valor real"
"2008/04/29";174,7553;"UVR_Unidad de valor real"
"2008/04/30";174,8023;"UVR_Unidad de valor real"
"2008/05/01";174,8493;"UVR_Unidad de valor real"
"2008/05/02";174,8963;"UVR_Unidad de valor real"
"2008/05/03";174,9434;"UVR_Unidad de valor real"
"2008/05/04";174,9904;"UVR_Unidad de valor real"
"2008/05/05";175,0375;"UVR_Unidad de valor real"
"2008/05/06";175,0845;"UVR_Unidad de valor real"
"2008/05/07";175,1316;"UVR_Unidad de valor real"
"2008/05/08";175,1787;"UVR_Unidad de valor real"
"2008/05/09";175,2258;"UVR_Unidad de valor real"
"2008/05/10";175,273;"UVR_Unidad de valor real"
"2008/05/11";175,3201;"UVR_Unidad de valor real"
"2008/05/12";175,3673;"UVR_Unidad de valor real"
"2008/05/13";175,4144;"UVR_Unidad de valor real"
"2008/05/14";175,4616;"UVR_Unidad de valor real"
"2008/05/15";175,5088;"UVR_Unidad de valor real"
"2008/05/16";175,5489;"UVR_Unidad de valor real"
"2008/05/17";175,5889;"UVR_Unidad de valor real"
"2008/05/18";175,629;"UVR_Unidad de valor real"
"2008/05/19";175,6691;"UVR_Unidad de valor real"
"2008/05/20";175,7092;"UVR_Unidad de valor real"
"2008/05/21";175,7493;"UVR_Unidad de valor real"
"2008/05/22";175,7894;"UVR_Unidad de valor real"
"2008/05/23";175,8295;"UVR_Unidad de valor real"
"2008/05/24";175,8697;"UVR_Unidad de valor real"
"2008/05/25";175,9098;"UVR_Unidad de valor real"
"2008/05/26";175,95;"UVR_Unidad de valor real"
"2008/05/27";175,9901;"UVR_Unidad de valor real"
"2008/05/28";176,0303;"UVR_Unidad de valor real"
"2008/05/29";176,0705;"UVR_Unidad de valor real"
"2008/05/30";176,1107;"UVR_Unidad de valor real"
"2008/05/31";176,1509;"UVR_Unidad de valor real"
"2008/06/01";176,1911;"UVR_Unidad de valor real"
"2008/06/02";176,2313;"UVR_Unidad de valor real"
"2008/06/03";176,2715;"UVR_Unidad de valor real"
"2008/06/04";176,3117;"UVR_Unidad de valor real"
"2008/06/05";176,352;"UVR_Unidad de valor real"
"2008/06/06";176,3922;"UVR_Unidad de valor real"
"2008/06/07";176,4325;"UVR_Unidad de valor real"
"2008/06/08";176,4728;"UVR_Unidad de valor real"
"2008/06/09";176,513;"UVR_Unidad de valor real"
"2008/06/10";176,5533;"UVR_Unidad de valor real"
"2008/06/11";176,5936;"UVR_Unidad de valor real"
"2008/06/12";176,6339;"UVR_Unidad de valor real"
"2008/06/13";176,6743;"UVR_Unidad de valor real"
"2008/06/14";176,7146;"UVR_Unidad de valor real"
"2008/06/15";176,7549;"UVR_Unidad de valor real"
"2008/06/16";176,8094;"UVR_Unidad de valor real"
"2008/06/17";176,864;"UVR_Unidad de valor real"
"2008/06/18";176,9186;"UVR_Unidad de valor real"
"2008/06/19";176,9732;"UVR_Unidad de valor real"
"2008/06/20";177,0278;"UVR_Unidad de valor real"
"2008/06/21";177,0824;"UVR_Unidad de valor real"
"2008/06/22";177,1371;"UVR_Unidad de valor real"
"2008/06/23";177,1918;"UVR_Unidad de valor real"
"2008/06/24";177,2464;"UVR_Unidad de valor real"
"2008/06/25";177,3012;"UVR_Unidad de valor real"
"2008/06/26";177,3559;"UVR_Unidad de valor real"
"2008/06/27";177,4106;"UVR_Unidad de valor real"
"2008/06/28";177,4654;"UVR_Unidad de valor real"
"2008/06/29";177,5201;"UVR_Unidad de valor real"
"2008/06/30";177,5749;"UVR_Unidad de valor real"
"2008/07/01";177,6297;"UVR_Unidad de valor real"
"2008/07/02";177,6845;"UVR_Unidad de valor real"
"2008/07/03";177,7394;"UVR_Unidad de valor real"
"2008/07/04";177,7942;"UVR_Unidad de valor real"
"2008/07/05";177,8491;"UVR_Unidad de valor real"
"2008/07/06";177,904;"UVR_Unidad de valor real"
"2008/07/07";177,9589;"UVR_Unidad de valor real"
"2008/07/08";178,0138;"UVR_Unidad de valor real"
"2008/07/09";178,0687;"UVR_Unidad de valor real"
"2008/07/10";178,1237;"UVR_Unidad de valor real"
"2008/07/11";178,1787;"UVR_Unidad de valor real"
"2008/07/12";178,2337;"UVR_Unidad de valor real"
"2008/07/13";178,2887;"UVR_Unidad de valor real"
"2008/07/14";178,3437;"UVR_Unidad de valor real"
"2008/07/15";178,3987;"UVR_Unidad de valor real"
"2008/07/16";178,448;"UVR_Unidad de valor real"
"2008/07/17";178,4973;"UVR_Unidad de valor real"
"2008/07/18";178,5466;"UVR_Unidad de valor real"
"2008/07/19";178,5959;"UVR_Unidad de valor real"
"2008/07/20";178,6453;"UVR_Unidad de valor real"
"2008/07/21";178,6946;"UVR_Unidad de valor real"
"2008/07/22";178,744;"UVR_Unidad de valor real"
"2008/07/23";178,7934;"UVR_Unidad de valor real"
"2008/07/24";178,8428;"UVR_Unidad de valor real"
"2008/07/25";178,8922;"UVR_Unidad de valor real"
"2008/07/26";178,9416;"UVR_Unidad de valor real"
"2008/07/27";178,991;"UVR_Unidad de valor real"
"2008/07/28";179,0405;"UVR_Unidad de valor real"
"2008/07/29";179,09;"UVR_Unidad de valor real"
"2008/07/30";179,1394;"UVR_Unidad de valor real"
"2008/07/31";179,1889;"UVR_Unidad de valor real"
"2008/08/01";179,2384;"UVR_Unidad de valor real"
"2008/08/02";179,2879;"UVR_Unidad de valor real"
"2008/08/03";179,3375;"UVR_Unidad de valor real"
"2008/08/04";179,387;"UVR_Unidad de valor real"
"2008/08/05";179,4366;"UVR_Unidad de valor real"
"2008/08/06";179,4862;"UVR_Unidad de valor real"
"2008/08/07";179,5357;"UVR_Unidad de valor real"
"2008/08/08";179,5853;"UVR_Unidad de valor real"
"2008/08/09";179,635;"UVR_Unidad de valor real"
"2008/08/10";179,6846;"UVR_Unidad de valor real"
"2008/08/11";179,7342;"UVR_Unidad de valor real"
"2008/08/12";179,7839;"UVR_Unidad de valor real"
"2008/08/13";179,8335;"UVR_Unidad de valor real"
"2008/08/14";179,8832;"UVR_Unidad de valor real"
"2008/08/15";179,9329;"UVR_Unidad de valor real"
"2008/08/16";179,9607;"UVR_Unidad de valor real"
"2008/08/17";179,9885;"UVR_Unidad de valor real"
"2008/08/18";180,0163;"UVR_Unidad de valor real"
"2008/08/19";180,0441;"UVR_Unidad de valor real"
"2008/08/20";180,0719;"UVR_Unidad de valor real"
"2008/08/21";180,0997;"UVR_Unidad de valor real"
"2008/08/22";180,1276;"UVR_Unidad de valor real"
"2008/08/23";180,1554;"UVR_Unidad de valor real"
"2008/08/24";180,1832;"UVR_Unidad de valor real"
"2008/08/25";180,2111;"UVR_Unidad de valor real"
"2008/08/26";180,2389;"UVR_Unidad de valor real"
"2008/08/27";180,2667;"UVR_Unidad de valor real"
"2008/08/28";180,2946;"UVR_Unidad de valor real"
"2008/08/29";180,3224;"UVR_Unidad de valor real"
"2008/08/30";180,3503;"UVR_Unidad de valor real"
"2008/08/31";180,3782;"UVR_Unidad de valor real"
"2008/09/01";180,406;"UVR_Unidad de valor real"
"2008/09/02";180,4339;"UVR_Unidad de valor real"
"2008/09/03";180,4618;"UVR_Unidad de valor real"
"2008/09/04";180,4896;"UVR_Unidad de valor real"
"2008/09/05";180,5175;"UVR_Unidad de valor real"
"2008/09/06";180,5454;"UVR_Unidad de valor real"
"2008/09/07";180,5733;"UVR_Unidad de valor real"
"2008/09/08";180,6012;"UVR_Unidad de valor real"
"2008/09/09";180,6291;"UVR_Unidad de valor real"
"2008/09/10";180,657;"UVR_Unidad de valor real"
"2008/09/11";180,6849;"UVR_Unidad de valor real"
"2008/09/12";180,7128;"UVR_Unidad de valor real"
"2008/09/13";180,7407;"UVR_Unidad de valor real"
"2008/09/14";180,7687;"UVR_Unidad de valor real"
"2008/09/15";180,7966;"UVR_Unidad de valor real"
"2008/09/16";180,808;"UVR_Unidad de valor real"
"2008/09/17";180,8195;"UVR_Unidad de valor real"
"2008/09/18";180,8309;"UVR_Unidad de valor real"
"2008/09/19";180,8424;"UVR_Unidad de valor real"
"2008/09/20";180,8538;"UVR_Unidad de valor real"
"2008/09/21";180,8653;"UVR_Unidad de valor real"
"2008/09/22";180,8767;"UVR_Unidad de valor real"
"2008/09/23";180,8881;"UVR_Unidad de valor real"
"2008/09/24";180,8996;"UVR_Unidad de valor real"
"2008/09/25";180,911;"UVR_Unidad de valor real"
"2008/09/26";180,9225;"UVR_Unidad de valor real"
"2008/09/27";180,9339;"UVR_Unidad de valor real"
"2008/09/28";180,9454;"UVR_Unidad de valor real"
"2008/09/29";180,9568;"UVR_Unidad de valor real"
"2008/09/30";180,9683;"UVR_Unidad de valor real"
"2008/10/01";180,9797;"UVR_Unidad de valor real"
"2008/10/02";180,9912;"UVR_Unidad de valor real"
"2008/10/03";181,0026;"UVR_Unidad de valor real"
"2008/10/04";181,0141;"UVR_Unidad de valor real"
"2008/10/05";181,0255;"UVR_Unidad de valor real"
"2008/10/06";181,037;"UVR_Unidad de valor real"
"2008/10/07";181,0484;"UVR_Unidad de valor real"
"2008/10/08";181,0599;"UVR_Unidad de valor real"
"2008/10/09";181,0714;"UVR_Unidad de valor real"
"2008/10/10";181,0828;"UVR_Unidad de valor real"
"2008/10/11";181,0943;"UVR_Unidad de valor real"
"2008/10/12";181,1057;"UVR_Unidad de valor real"
"2008/10/13";181,1172;"UVR_Unidad de valor real"
"2008/10/14";181,1287;"UVR_Unidad de valor real"
"2008/10/15";181,1401;"UVR_Unidad de valor real"
"2008/10/16";181,129;"UVR_Unidad de valor real"
"2008/10/17";181,1179;"UVR_Unidad de valor real"
"2008/10/18";181,1068;"UVR_Unidad de valor real"
"2008/10/19";181,0957;"UVR_Unidad de valor real"
"2008/10/20";181,0845;"UVR_Unidad de valor real"
"2008/10/21";181,0734;"UVR_Unidad de valor real"
"2008/10/22";181,0623;"UVR_Unidad de valor real"
"2008/10/23";181,0512;"UVR_Unidad de valor real"
"2008/10/24";181,0401;"UVR_Unidad de valor real"
"2008/10/25";181,029;"UVR_Unidad de valor real"
"2008/10/26";181,0179;"UVR_Unidad de valor real"
"2008/10/27";181,0068;"UVR_Unidad de valor real"
"2008/10/28";180,9957;"UVR_Unidad de valor real"
"2008/10/29";180,9846;"UVR_Unidad de valor real"
"2008/10/30";180,9735;"UVR_Unidad de valor real"
"2008/10/31";180,9624;"UVR_Unidad de valor real"
"2008/11/01";180,9513;"UVR_Unidad de valor real"
"2008/11/02";180,9402;"UVR_Unidad de valor real"
"2008/11/03";180,9291;"UVR_Unidad de valor real"
"2008/11/04";180,918;"UVR_Unidad de valor real"
"2008/11/05";180,9069;"UVR_Unidad de valor real"
"2008/11/06";180,8958;"UVR_Unidad de valor real"
"2008/11/07";180,8847;"UVR_Unidad de valor real"
"2008/11/08";180,8736;"UVR_Unidad de valor real"
"2008/11/09";180,8625;"UVR_Unidad de valor real"
"2008/11/10";180,8514;"UVR_Unidad de valor real"
"2008/11/11";180,8403;"UVR_Unidad de valor real"
"2008/11/12";180,8292;"UVR_Unidad de valor real"
"2008/11/13";180,8181;"UVR_Unidad de valor real"
"2008/11/14";180,807;"UVR_Unidad de valor real"
"2008/11/15";180,7959;"UVR_Unidad de valor real"
"2008/11/16";180,817;"UVR_Unidad de valor real"
"2008/11/17";180,838;"UVR_Unidad de valor real"
"2008/11/18";180,8591;"UVR_Unidad de valor real"
"2008/11/19";180,8801;"UVR_Unidad de valor real"
"2008/11/20";180,9012;"UVR_Unidad de valor real"
"2008/11/21";180,9223;"UVR_Unidad de valor real"
"2008/11/22";180,9434;"UVR_Unidad de valor real"
"2008/11/23";180,9644;"UVR_Unidad de valor real"
"2008/11/24";180,9855;"UVR_Unidad de valor real"
"2008/11/25";181,0066;"UVR_Unidad de valor real"
"2008/11/26";181,0277;"UVR_Unidad de valor real"
"2008/11/27";181,0487;"UVR_Unidad de valor real"
"2008/11/28";181,0698;"UVR_Unidad de valor real"
"2008/11/29";181,0909;"UVR_Unidad de valor real"
"2008/11/30";181,112;"UVR_Unidad de valor real"
"2008/12/01";181,1331;"UVR_Unidad de valor real"
"2008/12/02";181,1542;"UVR_Unidad de valor real"
"2008/12/03";181,1753;"UVR_Unidad de valor real"
"2008/12/04";181,1964;"UVR_Unidad de valor real"
"2008/12/05";181,2175;"UVR_Unidad de valor real"
"2008/12/06";181,2386;"UVR_Unidad de valor real"
"2008/12/07";181,2597;"UVR_Unidad de valor real"
"2008/12/08";181,2808;"UVR_Unidad de valor real"
"2008/12/09";181,302;"UVR_Unidad de valor real"
"2008/12/10";181,3231;"UVR_Unidad de valor real"
"2008/12/11";181,3442;"UVR_Unidad de valor real"
"2008/12/12";181,3653;"UVR_Unidad de valor real"
"2008/12/13";181,3864;"UVR_Unidad de valor real"
"2008/12/14";181,4076;"UVR_Unidad de valor real"
"2008/12/15";181,4287;"UVR_Unidad de valor real"
"2008/12/16";181,4451;"UVR_Unidad de valor real"
"2008/12/17";181,4614;"UVR_Unidad de valor real"
"2008/12/18";181,4778;"UVR_Unidad de valor real"
"2008/12/19";181,4942;"UVR_Unidad de valor real"
"2008/12/20";181,5105;"UVR_Unidad de valor real"
"2008/12/21";181,5269;"UVR_Unidad de valor real"
"2008/12/22";181,5433;"UVR_Unidad de valor real"
"2008/12/23";181,5597;"UVR_Unidad de valor real"
"2008/12/24";181,576;"UVR_Unidad de valor real"
"2008/12/25";181,5924;"UVR_Unidad de valor real"
"2008/12/26";181,6088;"UVR_Unidad de valor real"
"2008/12/27";181,6252;"UVR_Unidad de valor real"
"2008/12/28";181,6416;"UVR_Unidad de valor real"
"2008/12/29";181,6579;"UVR_Unidad de valor real"
"2008/12/30";181,6743;"UVR_Unidad de valor real"
"2008/12/31";181,6907;"UVR_Unidad de valor real"
"2009/01/01";181,7071;"UVR_Unidad de valor real"
"2009/01/02";181,7235;"UVR_Unidad de valor real"
"2009/01/03";181,7399;"UVR_Unidad de valor real"
"2009/01/04";181,7563;"UVR_Unidad de valor real"
"2009/01/05";181,7727;"UVR_Unidad de valor real"
"2009/01/06";181,7891;"UVR_Unidad de valor real"
"2009/01/07";181,8055;"UVR_Unidad de valor real"
"2009/01/08";181,8219;"UVR_Unidad de valor real"
"2009/01/09";181,8383;"UVR_Unidad de valor real"
"2009/01/10";181,8547;"UVR_Unidad de valor real"
"2009/01/11";181,8711;"UVR_Unidad de valor real"
"2009/01/12";181,8875;"UVR_Unidad de valor real"
"2009/01/13";181,9039;"UVR_Unidad de valor real"
"2009/01/14";181,9203;"UVR_Unidad de valor real"
"2009/01/15";181,9367;"UVR_Unidad de valor real"
"2009/01/16";181,9625;"UVR_Unidad de valor real"
"2009/01/17";181,9882;"UVR_Unidad de valor real"
"2009/01/18";182,014;"UVR_Unidad de valor real"
"2009/01/19";182,0398;"UVR_Unidad de valor real"
"2009/01/20";182,0656;"UVR_Unidad de valor real"
"2009/01/21";182,0914;"UVR_Unidad de valor real"
"2009/01/22";182,1172;"UVR_Unidad de valor real"
"2009/01/23";182,1429;"UVR_Unidad de valor real"
"2009/01/24";182,1687;"UVR_Unidad de valor real"
"2009/01/25";182,1945;"UVR_Unidad de valor real"
"2009/01/26";182,2204;"UVR_Unidad de valor real"
"2009/01/27";182,2462;"UVR_Unidad de valor real"
"2009/01/28";182,272;"UVR_Unidad de valor real"
"2009/01/29";182,2978;"UVR_Unidad de valor real"
"2009/01/30";182,3236;"UVR_Unidad de valor real"
"2009/01/31";182,3494;"UVR_Unidad de valor real"
"2009/02/01";182,3753;"UVR_Unidad de valor real"
"2009/02/02";182,4011;"UVR_Unidad de valor real"
"2009/02/03";182,4269;"UVR_Unidad de valor real"
"2009/02/04";182,4528;"UVR_Unidad de valor real"
"2009/02/05";182,4786;"UVR_Unidad de valor real"
"2009/02/06";182,5044;"UVR_Unidad de valor real"
"2009/02/07";182,5303;"UVR_Unidad de valor real"
"2009/02/08";182,5562;"UVR_Unidad de valor real"
"2009/02/09";182,582;"UVR_Unidad de valor real"
"2009/02/10";182,6079;"UVR_Unidad de valor real"
"2009/02/11";182,6337;"UVR_Unidad de valor real"
"2009/02/12";182,6596;"UVR_Unidad de valor real"
"2009/02/13";182,6855;"UVR_Unidad de valor real"
"2009/02/14";182,7113;"UVR_Unidad de valor real"
"2009/02/15";182,7372;"UVR_Unidad de valor real"
"2009/02/16";182,7756;"UVR_Unidad de valor real"
"2009/02/17";182,814;"UVR_Unidad de valor real"
"2009/02/18";182,8524;"UVR_Unidad de valor real"
"2009/02/19";182,8908;"UVR_Unidad de valor real"
"2009/02/20";182,9293;"UVR_Unidad de valor real"
"2009/02/21";182,9677;"UVR_Unidad de valor real"
"2009/02/22";183,0061;"UVR_Unidad de valor real"
"2009/02/23";183,0446;"UVR_Unidad de valor real"
"2009/02/24";183,0831;"UVR_Unidad de valor real"
"2009/02/25";183,1215;"UVR_Unidad de valor real"
"2009/02/26";183,16;"UVR_Unidad de valor real"
"2009/02/27";183,1985;"UVR_Unidad de valor real"
"2009/02/28";183,237;"UVR_Unidad de valor real"
"2009/03/01";183,2755;"UVR_Unidad de valor real"
"2009/03/02";183,314;"UVR_Unidad de valor real"
"2009/03/03";183,3525;"UVR_Unidad de valor real"
"2009/03/04";183,391;"UVR_Unidad de valor real"
"2009/03/05";183,4296;"UVR_Unidad de valor real"
"2009/03/06";183,4681;"UVR_Unidad de valor real"
"2009/03/07";183,5067;"UVR_Unidad de valor real"
"2009/03/08";183,5452;"UVR_Unidad de valor real"
"2009/03/09";183,5838;"UVR_Unidad de valor real"
"2009/03/10";183,6224;"UVR_Unidad de valor real"
"2009/03/11";183,6609;"UVR_Unidad de valor real"
"2009/03/12";183,6995;"UVR_Unidad de valor real"
"2009/03/13";183,7381;"UVR_Unidad de valor real"
"2009/03/14";183,7767;"UVR_Unidad de valor real"
"2009/03/15";183,8153;"UVR_Unidad de valor real"
"2009/03/16";183,8649;"UVR_Unidad de valor real"
"2009/03/17";183,9145;"UVR_Unidad de valor real"
"2009/03/18";183,9642;"UVR_Unidad de valor real"
"2009/03/19";184,0138;"UVR_Unidad de valor real"
"2009/03/20";184,0635;"UVR_Unidad de valor real"
"2009/03/21";184,1131;"UVR_Unidad de valor real"
"2009/03/22";184,1628;"UVR_Unidad de valor real"
"2009/03/23";184,2125;"UVR_Unidad de valor real"
"2009/03/24";184,2622;"UVR_Unidad de valor real"
"2009/03/25";184,312;"UVR_Unidad de valor real"
"2009/03/26";184,3617;"UVR_Unidad de valor real"
"2009/03/27";184,4115;"UVR_Unidad de valor real"
"2009/03/28";184,4612;"UVR_Unidad de valor real"
"2009/03/29";184,511;"UVR_Unidad de valor real"
"2009/03/30";184,5608;"UVR_Unidad de valor real"
"2009/03/31";184,6106;"UVR_Unidad de valor real"
"2009/04/01";184,6604;"UVR_Unidad de valor real"
"2009/04/02";184,7103;"UVR_Unidad de valor real"
"2009/04/03";184,7601;"UVR_Unidad de valor real"
"2009/04/04";184,81;"UVR_Unidad de valor real"
"2009/04/05";184,8599;"UVR_Unidad de valor real"
"2009/04/06";184,9097;"UVR_Unidad de valor real"
"2009/04/07";184,9596;"UVR_Unidad de valor real"
"2009/04/08";185,0096;"UVR_Unidad de valor real"
"2009/04/09";185,0595;"UVR_Unidad de valor real"
"2009/04/10";185,1094;"UVR_Unidad de valor real"
"2009/04/11";185,1594;"UVR_Unidad de valor real"
"2009/04/12";185,2094;"UVR_Unidad de valor real"
"2009/04/13";185,2593;"UVR_Unidad de valor real"
"2009/04/14";185,3093;"UVR_Unidad de valor real"
"2009/04/15";185,3593;"UVR_Unidad de valor real"
"2009/04/16";185,3901;"UVR_Unidad de valor real"
"2009/04/17";185,4209;"UVR_Unidad de valor real"
"2009/04/18";185,4518;"UVR_Unidad de valor real"
"2009/04/19";185,4826;"UVR_Unidad de valor real"
"2009/04/20";185,5134;"UVR_Unidad de valor real"
"2009/04/21";185,5443;"UVR_Unidad de valor real"
"2009/04/22";185,5751;"UVR_Unidad de valor real"
"2009/04/23";185,606;"UVR_Unidad de valor real"
"2009/04/24";185,6369;"UVR_Unidad de valor real"
"2009/04/25";185,6677;"UVR_Unidad de valor real"
"2009/04/26";185,6986;"UVR_Unidad de valor real"
"2009/04/27";185,7295;"UVR_Unidad de valor real"
"2009/04/28";185,7603;"UVR_Unidad de valor real"
"2009/04/29";185,7912;"UVR_Unidad de valor real"
"2009/04/30";185,8221;"UVR_Unidad de valor real"
"2009/05/01";185,853;"UVR_Unidad de valor real"
"2009/05/02";185,8839;"UVR_Unidad de valor real"
"2009/05/03";185,9148;"UVR_Unidad de valor real"
"2009/05/04";185,9457;"UVR_Unidad de valor real"
"2009/05/05";185,9767;"UVR_Unidad de valor real"
"2009/05/06";186,0076;"UVR_Unidad de valor real"
"2009/05/07";186,0385;"UVR_Unidad de valor real"
"2009/05/08";186,0694;"UVR_Unidad de valor real"
"2009/05/09";186,1004;"UVR_Unidad de valor real"
"2009/05/10";186,1313;"UVR_Unidad de valor real"
"2009/05/11";186,1623;"UVR_Unidad de valor real"
"2009/05/12";186,1932;"UVR_Unidad de valor real"
"2009/05/13";186,2242;"UVR_Unidad de valor real"
"2009/05/14";186,2551;"UVR_Unidad de valor real"
"2009/05/15";186,2861;"UVR_Unidad de valor real"
"2009/05/16";186,3053;"UVR_Unidad de valor real"
"2009/05/17";186,3245;"UVR_Unidad de valor real"
"2009/05/18";186,3437;"UVR_Unidad de valor real"
"2009/05/19";186,3629;"UVR_Unidad de valor real"
"2009/05/20";186,3821;"UVR_Unidad de valor real"
"2009/05/21";186,4013;"UVR_Unidad de valor real"
"2009/05/22";186,4205;"UVR_Unidad de valor real"
"2009/05/23";186,4398;"UVR_Unidad de valor real"
"2009/05/24";186,459;"UVR_Unidad de valor real"
"2009/05/25";186,4782;"UVR_Unidad de valor real"
"2009/05/26";186,4974;"UVR_Unidad de valor real"
"2009/05/27";186,5166;"UVR_Unidad de valor real"
"2009/05/28";186,5359;"UVR_Unidad de valor real"
"2009/05/29";186,5551;"UVR_Unidad de valor real"
"2009/05/30";186,5743;"UVR_Unidad de valor real"
"2009/05/31";186,5935;"UVR_Unidad de valor real"
"2009/06/01";186,6128;"UVR_Unidad de valor real"
"2009/06/02";186,632;"UVR_Unidad de valor real"
"2009/06/03";186,6512;"UVR_Unidad de valor real"
"2009/06/04";186,6705;"UVR_Unidad de valor real"
"2009/06/05";186,6897;"UVR_Unidad de valor real"
"2009/06/06";186,709;"UVR_Unidad de valor real"
"2009/06/07";186,7282;"UVR_Unidad de valor real"
"2009/06/08";186,7474;"UVR_Unidad de valor real"
"2009/06/09";186,7667;"UVR_Unidad de valor real"
"2009/06/10";186,7859;"UVR_Unidad de valor real"
"2009/06/11";186,8052;"UVR_Unidad de valor real"
"2009/06/12";186,8244;"UVR_Unidad de valor real"
"2009/06/13";186,8437;"UVR_Unidad de valor real"
"2009/06/14";186,863;"UVR_Unidad de valor real"
"2009/06/15";186,8822;"UVR_Unidad de valor real"
"2009/06/16";186,8828;"UVR_Unidad de valor real"
"2009/06/17";186,8834;"UVR_Unidad de valor real"
"2009/06/18";186,8841;"UVR_Unidad de valor real"
"2009/06/19";186,8847;"UVR_Unidad de valor real"
"2009/06/20";186,8853;"UVR_Unidad de valor real"
"2009/06/21";186,8859;"UVR_Unidad de valor real"
"2009/06/22";186,8866;"UVR_Unidad de valor real"
"2009/06/23";186,8872;"UVR_Unidad de valor real"
"2009/06/24";186,8878;"UVR_Unidad de valor real"
"2009/06/25";186,8884;"UVR_Unidad de valor real"
"2009/06/26";186,8891;"UVR_Unidad de valor real"
"2009/06/27";186,8897;"UVR_Unidad de valor real"
"2009/06/28";186,8903;"UVR_Unidad de valor real"
"2009/06/29";186,8909;"UVR_Unidad de valor real"
"2009/06/30";186,8915;"UVR_Unidad de valor real"
"2009/07/01";186,8922;"UVR_Unidad de valor real"
"2009/07/02";186,8928;"UVR_Unidad de valor real"
"2009/07/03";186,8934;"UVR_Unidad de valor real"
"2009/07/04";186,894;"UVR_Unidad de valor real"
"2009/07/05";186,8947;"UVR_Unidad de valor real"
"2009/07/06";186,8953;"UVR_Unidad de valor real"
"2009/07/07";186,8959;"UVR_Unidad de valor real"
"2009/07/08";186,8965;"UVR_Unidad de valor real"
"2009/07/09";186,8972;"UVR_Unidad de valor real"
"2009/07/10";186,8978;"UVR_Unidad de valor real"
"2009/07/11";186,8984;"UVR_Unidad de valor real"
"2009/07/12";186,899;"UVR_Unidad de valor real"
"2009/07/13";186,8996;"UVR_Unidad de valor real"
"2009/07/14";186,9003;"UVR_Unidad de valor real"
"2009/07/15";186,9009;"UVR_Unidad de valor real"
"2009/07/16";186,8973;"UVR_Unidad de valor real"
"2009/07/17";186,8937;"UVR_Unidad de valor real"
"2009/07/18";186,89;"UVR_Unidad de valor real"
"2009/07/19";186,8864;"UVR_Unidad de valor real"
"2009/07/20";186,8828;"UVR_Unidad de valor real"
"2009/07/21";186,8792;"UVR_Unidad de valor real"
"2009/07/22";186,8756;"UVR_Unidad de valor real"
"2009/07/23";186,872;"UVR_Unidad de valor real"
"2009/07/24";186,8683;"UVR_Unidad de valor real"
"2009/07/25";186,8647;"UVR_Unidad de valor real"
"2009/07/26";186,8611;"UVR_Unidad de valor real"
"2009/07/27";186,8575;"UVR_Unidad de valor real"
"2009/07/28";186,8539;"UVR_Unidad de valor real"
"2009/07/29";186,8502;"UVR_Unidad de valor real"
"2009/07/30";186,8466;"UVR_Unidad de valor real"
"2009/07/31";186,843;"UVR_Unidad de valor real"
"2009/08/01";186,8394;"UVR_Unidad de valor real"
"2009/08/02";186,8358;"UVR_Unidad de valor real"
"2009/08/03";186,8322;"UVR_Unidad de valor real"
"2009/08/04";186,8285;"UVR_Unidad de valor real"
"2009/08/05";186,8249;"UVR_Unidad de valor real"
"2009/08/06";186,8213;"UVR_Unidad de valor real"
"2009/08/07";186,8177;"UVR_Unidad de valor real"
"2009/08/08";186,8141;"UVR_Unidad de valor real"
"2009/08/09";186,8105;"UVR_Unidad de valor real"
"2009/08/10";186,8068;"UVR_Unidad de valor real"
"2009/08/11";186,8032;"UVR_Unidad de valor real"
"2009/08/12";186,7996;"UVR_Unidad de valor real"
"2009/08/13";186,796;"UVR_Unidad de valor real"
"2009/08/14";186,7924;"UVR_Unidad de valor real"
"2009/08/15";186,7888;"UVR_Unidad de valor real"
"2009/08/16";186,7864;"UVR_Unidad de valor real"
"2009/08/17";186,784;"UVR_Unidad de valor real"
"2009/08/18";186,7816;"UVR_Unidad de valor real"
"2009/08/19";186,7792;"UVR_Unidad de valor real"
"2009/08/20";186,7767;"UVR_Unidad de valor real"
"2009/08/21";186,7743;"UVR_Unidad de valor real"
"2009/08/22";186,7719;"UVR_Unidad de valor real"
"2009/08/23";186,7695;"UVR_Unidad de valor real"
"2009/08/24";186,7671;"UVR_Unidad de valor real"
"2009/08/25";186,7647;"UVR_Unidad de valor real"
"2009/08/26";186,7623;"UVR_Unidad de valor real"
"2009/08/27";186,7599;"UVR_Unidad de valor real"
"2009/08/28";186,7575;"UVR_Unidad de valor real"
"2009/08/29";186,7551;"UVR_Unidad de valor real"
"2009/08/30";186,7526;"UVR_Unidad de valor real"
"2009/08/31";186,7502;"UVR_Unidad de valor real"
"2009/09/01";186,7478;"UVR_Unidad de valor real"
"2009/09/02";186,7454;"UVR_Unidad de valor real"
"2009/09/03";186,743;"UVR_Unidad de valor real"
"2009/09/04";186,7406;"UVR_Unidad de valor real"
"2009/09/05";186,7382;"UVR_Unidad de valor real"
"2009/09/06";186,7358;"UVR_Unidad de valor real"
"2009/09/07";186,7334;"UVR_Unidad de valor real"
"2009/09/08";186,731;"UVR_Unidad de valor real"
"2009/09/09";186,7285;"UVR_Unidad de valor real"
"2009/09/10";186,7261;"UVR_Unidad de valor real"
"2009/09/11";186,7237;"UVR_Unidad de valor real"
"2009/09/12";186,7213;"UVR_Unidad de valor real"
"2009/09/13";186,7189;"UVR_Unidad de valor real"
"2009/09/14";186,7165;"UVR_Unidad de valor real"
"2009/09/15";186,7141;"UVR_Unidad de valor real"
"2009/09/16";186,7166;"UVR_Unidad de valor real"
"2009/09/17";186,7191;"UVR_Unidad de valor real"
"2009/09/18";186,7216;"UVR_Unidad de valor real"
"2009/09/19";186,7241;"UVR_Unidad de valor real"
"2009/09/20";186,7265;"UVR_Unidad de valor real"
"2009/09/21";186,729;"UVR_Unidad de valor real"
"2009/09/22";186,7315;"UVR_Unidad de valor real"
"2009/09/23";186,734;"UVR_Unidad de valor real"
"2009/09/24";186,7365;"UVR_Unidad de valor real"
"2009/09/25";186,739;"UVR_Unidad de valor real"
"2009/09/26";186,7415;"UVR_Unidad de valor real"
"2009/09/27";186,744;"UVR_Unidad de valor real"
"2009/09/28";186,7465;"UVR_Unidad de valor real"
"2009/09/29";186,7489;"UVR_Unidad de valor real"
"2009/09/30";186,7514;"UVR_Unidad de valor real"
"2009/10/01";186,7539;"UVR_Unidad de valor real"
"2009/10/02";186,7564;"UVR_Unidad de valor real"
"2009/10/03";186,7589;"UVR_Unidad de valor real"
"2009/10/04";186,7614;"UVR_Unidad de valor real"
"2009/10/05";186,7639;"UVR_Unidad de valor real"
"2009/10/06";186,7664;"UVR_Unidad de valor real"
"2009/10/07";186,7689;"UVR_Unidad de valor real"
"2009/10/08";186,7714;"UVR_Unidad de valor real"
"2009/10/09";186,7738;"UVR_Unidad de valor real"
"2009/10/10";186,7763;"UVR_Unidad de valor real"
"2009/10/11";186,7788;"UVR_Unidad de valor real"
"2009/10/12";186,7813;"UVR_Unidad de valor real"
"2009/10/13";186,7838;"UVR_Unidad de valor real"
"2009/10/14";186,7863;"UVR_Unidad de valor real"
"2009/10/15";186,7888;"UVR_Unidad de valor real"
"2009/10/16";186,7822;"UVR_Unidad de valor real"
"2009/10/17";186,7755;"UVR_Unidad de valor real"
"2009/10/18";186,7689;"UVR_Unidad de valor real"
"2009/10/19";186,7623;"UVR_Unidad de valor real"
"2009/10/20";186,7556;"UVR_Unidad de valor real"
"2009/10/21";186,749;"UVR_Unidad de valor real"
"2009/10/22";186,7424;"UVR_Unidad de valor real"
"2009/10/23";186,7358;"UVR_Unidad de valor real"
"2009/10/24";186,7291;"UVR_Unidad de valor real"
"2009/10/25";186,7225;"UVR_Unidad de valor real"
"2009/10/26";186,7159;"UVR_Unidad de valor real"
"2009/10/27";186,7092;"UVR_Unidad de valor real"
"2009/10/28";186,7026;"UVR_Unidad de valor real"
"2009/10/29";186,696;"UVR_Unidad de valor real"
"2009/10/30";186,6894;"UVR_Unidad de valor real"
"2009/10/31";186,6827;"UVR_Unidad de valor real"
"2009/11/01";186,6761;"UVR_Unidad de valor real"
"2009/11/02";186,6695;"UVR_Unidad de valor real"
"2009/11/03";186,6628;"UVR_Unidad de valor real"
"2009/11/04";186,6562;"UVR_Unidad de valor real"
"2009/11/05";186,6496;"UVR_Unidad de valor real"
"2009/11/06";186,643;"UVR_Unidad de valor real"
"2009/11/07";186,6363;"UVR_Unidad de valor real"
"2009/11/08";186,6297;"UVR_Unidad de valor real"
"2009/11/09";186,6231;"UVR_Unidad de valor real"
"2009/11/10";186,6165;"UVR_Unidad de valor real"
"2009/11/11";186,6098;"UVR_Unidad de valor real"
"2009/11/12";186,6032;"UVR_Unidad de valor real"
"2009/11/13";186,5966;"UVR_Unidad de valor real"
"2009/11/14";186,59;"UVR_Unidad de valor real"
"2009/11/15";186,5833;"UVR_Unidad de valor real"
"2009/11/16";186,5752;"UVR_Unidad de valor real"
"2009/11/17";186,5671;"UVR_Unidad de valor real"
"2009/11/18";186,559;"UVR_Unidad de valor real"
"2009/11/19";186,5509;"UVR_Unidad de valor real"
"2009/11/20";186,5429;"UVR_Unidad de valor real"
"2009/11/21";186,5348;"UVR_Unidad de valor real"
"2009/11/22";186,5267;"UVR_Unidad de valor real"
"2009/11/23";186,5186;"UVR_Unidad de valor real"
"2009/11/24";186,5105;"UVR_Unidad de valor real"
"2009/11/25";186,5024;"UVR_Unidad de valor real"
"2009/11/26";186,4943;"UVR_Unidad de valor real"
"2009/11/27";186,4862;"UVR_Unidad de valor real"
"2009/11/28";186,4782;"UVR_Unidad de valor real"
"2009/11/29";186,4701;"UVR_Unidad de valor real"
"2009/11/30";186,462;"UVR_Unidad de valor real"
"2009/12/01";186,4539;"UVR_Unidad de valor real"
"2009/12/02";186,4458;"UVR_Unidad de valor real"
"2009/12/03";186,4377;"UVR_Unidad de valor real"
"2009/12/04";186,4296;"UVR_Unidad de valor real"
"2009/12/05";186,4216;"UVR_Unidad de valor real"
"2009/12/06";186,4135;"UVR_Unidad de valor real"
"2009/12/07";186,4054;"UVR_Unidad de valor real"
"2009/12/08";186,3973;"UVR_Unidad de valor real"
"2009/12/09";186,3892;"UVR_Unidad de valor real"
"2009/12/10";186,3811;"UVR_Unidad de valor real"
"2009/12/11";186,3731;"UVR_Unidad de valor real"
"2009/12/12";186,365;"UVR_Unidad de valor real"
"2009/12/13";186,3569;"UVR_Unidad de valor real"
"2009/12/14";186,3488;"UVR_Unidad de valor real"
"2009/12/15";186,3407;"UVR_Unidad de valor real"
"2009/12/16";186,3365;"UVR_Unidad de valor real"
"2009/12/17";186,3323;"UVR_Unidad de valor real"
"2009/12/18";186,3281;"UVR_Unidad de valor real"
"2009/12/19";186,3239;"UVR_Unidad de valor real"
"2009/12/20";186,3197;"UVR_Unidad de valor real"
"2009/12/21";186,3154;"UVR_Unidad de valor real"
"2009/12/22";186,3112;"UVR_Unidad de valor real"
"2009/12/23";186,307;"UVR_Unidad de valor real"
"2009/12/24";186,3028;"UVR_Unidad de valor real"
"2009/12/25";186,2986;"UVR_Unidad de valor real"
"2009/12/26";186,2944;"UVR_Unidad de valor real"
"2009/12/27";186,2902;"UVR_Unidad de valor real"
"2009/12/28";186,286;"UVR_Unidad de valor real"
"2009/12/29";186,2818;"UVR_Unidad de valor real"
"2009/12/30";186,2776;"UVR_Unidad de valor real"
"2009/12/31";186,2734;"UVR_Unidad de valor real"
"2010/01/01";186,2692;"UVR_Unidad de valor real"
"2010/01/02";186,265;"UVR_Unidad de valor real"
"2010/01/03";186,2607;"UVR_Unidad de valor real"
"2010/01/04";186,2565;"UVR_Unidad de valor real"
"2010/01/05";186,2523;"UVR_Unidad de valor real"
"2010/01/06";186,2481;"UVR_Unidad de valor real"
"2010/01/07";186,2439;"UVR_Unidad de valor real"
"2010/01/08";186,2397;"UVR_Unidad de valor real"
"2010/01/09";186,2355;"UVR_Unidad de valor real"
"2010/01/10";186,2313;"UVR_Unidad de valor real"
"2010/01/11";186,2271;"UVR_Unidad de valor real"
"2010/01/12";186,2229;"UVR_Unidad de valor real"
"2010/01/13";186,2187;"UVR_Unidad de valor real"
"2010/01/14";186,2145;"UVR_Unidad de valor real"
"2010/01/15";186,2103;"UVR_Unidad de valor real"
"2010/01/16";186,2151;"UVR_Unidad de valor real"
"2010/01/17";186,2199;"UVR_Unidad de valor real"
"2010/01/18";186,2247;"UVR_Unidad de valor real"
"2010/01/19";186,2295;"UVR_Unidad de valor real"
"2010/01/20";186,2343;"UVR_Unidad de valor real"
"2010/01/21";186,2391;"UVR_Unidad de valor real"
"2010/01/22";186,2439;"UVR_Unidad de valor real"
"2010/01/23";186,2487;"UVR_Unidad de valor real"
"2010/01/24";186,2535;"UVR_Unidad de valor real"
"2010/01/25";186,2583;"UVR_Unidad de valor real"
"2010/01/26";186,2631;"UVR_Unidad de valor real"
"2010/01/27";186,268;"UVR_Unidad de valor real"
"2010/01/28";186,2728;"UVR_Unidad de valor real"
"2010/01/29";186,2776;"UVR_Unidad de valor real"
"2010/01/30";186,2824;"UVR_Unidad de valor real"
"2010/01/31";186,2872;"UVR_Unidad de valor real"
"2010/02/01";186,292;"UVR_Unidad de valor real"
"2010/02/02";186,2968;"UVR_Unidad de valor real"
"2010/02/03";186,3016;"UVR_Unidad de valor real"
"2010/02/04";186,3064;"UVR_Unidad de valor real"
"2010/02/05";186,3112;"UVR_Unidad de valor real"
"2010/02/06";186,316;"UVR_Unidad de valor real"
"2010/02/07";186,3208;"UVR_Unidad de valor real"
"2010/02/08";186,3256;"UVR_Unidad de valor real"
"2010/02/09";186,3304;"UVR_Unidad de valor real"
"2010/02/10";186,3352;"UVR_Unidad de valor real"
"2010/02/11";186,34;"UVR_Unidad de valor real"
"2010/02/12";186,3448;"UVR_Unidad de valor real"
"2010/02/13";186,3497;"UVR_Unidad de valor real"
"2010/02/14";186,3545;"UVR_Unidad de valor real"
"2010/02/15";186,3593;"UVR_Unidad de valor real"
"2010/02/16";186,4051;"UVR_Unidad de valor real"
"2010/02/17";186,4509;"UVR_Unidad de valor real"
"2010/02/18";186,4967;"UVR_Unidad de valor real"
"2010/02/19";186,5425;"UVR_Unidad de valor real"
"2010/02/20";186,5883;"UVR_Unidad de valor real"
"2010/02/21";186,6341;"UVR_Unidad de valor real"
"2010/02/22";186,6799;"UVR_Unidad de valor real"
"2010/02/23";186,7258;"UVR_Unidad de valor real"
"2010/02/24";186,7717;"UVR_Unidad de valor real"
"2010/02/25";186,8175;"UVR_Unidad de valor real"
"2010/02/26";186,8634;"UVR_Unidad de valor real"
"2010/02/27";186,9093;"UVR_Unidad de valor real"
"2010/02/28";186,9552;"UVR_Unidad de valor real"
"2010/03/01";187,0011;"UVR_Unidad de valor real"
"2010/03/02";187,0471;"UVR_Unidad de valor real"
"2010/03/03";187,093;"UVR_Unidad de valor real"
"2010/03/04";187,139;"UVR_Unidad de valor real"
"2010/03/05";187,1849;"UVR_Unidad de valor real"
"2010/03/06";187,2309;"UVR_Unidad de valor real"
"2010/03/07";187,2769;"UVR_Unidad de valor real"
"2010/03/08";187,3229;"UVR_Unidad de valor real"
"2010/03/09";187,3689;"UVR_Unidad de valor real"
"2010/03/10";187,4149;"UVR_Unidad de valor real"
"2010/03/11";187,4609;"UVR_Unidad de valor real"
"2010/03/12";187,507;"UVR_Unidad de valor real"
"2010/03/13";187,553;"UVR_Unidad de valor real"
"2010/03/14";187,5991;"UVR_Unidad de valor real"
"2010/03/15";187,6452;"UVR_Unidad de valor real"
"2010/03/16";187,6952;"UVR_Unidad de valor real"
"2010/03/17";187,7453;"UVR_Unidad de valor real"
"2010/03/18";187,7954;"UVR_Unidad de valor real"
"2010/03/19";187,8454;"UVR_Unidad de valor real"
"2010/03/20";187,8955;"UVR_Unidad de valor real"
"2010/03/21";187,9456;"UVR_Unidad de valor real"
"2010/03/22";187,9958;"UVR_Unidad de valor real"
"2010/03/23";188,0459;"UVR_Unidad de valor real"
"2010/03/24";188,096;"UVR_Unidad de valor real"
"2010/03/25";188,1462;"UVR_Unidad de valor real"
"2010/03/26";188,1964;"UVR_Unidad de valor real"
"2010/03/27";188,2466;"UVR_Unidad de valor real"
"2010/03/28";188,2968;"UVR_Unidad de valor real"
"2010/03/29";188,347;"UVR_Unidad de valor real"
"2010/03/30";188,3972;"UVR_Unidad de valor real"
"2010/03/31";188,4474;"UVR_Unidad de valor real"
"2010/04/01";188,4977;"UVR_Unidad de valor real"
"2010/04/02";188,548;"UVR_Unidad de valor real"
"2010/04/03";188,5982;"UVR_Unidad de valor real"
"2010/04/04";188,6485;"UVR_Unidad de valor real"
"2010/04/05";188,6988;"UVR_Unidad de valor real"
"2010/04/06";188,7492;"UVR_Unidad de valor real"
"2010/04/07";188,7995;"UVR_Unidad de valor real"
"2010/04/08";188,8498;"UVR_Unidad de valor real"
"2010/04/09";188,9002;"UVR_Unidad de valor real"
"2010/04/10";188,9506;"UVR_Unidad de valor real"
"2010/04/11";189,001;"UVR_Unidad de valor real"
"2010/04/12";189,0514;"UVR_Unidad de valor real"
"2010/04/13";189,1018;"UVR_Unidad de valor real"
"2010/04/14";189,1522;"UVR_Unidad de valor real"
"2010/04/15";189,2027;"UVR_Unidad de valor real"
"2010/04/16";189,2184;"UVR_Unidad de valor real"
"2010/04/17";189,2342;"UVR_Unidad de valor real"
"2010/04/18";189,2499;"UVR_Unidad de valor real"
"2010/04/19";189,2657;"UVR_Unidad de valor real"
"2010/04/20";189,2815;"UVR_Unidad de valor real"
"2010/04/21";189,2972;"UVR_Unidad de valor real"
"2010/04/22";189,313;"UVR_Unidad de valor real"
"2010/04/23";189,3287;"UVR_Unidad de valor real"
"2010/04/24";189,3445;"UVR_Unidad de valor real"
"2010/04/25";189,3602;"UVR_Unidad de valor real"
"2010/04/26";189,376;"UVR_Unidad de valor real"
"2010/04/27";189,3918;"UVR_Unidad de valor real"
"2010/04/28";189,4075;"UVR_Unidad de valor real"
"2010/04/29";189,4233;"UVR_Unidad de valor real"
"2010/04/30";189,4391;"UVR_Unidad de valor real"
"2010/05/01";189,4548;"UVR_Unidad de valor real"
"2010/05/02";189,4706;"UVR_Unidad de valor real"
"2010/05/03";189,4864;"UVR_Unidad de valor real"
"2010/05/04";189,5021;"UVR_Unidad de valor real"
"2010/05/05";189,5179;"UVR_Unidad de valor real"
"2010/05/06";189,5337;"UVR_Unidad de valor real"
"2010/05/07";189,5495;"UVR_Unidad de valor real"
"2010/05/08";189,5652;"UVR_Unidad de valor real"
"2010/05/09";189,581;"UVR_Unidad de valor real"
"2010/05/10";189,5968;"UVR_Unidad de valor real"
"2010/05/11";189,6126;"UVR_Unidad de valor real"
"2010/05/12";189,6284;"UVR_Unidad de valor real"
"2010/05/13";189,6441;"UVR_Unidad de valor real"
"2010/05/14";189,6599;"UVR_Unidad de valor real"
"2010/05/15";189,6757;"UVR_Unidad de valor real"
"2010/05/16";189,7038;"UVR_Unidad de valor real"
"2010/05/17";189,7319;"UVR_Unidad de valor real"
"2010/05/18";189,76;"UVR_Unidad de valor real"
"2010/05/19";189,7881;"UVR_Unidad de valor real"
"2010/05/20";189,8162;"UVR_Unidad de valor real"
"2010/05/21";189,8443;"UVR_Unidad de valor real"
"2010/05/22";189,8724;"UVR_Unidad de valor real"
"2010/05/23";189,9005;"UVR_Unidad de valor real"
"2010/05/24";189,9286;"UVR_Unidad de valor real"
"2010/05/25";189,9567;"UVR_Unidad de valor real"
"2010/05/26";189,9848;"UVR_Unidad de valor real"
"2010/05/27";190,013;"UVR_Unidad de valor real"
"2010/05/28";190,0411;"UVR_Unidad de valor real"
"2010/05/29";190,0692;"UVR_Unidad de valor real"
"2010/05/30";190,0974;"UVR_Unidad de valor real"
"2010/05/31";190,1255;"UVR_Unidad de valor real"
"2010/06/01";190,1537;"UVR_Unidad de valor real"
"2010/06/02";190,1818;"UVR_Unidad de valor real"
"2010/06/03";190,21;"UVR_Unidad de valor real"
"2010/06/04";190,2382;"UVR_Unidad de valor real"
"2010/06/05";190,2663;"UVR_Unidad de valor real"
"2010/06/06";190,2945;"UVR_Unidad de valor real"
"2010/06/07";190,3227;"UVR_Unidad de valor real"
"2010/06/08";190,3508;"UVR_Unidad de valor real"
"2010/06/09";190,379;"UVR_Unidad de valor real"
"2010/06/10";190,4072;"UVR_Unidad de valor real"
"2010/06/11";190,4354;"UVR_Unidad de valor real"
"2010/06/12";190,4636;"UVR_Unidad de valor real"
"2010/06/13";190,4918;"UVR_Unidad de valor real"
"2010/06/14";190,52;"UVR_Unidad de valor real"
"2010/06/15";190,5482;"UVR_Unidad de valor real"
"2010/06/16";190,5545;"UVR_Unidad de valor real"
"2010/06/17";190,5609;"UVR_Unidad de valor real"
"2010/06/18";190,5672;"UVR_Unidad de valor real"
"2010/06/19";190,5736;"UVR_Unidad de valor real"
"2010/06/20";190,5799;"UVR_Unidad de valor real"
"2010/06/21";190,5863;"UVR_Unidad de valor real"
"2010/06/22";190,5926;"UVR_Unidad de valor real"
"2010/06/23";190,599;"UVR_Unidad de valor real"
"2010/06/24";190,6053;"UVR_Unidad de valor real"
"2010/06/25";190,6117;"UVR_Unidad de valor real"
"2010/06/26";190,618;"UVR_Unidad de valor real"
"2010/06/27";190,6244;"UVR_Unidad de valor real"
"2010/06/28";190,6307;"UVR_Unidad de valor real"
"2010/06/29";190,6371;"UVR_Unidad de valor real"
"2010/06/30";190,6435;"UVR_Unidad de valor real"
"2010/07/01";190,6498;"UVR_Unidad de valor real"
"2010/07/02";190,6562;"UVR_Unidad de valor real"
"2010/07/03";190,6625;"UVR_Unidad de valor real"
"2010/07/04";190,6689;"UVR_Unidad de valor real"
"2010/07/05";190,6752;"UVR_Unidad de valor real"
"2010/07/06";190,6816;"UVR_Unidad de valor real"
"2010/07/07";190,6879;"UVR_Unidad de valor real"
"2010/07/08";190,6943;"UVR_Unidad de valor real"
"2010/07/09";190,7006;"UVR_Unidad de valor real"
"2010/07/10";190,707;"UVR_Unidad de valor real"
"2010/07/11";190,7133;"UVR_Unidad de valor real"
"2010/07/12";190,7197;"UVR_Unidad de valor real"
"2010/07/13";190,726;"UVR_Unidad de valor real"
"2010/07/14";190,7324;"UVR_Unidad de valor real"
"2010/07/15";190,7387;"UVR_Unidad de valor real"
"2010/07/16";190,7455;"UVR_Unidad de valor real"
"2010/07/17";190,7522;"UVR_Unidad de valor real"
"2010/07/18";190,759;"UVR_Unidad de valor real"
"2010/07/19";190,7658;"UVR_Unidad de valor real"
"2010/07/20";190,7725;"UVR_Unidad de valor real"
"2010/07/21";190,7793;"UVR_Unidad de valor real"
"2010/07/22";190,7861;"UVR_Unidad de valor real"
"2010/07/23";190,7928;"UVR_Unidad de valor real"
"2010/07/24";190,7996;"UVR_Unidad de valor real"
"2010/07/25";190,8064;"UVR_Unidad de valor real"
"2010/07/26";190,8131;"UVR_Unidad de valor real"
"2010/07/27";190,8199;"UVR_Unidad de valor real"
"2010/07/28";190,8267;"UVR_Unidad de valor real"
"2010/07/29";190,8334;"UVR_Unidad de valor real"
"2010/07/30";190,8402;"UVR_Unidad de valor real"
"2010/07/31";190,847;"UVR_Unidad de valor real"
"2010/08/01";190,8537;"UVR_Unidad de valor real"
"2010/08/02";190,8605;"UVR_Unidad de valor real"
"2010/08/03";190,8673;"UVR_Unidad de valor real"
"2010/08/04";190,874;"UVR_Unidad de valor real"
"2010/08/05";190,8808;"UVR_Unidad de valor real"
"2010/08/06";190,8876;"UVR_Unidad de valor real"
"2010/08/07";190,8943;"UVR_Unidad de valor real"
"2010/08/08";190,9011;"UVR_Unidad de valor real"
"2010/08/09";190,9079;"UVR_Unidad de valor real"
"2010/08/10";190,9147;"UVR_Unidad de valor real"
"2010/08/11";190,9214;"UVR_Unidad de valor real"
"2010/08/12";190,9282;"UVR_Unidad de valor real"
"2010/08/13";190,935;"UVR_Unidad de valor real"
"2010/08/14";190,9417;"UVR_Unidad de valor real"
"2010/08/15";190,9485;"UVR_Unidad de valor real"
"2010/08/16";190,946;"UVR_Unidad de valor real"
"2010/08/17";190,9436;"UVR_Unidad de valor real"
"2010/08/18";190,9411;"UVR_Unidad de valor real"
"2010/08/19";190,9386;"UVR_Unidad de valor real"
"2010/08/20";190,9362;"UVR_Unidad de valor real"
"2010/08/21";190,9337;"UVR_Unidad de valor real"
"2010/08/22";190,9313;"UVR_Unidad de valor real"
"2010/08/23";190,9288;"UVR_Unidad de valor real"
"2010/08/24";190,9263;"UVR_Unidad de valor real"
"2010/08/25";190,9239;"UVR_Unidad de valor real"
"2010/08/26";190,9214;"UVR_Unidad de valor real"
"2010/08/27";190,9189;"UVR_Unidad de valor real"
"2010/08/28";190,9165;"UVR_Unidad de valor real"
"2010/08/29";190,914;"UVR_Unidad de valor real"
"2010/08/30";190,9115;"UVR_Unidad de valor real"
"2010/08/31";190,9091;"UVR_Unidad de valor real"
"2010/09/01";190,9066;"UVR_Unidad de valor real"
"2010/09/02";190,9041;"UVR_Unidad de valor real"
"2010/09/03";190,9017;"UVR_Unidad de valor real"
"2010/09/04";190,8992;"UVR_Unidad de valor real"
"2010/09/05";190,8968;"UVR_Unidad de valor real"
"2010/09/06";190,8943;"UVR_Unidad de valor real"
"2010/09/07";190,8918;"UVR_Unidad de valor real"
"2010/09/08";190,8894;"UVR_Unidad de valor real"
"2010/09/09";190,8869;"UVR_Unidad de valor real"
"2010/09/10";190,8844;"UVR_Unidad de valor real"
"2010/09/11";190,882;"UVR_Unidad de valor real"
"2010/09/12";190,8795;"UVR_Unidad de valor real"
"2010/09/13";190,877;"UVR_Unidad de valor real"
"2010/09/14";190,8746;"UVR_Unidad de valor real"
"2010/09/15";190,8721;"UVR_Unidad de valor real"
"2010/09/16";190,8791;"UVR_Unidad de valor real"
"2010/09/17";190,8861;"UVR_Unidad de valor real"
"2010/09/18";190,8931;"UVR_Unidad de valor real"
"2010/09/19";190,9001;"UVR_Unidad de valor real"
"2010/09/20";190,9071;"UVR_Unidad de valor real"
"2010/09/21";190,9141;"UVR_Unidad de valor real"
"2010/09/22";190,9211;"UVR_Unidad de valor real"
"2010/09/23";190,9281;"UVR_Unidad de valor real"
"2010/09/24";190,9351;"UVR_Unidad de valor real"
"2010/09/25";190,9421;"UVR_Unidad de valor real"
"2010/09/26";190,9491;"UVR_Unidad de valor real"
"2010/09/27";190,9561;"UVR_Unidad de valor real"
"2010/09/28";190,9631;"UVR_Unidad de valor real"
"2010/09/29";190,9701;"UVR_Unidad de valor real"
"2010/09/30";190,9771;"UVR_Unidad de valor real"
"2010/10/01";190,984;"UVR_Unidad de valor real"
"2010/10/02";190,991;"UVR_Unidad de valor real"
"2010/10/03";190,998;"UVR_Unidad de valor real"
"2010/10/04";191,005;"UVR_Unidad de valor real"
"2010/10/05";191,012;"UVR_Unidad de valor real"
"2010/10/06";191,019;"UVR_Unidad de valor real"
"2010/10/07";191,026;"UVR_Unidad de valor real"
"2010/10/08";191,033;"UVR_Unidad de valor real"
"2010/10/09";191,04;"UVR_Unidad de valor real"
"2010/10/10";191,0471;"UVR_Unidad de valor real"
"2010/10/11";191,0541;"UVR_Unidad de valor real"
"2010/10/12";191,0611;"UVR_Unidad de valor real"
"2010/10/13";191,0681;"UVR_Unidad de valor real"
"2010/10/14";191,0751;"UVR_Unidad de valor real"
"2010/10/15";191,0821;"UVR_Unidad de valor real"
"2010/10/16";191,0735;"UVR_Unidad de valor real"
"2010/10/17";191,0648;"UVR_Unidad de valor real"
"2010/10/18";191,0562;"UVR_Unidad de valor real"
"2010/10/19";191,0476;"UVR_Unidad de valor real"
"2010/10/20";191,0389;"UVR_Unidad de valor real"
"2010/10/21";191,0303;"UVR_Unidad de valor real"
"2010/10/22";191,0217;"UVR_Unidad de valor real"
"2010/10/23";191,013;"UVR_Unidad de valor real"
"2010/10/24";191,0044;"UVR_Unidad de valor real"
"2010/10/25";190,9958;"UVR_Unidad de valor real"
"2010/10/26";190,9871;"UVR_Unidad de valor real"
"2010/10/27";190,9785;"UVR_Unidad de valor real"
"2010/10/28";190,9699;"UVR_Unidad de valor real"
"2010/10/29";190,9612;"UVR_Unidad de valor real"
"2010/10/30";190,9526;"UVR_Unidad de valor real"
"2010/10/31";190,944;"UVR_Unidad de valor real"
"2010/11/01";190,9354;"UVR_Unidad de valor real"
"2010/11/02";190,9267;"UVR_Unidad de valor real"
"2010/11/03";190,9181;"UVR_Unidad de valor real"
"2010/11/04";190,9095;"UVR_Unidad de valor real"
"2010/11/05";190,9008;"UVR_Unidad de valor real"
"2010/11/06";190,8922;"UVR_Unidad de valor real"
"2010/11/07";190,8836;"UVR_Unidad de valor real"
"2010/11/08";190,875;"UVR_Unidad de valor real"
"2010/11/09";190,8663;"UVR_Unidad de valor real"
"2010/11/10";190,8577;"UVR_Unidad de valor real"
"2010/11/11";190,8491;"UVR_Unidad de valor real"
"2010/11/12";190,8405;"UVR_Unidad de valor real"
"2010/11/13";190,8318;"UVR_Unidad de valor real"
"2010/11/14";190,8232;"UVR_Unidad de valor real"
"2010/11/15";190,8146;"UVR_Unidad de valor real"
"2010/11/16";190,8089;"UVR_Unidad de valor real"
"2010/11/17";190,8031;"UVR_Unidad de valor real"
"2010/11/18";190,7974;"UVR_Unidad de valor real"
"2010/11/19";190,7917;"UVR_Unidad de valor real"
"2010/11/20";190,786;"UVR_Unidad de valor real"
"2010/11/21";190,7802;"UVR_Unidad de valor real"
"2010/11/22";190,7745;"UVR_Unidad de valor real"
"2010/11/23";190,7688;"UVR_Unidad de valor real"
"2010/11/24";190,7631;"UVR_Unidad de valor real"
"2010/11/25";190,7573;"UVR_Unidad de valor real"
"2010/11/26";190,7516;"UVR_Unidad de valor real"
"2010/11/27";190,7459;"UVR_Unidad de valor real"
"2010/11/28";190,7402;"UVR_Unidad de valor real"
"2010/11/29";190,7344;"UVR_Unidad de valor real"
"2010/11/30";190,7287;"UVR_Unidad de valor real"
"2010/12/01";190,723;"UVR_Unidad de valor real"
"2010/12/02";190,7173;"UVR_Unidad de valor real"
"2010/12/03";190,7115;"UVR_Unidad de valor real"
"2010/12/04";190,7058;"UVR_Unidad de valor real"
"2010/12/05";190,7001;"UVR_Unidad de valor real"
"2010/12/06";190,6944;"UVR_Unidad de valor real"
"2010/12/07";190,6886;"UVR_Unidad de valor real"
"2010/12/08";190,6829;"UVR_Unidad de valor real"
"2010/12/09";190,6772;"UVR_Unidad de valor real"
"2010/12/10";190,6715;"UVR_Unidad de valor real"
"2010/12/11";190,6658;"UVR_Unidad de valor real"
"2010/12/12";190,66;"UVR_Unidad de valor real"
"2010/12/13";190,6543;"UVR_Unidad de valor real"
"2010/12/14";190,6486;"UVR_Unidad de valor real"
"2010/12/15";190,6429;"UVR_Unidad de valor real"
"2010/12/16";190,6546;"UVR_Unidad de valor real"
"2010/12/17";190,6662;"UVR_Unidad de valor real"
"2010/12/18";190,6779;"UVR_Unidad de valor real"
"2010/12/19";190,6896;"UVR_Unidad de valor real"
"2010/12/20";190,7013;"UVR_Unidad de valor real"
"2010/12/21";190,713;"UVR_Unidad de valor real"
"2010/12/22";190,7246;"UVR_Unidad de valor real"
"2010/12/23";190,7363;"UVR_Unidad de valor real"
"2010/12/24";190,748;"UVR_Unidad de valor real"
"2010/12/25";190,7597;"UVR_Unidad de valor real"
"2010/12/26";190,7714;"UVR_Unidad de valor real"
"2010/12/27";190,783;"UVR_Unidad de valor real"
"2010/12/28";190,7947;"UVR_Unidad de valor real"
"2010/12/29";190,8064;"UVR_Unidad de valor real"
"2010/12/30";190,8181;"UVR_Unidad de valor real"
"2010/12/31";190,8298;"UVR_Unidad de valor real"
"2011/01/01";190,8415;"UVR_Unidad de valor real"
"2011/01/02";190,8531;"UVR_Unidad de valor real"
"2011/01/03";190,8648;"UVR_Unidad de valor real"
"2011/01/04";190,8765;"UVR_Unidad de valor real"
"2011/01/05";190,8882;"UVR_Unidad de valor real"
"2011/01/06";190,8999;"UVR_Unidad de valor real"
"2011/01/07";190,9116;"UVR_Unidad de valor real"
"2011/01/08";190,9233;"UVR_Unidad de valor real"
"2011/01/09";190,935;"UVR_Unidad de valor real"
"2011/01/10";190,9467;"UVR_Unidad de valor real"
"2011/01/11";190,9583;"UVR_Unidad de valor real"
"2011/01/12";190,97;"UVR_Unidad de valor real"
"2011/01/13";190,9817;"UVR_Unidad de valor real"
"2011/01/14";190,9934;"UVR_Unidad de valor real"
"2011/01/15";191,0051;"UVR_Unidad de valor real"
"2011/01/16";191,045;"UVR_Unidad de valor real"
"2011/01/17";191,085;"UVR_Unidad de valor real"
"2011/01/18";191,1249;"UVR_Unidad de valor real"
"2011/01/19";191,1648;"UVR_Unidad de valor real"
"2011/01/20";191,2048;"UVR_Unidad de valor real"
"2011/01/21";191,2448;"UVR_Unidad de valor real"
"2011/01/22";191,2847;"UVR_Unidad de valor real"
"2011/01/23";191,3247;"UVR_Unidad de valor real"
"2011/01/24";191,3647;"UVR_Unidad de valor real"
"2011/01/25";191,4047;"UVR_Unidad de valor real"
"2011/01/26";191,4447;"UVR_Unidad de valor real"
"2011/01/27";191,4847;"UVR_Unidad de valor real"
"2011/01/28";191,5248;"UVR_Unidad de valor real"
"2011/01/29";191,5648;"UVR_Unidad de valor real"
"2011/01/30";191,6048;"UVR_Unidad de valor real"
"2011/01/31";191,6449;"UVR_Unidad de valor real"
"2011/02/01";191,6849;"UVR_Unidad de valor real"
"2011/02/02";191,725;"UVR_Unidad de valor real"
"2011/02/03";191,7651;"UVR_Unidad de valor real"
"2011/02/04";191,8052;"UVR_Unidad de valor real"
"2011/02/05";191,8453;"UVR_Unidad de valor real"
"2011/02/06";191,8854;"UVR_Unidad de valor real"
"2011/02/07";191,9255;"UVR_Unidad de valor real"
"2011/02/08";191,9656;"UVR_Unidad de valor real"
"2011/02/09";192,0057;"UVR_Unidad de valor real"
"2011/02/10";192,0458;"UVR_Unidad de valor real"
"2011/02/11";192,086;"UVR_Unidad de valor real"
"2011/02/12";192,1261;"UVR_Unidad de valor real"
"2011/02/13";192,1663;"UVR_Unidad de valor real"
"2011/02/14";192,2065;"UVR_Unidad de valor real"
"2011/02/15";192,2466;"UVR_Unidad de valor real"
"2011/02/16";192,3088;"UVR_Unidad de valor real"
"2011/02/17";192,371;"UVR_Unidad de valor real"
"2011/02/18";192,4333;"UVR_Unidad de valor real"
"2011/02/19";192,4956;"UVR_Unidad de valor real"
"2011/02/20";192,5578;"UVR_Unidad de valor real"
"2011/02/21";192,6201;"UVR_Unidad de valor real"
"2011/02/22";192,6825;"UVR_Unidad de valor real"
"2011/02/23";192,7448;"UVR_Unidad de valor real"
"2011/02/24";192,8072;"UVR_Unidad de valor real"
"2011/02/25";192,8696;"UVR_Unidad de valor real"
"2011/02/26";192,932;"UVR_Unidad de valor real"
"2011/02/27";192,9944;"UVR_Unidad de valor real"
"2011/02/28";193,0569;"UVR_Unidad de valor real"
"2011/03/01";193,1193;"UVR_Unidad de valor real"
"2011/03/02";193,1818;"UVR_Unidad de valor real"
"2011/03/03";193,2443;"UVR_Unidad de valor real"
"2011/03/04";193,3069;"UVR_Unidad de valor real"
"2011/03/05";193,3694;"UVR_Unidad de valor real"
"2011/03/06";193,432;"UVR_Unidad de valor real"
"2011/03/07";193,4946;"UVR_Unidad de valor real"
"2011/03/08";193,5572;"UVR_Unidad de valor real"
"2011/03/09";193,6198;"UVR_Unidad de valor real"
"2011/03/10";193,6825;"UVR_Unidad de valor real"
"2011/03/11";193,7452;"UVR_Unidad de valor real"
"2011/03/12";193,8078;"UVR_Unidad de valor real"
"2011/03/13";193,8706;"UVR_Unidad de valor real"
"2011/03/14";193,9333;"UVR_Unidad de valor real"
"2011/03/15";193,996;"UVR_Unidad de valor real"
"2011/03/16";194,0334;"UVR_Unidad de valor real"
"2011/03/17";194,0709;"UVR_Unidad de valor real"
"2011/03/18";194,1083;"UVR_Unidad de valor real"
"2011/03/19";194,1458;"UVR_Unidad de valor real"
"2011/03/20";194,1833;"UVR_Unidad de valor real"
"2011/03/21";194,2207;"UVR_Unidad de valor real"
"2011/03/22";194,2582;"UVR_Unidad de valor real"
"2011/03/23";194,2957;"UVR_Unidad de valor real"
"2011/03/24";194,3332;"UVR_Unidad de valor real"
"2011/03/25";194,3707;"UVR_Unidad de valor real"
"2011/03/26";194,4082;"UVR_Unidad de valor real"
"2011/03/27";194,4457;"UVR_Unidad de valor real"
"2011/03/28";194,4833;"UVR_Unidad de valor real"
"2011/03/29";194,5208;"UVR_Unidad de valor real"
"2011/03/30";194,5583;"UVR_Unidad de valor real"
"2011/03/31";194,5959;"UVR_Unidad de valor real"
"2011/04/01";194,6334;"UVR_Unidad de valor real"
"2011/04/02";194,671;"UVR_Unidad de valor real"
"2011/04/03";194,7086;"UVR_Unidad de valor real"
"2011/04/04";194,7462;"UVR_Unidad de valor real"
"2011/04/05";194,7837;"UVR_Unidad de valor real"
"2011/04/06";194,8213;"UVR_Unidad de valor real"
"2011/04/07";194,8589;"UVR_Unidad de valor real"
"2011/04/08";194,8965;"UVR_Unidad de valor real"
"2011/04/09";194,9341;"UVR_Unidad de valor real"
"2011/04/10";194,9718;"UVR_Unidad de valor real"
"2011/04/11";195,0094;"UVR_Unidad de valor real"
"2011/04/12";195,047;"UVR_Unidad de valor real"
"2011/04/13";195,0847;"UVR_Unidad de valor real"
"2011/04/14";195,1223;"UVR_Unidad de valor real"
"2011/04/15";195,16;"UVR_Unidad de valor real"
"2011/04/16";195,1775;"UVR_Unidad de valor real"
"2011/04/17";195,1951;"UVR_Unidad de valor real"
"2011/04/18";195,2126;"UVR_Unidad de valor real"
"2011/04/19";195,2302;"UVR_Unidad de valor real"
"2011/04/20";195,2477;"UVR_Unidad de valor real"
"2011/04/21";195,2653;"UVR_Unidad de valor real"
"2011/04/22";195,2828;"UVR_Unidad de valor real"
"2011/04/23";195,3004;"UVR_Unidad de valor real"
"2011/04/24";195,3179;"UVR_Unidad de valor real"
"2011/04/25";195,3355;"UVR_Unidad de valor real"
"2011/04/26";195,353;"UVR_Unidad de valor real"
"2011/04/27";195,3706;"UVR_Unidad de valor real"
"2011/04/28";195,3882;"UVR_Unidad de valor real"
"2011/04/29";195,4057;"UVR_Unidad de valor real"
"2011/04/30";195,4233;"UVR_Unidad de valor real"
"2011/05/01";195,4409;"UVR_Unidad de valor real"
"2011/05/02";195,4584;"UVR_Unidad de valor real"
"2011/05/03";195,476;"UVR_Unidad de valor real"
"2011/05/04";195,4936;"UVR_Unidad de valor real"
"2011/05/05";195,5111;"UVR_Unidad de valor real"
"2011/05/06";195,5287;"UVR_Unidad de valor real"
"2011/05/07";195,5463;"UVR_Unidad de valor real"
"2011/05/08";195,5639;"UVR_Unidad de valor real"
"2011/05/09";195,5814;"UVR_Unidad de valor real"
"2011/05/10";195,599;"UVR_Unidad de valor real"
"2011/05/11";195,6166;"UVR_Unidad de valor real"
"2011/05/12";195,6342;"UVR_Unidad de valor real"
"2011/05/13";195,6518;"UVR_Unidad de valor real"
"2011/05/14";195,6693;"UVR_Unidad de valor real"
"2011/05/15";195,6869;"UVR_Unidad de valor real"
"2011/05/16";195,6945;"UVR_Unidad de valor real"
"2011/05/17";195,702;"UVR_Unidad de valor real"
"2011/05/18";195,7096;"UVR_Unidad de valor real"
"2011/05/19";195,7172;"UVR_Unidad de valor real"
"2011/05/20";195,7248;"UVR_Unidad de valor real"
"2011/05/21";195,7323;"UVR_Unidad de valor real"
"2011/05/22";195,7399;"UVR_Unidad de valor real"
"2011/05/23";195,7475;"UVR_Unidad de valor real"
"2011/05/24";195,755;"UVR_Unidad de valor real"
"2011/05/25";195,7626;"UVR_Unidad de valor real"
"2011/05/26";195,7702;"UVR_Unidad de valor real"
"2011/05/27";195,7778;"UVR_Unidad de valor real"
"2011/05/28";195,7853;"UVR_Unidad de valor real"
"2011/05/29";195,7929;"UVR_Unidad de valor real"
"2011/05/30";195,8005;"UVR_Unidad de valor real"
"2011/05/31";195,8081;"UVR_Unidad de valor real"
"2011/06/01";195,8156;"UVR_Unidad de valor real"
"2011/06/02";195,8232;"UVR_Unidad de valor real"
"2011/06/03";195,8308;"UVR_Unidad de valor real"
"2011/06/04";195,8384;"UVR_Unidad de valor real"
"2011/06/05";195,8459;"UVR_Unidad de valor real"
"2011/06/06";195,8535;"UVR_Unidad de valor real"
"2011/06/07";195,8611;"UVR_Unidad de valor real"
"2011/06/08";195,8687;"UVR_Unidad de valor real"
"2011/06/09";195,8763;"UVR_Unidad de valor real"
"2011/06/10";195,8838;"UVR_Unidad de valor real"
"2011/06/11";195,8914;"UVR_Unidad de valor real"
"2011/06/12";195,899;"UVR_Unidad de valor real"
"2011/06/13";195,9066;"UVR_Unidad de valor real"
"2011/06/14";195,9141;"UVR_Unidad de valor real"
"2011/06/15";195,9217;"UVR_Unidad de valor real"
"2011/06/16";195,94;"UVR_Unidad de valor real"
"2011/06/17";195,9582;"UVR_Unidad de valor real"
"2011/06/18";195,9765;"UVR_Unidad de valor real"
"2011/06/19";195,9948;"UVR_Unidad de valor real"
"2011/06/20";196,013;"UVR_Unidad de valor real"
"2011/06/21";196,0313;"UVR_Unidad de valor real"
"2011/06/22";196,0496;"UVR_Unidad de valor real"
"2011/06/23";196,0678;"UVR_Unidad de valor real"
"2011/06/24";196,0861;"UVR_Unidad de valor real"
"2011/06/25";196,1044;"UVR_Unidad de valor real"
"2011/06/26";196,1227;"UVR_Unidad de valor real"
"2011/06/27";196,1409;"UVR_Unidad de valor real"
"2011/06/28";196,1592;"UVR_Unidad de valor real"
"2011/06/29";196,1775;"UVR_Unidad de valor real"
"2011/06/30";196,1958;"UVR_Unidad de valor real"
"2011/07/01";196,2141;"UVR_Unidad de valor real"
"2011/07/02";196,2324;"UVR_Unidad de valor real"
"2011/07/03";196,2507;"UVR_Unidad de valor real"
"2011/07/04";196,269;"UVR_Unidad de valor real"
"2011/07/05";196,2873;"UVR_Unidad de valor real"
"2011/07/06";196,3055;"UVR_Unidad de valor real"
"2011/07/07";196,3238;"UVR_Unidad de valor real"
"2011/07/08";196,3421;"UVR_Unidad de valor real"
"2011/07/09";196,3604;"UVR_Unidad de valor real"
"2011/07/10";196,3787;"UVR_Unidad de valor real"
"2011/07/11";196,397;"UVR_Unidad de valor real"
"2011/07/12";196,4154;"UVR_Unidad de valor real"
"2011/07/13";196,4337;"UVR_Unidad de valor real"
"2011/07/14";196,452;"UVR_Unidad de valor real"
"2011/07/15";196,4703;"UVR_Unidad de valor real"
"2011/07/16";196,4905;"UVR_Unidad de valor real"
"2011/07/17";196,5108;"UVR_Unidad de valor real"
"2011/07/18";196,5311;"UVR_Unidad de valor real"
"2011/07/19";196,5513;"UVR_Unidad de valor real"
"2011/07/20";196,5716;"UVR_Unidad de valor real"
"2011/07/21";196,5918;"UVR_Unidad de valor real"
"2011/07/22";196,6121;"UVR_Unidad de valor real"
"2011/07/23";196,6324;"UVR_Unidad de valor real"
"2011/07/24";196,6526;"UVR_Unidad de valor real"
"2011/07/25";196,6729;"UVR_Unidad de valor real"
"2011/07/26";196,6932;"UVR_Unidad de valor real"
"2011/07/27";196,7134;"UVR_Unidad de valor real"
"2011/07/28";196,7337;"UVR_Unidad de valor real"
"2011/07/29";196,754;"UVR_Unidad de valor real"
"2011/07/30";196,7743;"UVR_Unidad de valor real"
"2011/07/31";196,7945;"UVR_Unidad de valor real"
"2011/08/01";196,8148;"UVR_Unidad de valor real"
"2011/08/02";196,8351;"UVR_Unidad de valor real"
"2011/08/03";196,8554;"UVR_Unidad de valor real"
"2011/08/04";196,8757;"UVR_Unidad de valor real"
"2011/08/05";196,896;"UVR_Unidad de valor real"
"2011/08/06";196,9163;"UVR_Unidad de valor real"
"2011/08/07";196,9366;"UVR_Unidad de valor real"
"2011/08/08";196,9569;"UVR_Unidad de valor real"
"2011/08/09";196,9772;"UVR_Unidad de valor real"
"2011/08/10";196,9975;"UVR_Unidad de valor real"
"2011/08/11";197,0178;"UVR_Unidad de valor real"
"2011/08/12";197,0381;"UVR_Unidad de valor real"
"2011/08/13";197,0584;"UVR_Unidad de valor real"
"2011/08/14";197,0787;"UVR_Unidad de valor real"
"2011/08/15";197,099;"UVR_Unidad de valor real"
"2011/08/16";197,1079;"UVR_Unidad de valor real"
"2011/08/17";197,1168;"UVR_Unidad de valor real"
"2011/08/18";197,1257;"UVR_Unidad de valor real"
"2011/08/19";197,1346;"UVR_Unidad de valor real"
"2011/08/20";197,1435;"UVR_Unidad de valor real"
"2011/08/21";197,1524;"UVR_Unidad de valor real"
"2011/08/22";197,1613;"UVR_Unidad de valor real"
"2011/08/23";197,1702;"UVR_Unidad de valor real"
"2011/08/24";197,1791;"UVR_Unidad de valor real"
"2011/08/25";197,188;"UVR_Unidad de valor real"
"2011/08/26";197,1969;"UVR_Unidad de valor real"
"2011/08/27";197,2058;"UVR_Unidad de valor real"
"2011/08/28";197,2147;"UVR_Unidad de valor real"
"2011/08/29";197,2236;"UVR_Unidad de valor real"
"2011/08/30";197,2325;"UVR_Unidad de valor real"
"2011/08/31";197,2414;"UVR_Unidad de valor real"
"2011/09/01";197,2503;"UVR_Unidad de valor real"
"2011/09/02";197,2592;"UVR_Unidad de valor real"
"2011/09/03";197,2681;"UVR_Unidad de valor real"
"2011/09/04";197,277;"UVR_Unidad de valor real"
"2011/09/05";197,2859;"UVR_Unidad de valor real"
"2011/09/06";197,2948;"UVR_Unidad de valor real"
"2011/09/07";197,3037;"UVR_Unidad de valor real"
"2011/09/08";197,3126;"UVR_Unidad de valor real"
"2011/09/09";197,3215;"UVR_Unidad de valor real"
"2011/09/10";197,3304;"UVR_Unidad de valor real"
"2011/09/11";197,3393;"UVR_Unidad de valor real"
"2011/09/12";197,3482;"UVR_Unidad de valor real"
"2011/09/13";197,3571;"UVR_Unidad de valor real"
"2011/09/14";197,366;"UVR_Unidad de valor real"
"2011/09/15";197,3749;"UVR_Unidad de valor real"
"2011/09/16";197,3729;"UVR_Unidad de valor real"
"2011/09/17";197,371;"UVR_Unidad de valor real"
"2011/09/18";197,369;"UVR_Unidad de valor real"
"2011/09/19";197,367;"UVR_Unidad de valor real"
"2011/09/20";197,365;"UVR_Unidad de valor real"
"2011/09/21";197,3631;"UVR_Unidad de valor real"
"2011/09/22";197,3611;"UVR_Unidad de valor real"
"2011/09/23";197,3591;"UVR_Unidad de valor real"
"2011/09/24";197,3571;"UVR_Unidad de valor real"
"2011/09/25";197,3552;"UVR_Unidad de valor real"
"2011/09/26";197,3532;"UVR_Unidad de valor real"
"2011/09/27";197,3512;"UVR_Unidad de valor real"
"2011/09/28";197,3492;"UVR_Unidad de valor real"
"2011/09/29";197,3473;"UVR_Unidad de valor real"
"2011/09/30";197,3453;"UVR_Unidad de valor real"
"2011/10/01";197,3433;"UVR_Unidad de valor real"
"2011/10/02";197,3413;"UVR_Unidad de valor real"
"2011/10/03";197,3394;"UVR_Unidad de valor real"
"2011/10/04";197,3374;"UVR_Unidad de valor real"
"2011/10/05";197,3354;"UVR_Unidad de valor real"
"2011/10/06";197,3334;"UVR_Unidad de valor real"
"2011/10/07";197,3315;"UVR_Unidad de valor real"
"2011/10/08";197,3295;"UVR_Unidad de valor real"
"2011/10/09";197,3275;"UVR_Unidad de valor real"
"2011/10/10";197,3256;"UVR_Unidad de valor real"
"2011/10/11";197,3236;"UVR_Unidad de valor real"
"2011/10/12";197,3216;"UVR_Unidad de valor real"
"2011/10/13";197,3196;"UVR_Unidad de valor real"
"2011/10/14";197,3177;"UVR_Unidad de valor real"
"2011/10/15";197,3157;"UVR_Unidad de valor real"
"2011/10/16";197,3354;"UVR_Unidad de valor real"
"2011/10/17";197,3551;"UVR_Unidad de valor real"
"2011/10/18";197,3748;"UVR_Unidad de valor real"
"2011/10/19";197,3945;"UVR_Unidad de valor real"
"2011/10/20";197,4142;"UVR_Unidad de valor real"
"2011/10/21";197,4339;"UVR_Unidad de valor real"
"2011/10/22";197,4537;"UVR_Unidad de valor real"
"2011/10/23";197,4734;"UVR_Unidad de valor real"
"2011/10/24";197,4931;"UVR_Unidad de valor real"
"2011/10/25";197,5128;"UVR_Unidad de valor real"
"2011/10/26";197,5325;"UVR_Unidad de valor real"
"2011/10/27";197,5523;"UVR_Unidad de valor real"
"2011/10/28";197,572;"UVR_Unidad de valor real"
"2011/10/29";197,5917;"UVR_Unidad de valor real"
"2011/10/30";197,6114;"UVR_Unidad de valor real"
"2011/10/31";197,6312;"UVR_Unidad de valor real"
"2011/11/01";197,6509;"UVR_Unidad de valor real"
"2011/11/02";197,6706;"UVR_Unidad de valor real"
"2011/11/03";197,6904;"UVR_Unidad de valor real"
"2011/11/04";197,7101;"UVR_Unidad de valor real"
"2011/11/05";197,7299;"UVR_Unidad de valor real"
"2011/11/06";197,7496;"UVR_Unidad de valor real"
"2011/11/07";197,7693;"UVR_Unidad de valor real"
"2011/11/08";197,7891;"UVR_Unidad de valor real"
"2011/11/09";197,8088;"UVR_Unidad de valor real"
"2011/11/10";197,8286;"UVR_Unidad de valor real"
"2011/11/11";197,8483;"UVR_Unidad de valor real"
"2011/11/12";197,8681;"UVR_Unidad de valor real"
"2011/11/13";197,8879;"UVR_Unidad de valor real"
"2011/11/14";197,9076;"UVR_Unidad de valor real"
"2011/11/15";197,9274;"UVR_Unidad de valor real"
"2011/11/16";197,9399;"UVR_Unidad de valor real"
"2011/11/17";197,9524;"UVR_Unidad de valor real"
"2011/11/18";197,965;"UVR_Unidad de valor real"
"2011/11/19";197,9775;"UVR_Unidad de valor real"
"2011/11/20";197,99;"UVR_Unidad de valor real"
"2011/11/21";198,0026;"UVR_Unidad de valor real"
"2011/11/22";198,0151;"UVR_Unidad de valor real"
"2011/11/23";198,0276;"UVR_Unidad de valor real"
"2011/11/24";198,0401;"UVR_Unidad de valor real"
"2011/11/25";198,0527;"UVR_Unidad de valor real"
"2011/11/26";198,0652;"UVR_Unidad de valor real"
"2011/11/27";198,0777;"UVR_Unidad de valor real"
"2011/11/28";198,0903;"UVR_Unidad de valor real"
"2011/11/29";198,1028;"UVR_Unidad de valor real"
"2011/11/30";198,1153;"UVR_Unidad de valor real"
"2011/12/01";198,1279;"UVR_Unidad de valor real"
"2011/12/02";198,1404;"UVR_Unidad de valor real"
"2011/12/03";198,153;"UVR_Unidad de valor real"
"2011/12/04";198,1655;"UVR_Unidad de valor real"
"2011/12/05";198,178;"UVR_Unidad de valor real"
"2011/12/06";198,1906;"UVR_Unidad de valor real"
"2011/12/07";198,2031;"UVR_Unidad de valor real"
"2011/12/08";198,2157;"UVR_Unidad de valor real"
"2011/12/09";198,2282;"UVR_Unidad de valor real"
"2011/12/10";198,2407;"UVR_Unidad de valor real"
"2011/12/11";198,2533;"UVR_Unidad de valor real"
"2011/12/12";198,2658;"UVR_Unidad de valor real"
"2011/12/13";198,2784;"UVR_Unidad de valor real"
"2011/12/14";198,2909;"UVR_Unidad de valor real"
"2011/12/15";198,3035;"UVR_Unidad de valor real"
"2011/12/16";198,3124;"UVR_Unidad de valor real"
"2011/12/17";198,3214;"UVR_Unidad de valor real"
"2011/12/18";198,3303;"UVR_Unidad de valor real"
"2011/12/19";198,3393;"UVR_Unidad de valor real"
"2011/12/20";198,3483;"UVR_Unidad de valor real"
"2011/12/21";198,3572;"UVR_Unidad de valor real"
"2011/12/22";198,3662;"UVR_Unidad de valor real"
"2011/12/23";198,3751;"UVR_Unidad de valor real"
"2011/12/24";198,3841;"UVR_Unidad de valor real"
"2011/12/25";198,393;"UVR_Unidad de valor real"
"2011/12/26";198,402;"UVR_Unidad de valor real"
"2011/12/27";198,4109;"UVR_Unidad de valor real"
"2011/12/28";198,4199;"UVR_Unidad de valor real"
"2011/12/29";198,4288;"UVR_Unidad de valor real"
"2011/12/30";198,4378;"UVR_Unidad de valor real"
"2011/12/31";198,4467;"UVR_Unidad de valor real"
"2012/01/01";198,4557;"UVR_Unidad de valor real"
"2012/01/02";198,4647;"UVR_Unidad de valor real"
"2012/01/03";198,4736;"UVR_Unidad de valor real"
"2012/01/04";198,4826;"UVR_Unidad de valor real"
"2012/01/05";198,4915;"UVR_Unidad de valor real"
"2012/01/06";198,5005;"UVR_Unidad de valor real"
"2012/01/07";198,5094;"UVR_Unidad de valor real"
"2012/01/08";198,5184;"UVR_Unidad de valor real"
"2012/01/09";198,5274;"UVR_Unidad de valor real"
"2012/01/10";198,5363;"UVR_Unidad de valor real"
"2012/01/11";198,5453;"UVR_Unidad de valor real"
"2012/01/12";198,5542;"UVR_Unidad de valor real"
"2012/01/13";198,5632;"UVR_Unidad de valor real"
"2012/01/14";198,5722;"UVR_Unidad de valor real"
"2012/01/15";198,5811;"UVR_Unidad de valor real"
"2012/01/16";198,608;"UVR_Unidad de valor real"
"2012/01/17";198,6348;"UVR_Unidad de valor real"
"2012/01/18";198,6617;"UVR_Unidad de valor real"
"2012/01/19";198,6885;"UVR_Unidad de valor real"
"2012/01/20";198,7154;"UVR_Unidad de valor real"
"2012/01/21";198,7423;"UVR_Unidad de valor real"
"2012/01/22";198,7691;"UVR_Unidad de valor real"
"2012/01/23";198,796;"UVR_Unidad de valor real"
"2012/01/24";198,8229;"UVR_Unidad de valor real"
"2012/01/25";198,8498;"UVR_Unidad de valor real"
"2012/01/26";198,8766;"UVR_Unidad de valor real"
"2012/01/27";198,9035;"UVR_Unidad de valor real"
"2012/01/28";198,9304;"UVR_Unidad de valor real"
"2012/01/29";198,9573;"UVR_Unidad de valor real"
"2012/01/30";198,9842;"UVR_Unidad de valor real"
"2012/01/31";199,0111;"UVR_Unidad de valor real"
"2012/02/01";199,038;"UVR_Unidad de valor real"
"2012/02/02";199,065;"UVR_Unidad de valor real"
"2012/02/03";199,0919;"UVR_Unidad de valor real"
"2012/02/04";199,1188;"UVR_Unidad de valor real"
"2012/02/05";199,1457;"UVR_Unidad de valor real"
"2012/02/06";199,1726;"UVR_Unidad de valor real"
"2012/02/07";199,1996;"UVR_Unidad de valor real"
"2012/02/08";199,2265;"UVR_Unidad de valor real"
"2012/02/09";199,2534;"UVR_Unidad de valor real"
"2012/02/10";199,2804;"UVR_Unidad de valor real"
"2012/02/11";199,3073;"UVR_Unidad de valor real"
"2012/02/12";199,3343;"UVR_Unidad de valor real"
"2012/02/13";199,3612;"UVR_Unidad de valor real"
"2012/02/14";199,3882;"UVR_Unidad de valor real"
"2012/02/15";199,4151;"UVR_Unidad de valor real"
"2012/02/16";199,4651;"UVR_Unidad de valor real"
"2012/02/17";199,5152;"UVR_Unidad de valor real"
"2012/02/18";199,5652;"UVR_Unidad de valor real"
"2012/02/19";199,6153;"UVR_Unidad de valor real"
"2012/02/20";199,6653;"UVR_Unidad de valor real"
"2012/02/21";199,7154;"UVR_Unidad de valor real"
"2012/02/22";199,7655;"UVR_Unidad de valor real"
"2012/02/23";199,8156;"UVR_Unidad de valor real"
"2012/02/24";199,8657;"UVR_Unidad de valor real"
"2012/02/25";199,9159;"UVR_Unidad de valor real"
"2012/02/26";199,966;"UVR_Unidad de valor real"
"2012/02/27";200,0162;"UVR_Unidad de valor real"
"2012/02/28";200,0664;"UVR_Unidad de valor real"
"2012/02/29";200,1165;"UVR_Unidad de valor real"
"2012/03/01";200,1667;"UVR_Unidad de valor real"
"2012/03/02";200,217;"UVR_Unidad de valor real"
"2012/03/03";200,2672;"UVR_Unidad de valor real"
"2012/03/04";200,3174;"UVR_Unidad de valor real"
"2012/03/05";200,3677;"UVR_Unidad de valor real"
"2012/03/06";200,4179;"UVR_Unidad de valor real"
"2012/03/07";200,4682;"UVR_Unidad de valor real"
"2012/03/08";200,5185;"UVR_Unidad de valor real"
"2012/03/09";200,5688;"UVR_Unidad de valor real"
"2012/03/10";200,6191;"UVR_Unidad de valor real"
"2012/03/11";200,6694;"UVR_Unidad de valor real"
"2012/03/12";200,7197;"UVR_Unidad de valor real"
"2012/03/13";200,7701;"UVR_Unidad de valor real"
"2012/03/14";200,8205;"UVR_Unidad de valor real"
"2012/03/15";200,8708;"UVR_Unidad de valor real"
"2012/03/16";200,9102;"UVR_Unidad de valor real"
"2012/03/17";200,9496;"UVR_Unidad de valor real"
"2012/03/18";200,9891;"UVR_Unidad de valor real"
"2012/03/19";201,0285;"UVR_Unidad de valor real"
"2012/03/20";201,0679;"UVR_Unidad de valor real"
"2012/03/21";201,1074;"UVR_Unidad de valor real"
"2012/03/22";201,1468;"UVR_Unidad de valor real"
"2012/03/23";201,1863;"UVR_Unidad de valor real"
"2012/03/24";201,2258;"UVR_Unidad de valor real"
"2012/03/25";201,2652;"UVR_Unidad de valor real"
"2012/03/26";201,3047;"UVR_Unidad de valor real"
"2012/03/27";201,3442;"UVR_Unidad de valor real"
"2012/03/28";201,3837;"UVR_Unidad de valor real"
"2012/03/29";201,4232;"UVR_Unidad de valor real"
"2012/03/30";201,4628;"UVR_Unidad de valor real"
"2012/03/31";201,5023;"UVR_Unidad de valor real"
"2012/04/01";201,5418;"UVR_Unidad de valor real"
"2012/04/02";201,5814;"UVR_Unidad de valor real"
"2012/04/03";201,6209;"UVR_Unidad de valor real"
"2012/04/04";201,6605;"UVR_Unidad de valor real"
"2012/04/05";201,7;"UVR_Unidad de valor real"
"2012/04/06";201,7396;"UVR_Unidad de valor real"
"2012/04/07";201,7792;"UVR_Unidad de valor real"
"2012/04/08";201,8188;"UVR_Unidad de valor real"
"2012/04/09";201,8584;"UVR_Unidad de valor real"
"2012/04/10";201,898;"UVR_Unidad de valor real"
"2012/04/11";201,9376;"UVR_Unidad de valor real"
"2012/04/12";201,9772;"UVR_Unidad de valor real"
"2012/04/13";202,0168;"UVR_Unidad de valor real"
"2012/04/14";202,0565;"UVR_Unidad de valor real"
"2012/04/15";202,0961;"UVR_Unidad de valor real"
"2012/04/16";202,1042;"UVR_Unidad de valor real"
"2012/04/17";202,1123;"UVR_Unidad de valor real"
"2012/04/18";202,1203;"UVR_Unidad de valor real"
"2012/04/19";202,1284;"UVR_Unidad de valor real"
"2012/04/20";202,1365;"UVR_Unidad de valor real"
"2012/04/21";202,1446;"UVR_Unidad de valor real"
"2012/04/22";202,1527;"UVR_Unidad de valor real"
"2012/04/23";202,1607;"UVR_Unidad de valor real"
"2012/04/24";202,1688;"UVR_Unidad de valor real"
"2012/04/25";202,1769;"UVR_Unidad de valor real"
"2012/04/26";202,185;"UVR_Unidad de valor real"
"2012/04/27";202,1931;"UVR_Unidad de valor real"
"2012/04/28";202,2012;"UVR_Unidad de valor real"
"2012/04/29";202,2092;"UVR_Unidad de valor real"
"2012/04/30";202,2173;"UVR_Unidad de valor real"
"2012/05/01";202,2254;"UVR_Unidad de valor real"
"2012/05/02";202,2335;"UVR_Unidad de valor real"
"2012/05/03";202,2416;"UVR_Unidad de valor real"
"2012/05/04";202,2497;"UVR_Unidad de valor real"
"2012/05/05";202,2577;"UVR_Unidad de valor real"
"2012/05/06";202,2658;"UVR_Unidad de valor real"
"2012/05/07";202,2739;"UVR_Unidad de valor real"
"2012/05/08";202,282;"UVR_Unidad de valor real"
"2012/05/09";202,2901;"UVR_Unidad de valor real"
"2012/05/10";202,2982;"UVR_Unidad de valor real"
"2012/05/11";202,3063;"UVR_Unidad de valor real"
"2012/05/12";202,3144;"UVR_Unidad de valor real"
"2012/05/13";202,3224;"UVR_Unidad de valor real"
"2012/05/14";202,3305;"UVR_Unidad de valor real"
"2012/05/15";202,3386;"UVR_Unidad de valor real"
"2012/05/16";202,3477;"UVR_Unidad de valor real"
"2012/05/17";202,3569;"UVR_Unidad de valor real"
"2012/05/18";202,366;"UVR_Unidad de valor real"
"2012/05/19";202,3751;"UVR_Unidad de valor real"
"2012/05/20";202,3843;"UVR_Unidad de valor real"
"2012/05/21";202,3934;"UVR_Unidad de valor real"
"2012/05/22";202,4025;"UVR_Unidad de valor real"
"2012/05/23";202,4117;"UVR_Unidad de valor real"
"2012/05/24";202,4208;"UVR_Unidad de valor real"
"2012/05/25";202,4299;"UVR_Unidad de valor real"
"2012/05/26";202,4391;"UVR_Unidad de valor real"
"2012/05/27";202,4482;"UVR_Unidad de valor real"
"2012/05/28";202,4573;"UVR_Unidad de valor real"
"2012/05/29";202,4665;"UVR_Unidad de valor real"
"2012/05/30";202,4756;"UVR_Unidad de valor real"
"2012/05/31";202,4848;"UVR_Unidad de valor real"
"2012/06/01";202,4939;"UVR_Unidad de valor real"
"2012/06/02";202,503;"UVR_Unidad de valor real"
"2012/06/03";202,5122;"UVR_Unidad de valor real"
"2012/06/04";202,5213;"UVR_Unidad de valor real"
"2012/06/05";202,5305;"UVR_Unidad de valor real"
"2012/06/06";202,5396;"UVR_Unidad de valor real"
"2012/06/07";202,5487;"UVR_Unidad de valor real"
"2012/06/08";202,5579;"UVR_Unidad de valor real"
"2012/06/09";202,567;"UVR_Unidad de valor real"
"2012/06/10";202,5762;"UVR_Unidad de valor real"
"2012/06/11";202,5853;"UVR_Unidad de valor real"
"2012/06/12";202,5944;"UVR_Unidad de valor real"
"2012/06/13";202,6036;"UVR_Unidad de valor real"
"2012/06/14";202,6127;"UVR_Unidad de valor real"
"2012/06/15";202,6219;"UVR_Unidad de valor real"
"2012/06/16";202,6421;"UVR_Unidad de valor real"
"2012/06/17";202,6624;"UVR_Unidad de valor real"
"2012/06/18";202,6826;"UVR_Unidad de valor real"
"2012/06/19";202,7028;"UVR_Unidad de valor real"
"2012/06/20";202,7231;"UVR_Unidad de valor real"
"2012/06/21";202,7433;"UVR_Unidad de valor real"
"2012/06/22";202,7636;"UVR_Unidad de valor real"
"2012/06/23";202,7838;"UVR_Unidad de valor real"
"2012/06/24";202,8041;"UVR_Unidad de valor real"
"2012/06/25";202,8243;"UVR_Unidad de valor real"
"2012/06/26";202,8446;"UVR_Unidad de valor real"
"2012/06/27";202,8648;"UVR_Unidad de valor real"
"2012/06/28";202,8851;"UVR_Unidad de valor real"
"2012/06/29";202,9053;"UVR_Unidad de valor real"
"2012/06/30";202,9256;"UVR_Unidad de valor real"
"2012/07/01";202,9459;"UVR_Unidad de valor real"
"2012/07/02";202,9661;"UVR_Unidad de valor real"
"2012/07/03";202,9864;"UVR_Unidad de valor real"
"2012/07/04";203,0067;"UVR_Unidad de valor real"
"2012/07/05";203,0269;"UVR_Unidad de valor real"
"2012/07/06";203,0472;"UVR_Unidad de valor real"
"2012/07/07";203,0675;"UVR_Unidad de valor real"
"2012/07/08";203,0878;"UVR_Unidad de valor real"
"2012/07/09";203,108;"UVR_Unidad de valor real"
"2012/07/10";203,1283;"UVR_Unidad de valor real"
"2012/07/11";203,1486;"UVR_Unidad de valor real"
"2012/07/12";203,1689;"UVR_Unidad de valor real"
"2012/07/13";203,1892;"UVR_Unidad de valor real"
"2012/07/14";203,2095;"UVR_Unidad de valor real"
"2012/07/15";203,2298;"UVR_Unidad de valor real"
"2012/07/16";203,235;"UVR_Unidad de valor real"
"2012/07/17";203,2403;"UVR_Unidad de valor real"
"2012/07/18";203,2455;"UVR_Unidad de valor real"
"2012/07/19";203,2508;"UVR_Unidad de valor real"
"2012/07/20";203,256;"UVR_Unidad de valor real"
"2012/07/21";203,2613;"UVR_Unidad de valor real"
"2012/07/22";203,2665;"UVR_Unidad de valor real"
"2012/07/23";203,2717;"UVR_Unidad de valor real"
"2012/07/24";203,277;"UVR_Unidad de valor real"
"2012/07/25";203,2822;"UVR_Unidad de valor real"
"2012/07/26";203,2875;"UVR_Unidad de valor real"
"2012/07/27";203,2927;"UVR_Unidad de valor real"
"2012/07/28";203,298;"UVR_Unidad de valor real"
"2012/07/29";203,3032;"UVR_Unidad de valor real"
"2012/07/30";203,3085;"UVR_Unidad de valor real"
"2012/07/31";203,3137;"UVR_Unidad de valor real"
"2012/08/01";203,3189;"UVR_Unidad de valor real"
"2012/08/02";203,3242;"UVR_Unidad de valor real"
"2012/08/03";203,3294;"UVR_Unidad de valor real"
"2012/08/04";203,3347;"UVR_Unidad de valor real"
"2012/08/05";203,3399;"UVR_Unidad de valor real"
"2012/08/06";203,3452;"UVR_Unidad de valor real"
"2012/08/07";203,3504;"UVR_Unidad de valor real"
"2012/08/08";203,3557;"UVR_Unidad de valor real"
"2012/08/09";203,3609;"UVR_Unidad de valor real"
"2012/08/10";203,3662;"UVR_Unidad de valor real"
"2012/08/11";203,3714;"UVR_Unidad de valor real"
"2012/08/12";203,3766;"UVR_Unidad de valor real"
"2012/08/13";203,3819;"UVR_Unidad de valor real"
"2012/08/14";203,3871;"UVR_Unidad de valor real"
"2012/08/15";203,3924;"UVR_Unidad de valor real"
"2012/08/16";203,3911;"UVR_Unidad de valor real"
"2012/08/17";203,3898;"UVR_Unidad de valor real"
"2012/08/18";203,3885;"UVR_Unidad de valor real"
"2012/08/19";203,3872;"UVR_Unidad de valor real"
"2012/08/20";203,3858;"UVR_Unidad de valor real"
"2012/08/21";203,3845;"UVR_Unidad de valor real"
"2012/08/22";203,3832;"UVR_Unidad de valor real"
"2012/08/23";203,3819;"UVR_Unidad de valor real"
"2012/08/24";203,3806;"UVR_Unidad de valor real"
"2012/08/25";203,3793;"UVR_Unidad de valor real"
"2012/08/26";203,378;"UVR_Unidad de valor real"
"2012/08/27";203,3767;"UVR_Unidad de valor real"
"2012/08/28";203,3753;"UVR_Unidad de valor real"
"2012/08/29";203,374;"UVR_Unidad de valor real"
"2012/08/30";203,3727;"UVR_Unidad de valor real"
"2012/08/31";203,3714;"UVR_Unidad de valor real"
"2012/09/01";203,3701;"UVR_Unidad de valor real"
"2012/09/02";203,3688;"UVR_Unidad de valor real"
"2012/09/03";203,3675;"UVR_Unidad de valor real"
"2012/09/04";203,3662;"UVR_Unidad de valor real"
"2012/09/05";203,3648;"UVR_Unidad de valor real"
"2012/09/06";203,3635;"UVR_Unidad de valor real"
"2012/09/07";203,3622;"UVR_Unidad de valor real"
"2012/09/08";203,3609;"UVR_Unidad de valor real"
"2012/09/09";203,3596;"UVR_Unidad de valor real"
"2012/09/10";203,3583;"UVR_Unidad de valor real"
"2012/09/11";203,357;"UVR_Unidad de valor real"
"2012/09/12";203,3557;"UVR_Unidad de valor real"
"2012/09/13";203,3543;"UVR_Unidad de valor real"
"2012/09/14";203,353;"UVR_Unidad de valor real"
"2012/09/15";203,3517;"UVR_Unidad de valor real"
"2012/09/16";203,3544;"UVR_Unidad de valor real"
"2012/09/17";203,3571;"UVR_Unidad de valor real"
"2012/09/18";203,3598;"UVR_Unidad de valor real"
"2012/09/19";203,3625;"UVR_Unidad de valor real"
"2012/09/20";203,3653;"UVR_Unidad de valor real"
"2012/09/21";203,368;"UVR_Unidad de valor real"
"2012/09/22";203,3707;"UVR_Unidad de valor real"
"2012/09/23";203,3734;"UVR_Unidad de valor real"
"2012/09/24";203,3761;"UVR_Unidad de valor real"
"2012/09/25";203,3788;"UVR_Unidad de valor real"
"2012/09/26";203,3815;"UVR_Unidad de valor real"
"2012/09/27";203,3842;"UVR_Unidad de valor real"
"2012/09/28";203,3869;"UVR_Unidad de valor real"
"2012/09/29";203,3897;"UVR_Unidad de valor real"
"2012/09/30";203,3924;"UVR_Unidad de valor real"
"2012/10/01";203,3951;"UVR_Unidad de valor real"
"2012/10/02";203,3978;"UVR_Unidad de valor real"
"2012/10/03";203,4005;"UVR_Unidad de valor real"
"2012/10/04";203,4032;"UVR_Unidad de valor real"
"2012/10/05";203,4059;"UVR_Unidad de valor real"
"2012/10/06";203,4086;"UVR_Unidad de valor real"
"2012/10/07";203,4113;"UVR_Unidad de valor real"
"2012/10/08";203,4141;"UVR_Unidad de valor real"
"2012/10/09";203,4168;"UVR_Unidad de valor real"
"2012/10/10";203,4195;"UVR_Unidad de valor real"
"2012/10/11";203,4222;"UVR_Unidad de valor real"
"2012/10/12";203,4249;"UVR_Unidad de valor real"
"2012/10/13";203,4276;"UVR_Unidad de valor real"
"2012/10/14";203,4303;"UVR_Unidad de valor real"
"2012/10/15";203,433;"UVR_Unidad de valor real"
"2012/10/16";203,452;"UVR_Unidad de valor real"
"2012/10/17";203,471;"UVR_Unidad de valor real"
"2012/10/18";203,49;"UVR_Unidad de valor real"
"2012/10/19";203,509;"UVR_Unidad de valor real"
"2012/10/20";203,528;"UVR_Unidad de valor real"
"2012/10/21";203,5471;"UVR_Unidad de valor real"
"2012/10/22";203,5661;"UVR_Unidad de valor real"
"2012/10/23";203,5851;"UVR_Unidad de valor real"
"2012/10/24";203,6041;"UVR_Unidad de valor real"
"2012/10/25";203,6231;"UVR_Unidad de valor real"
"2012/10/26";203,6421;"UVR_Unidad de valor real"
"2012/10/27";203,6612;"UVR_Unidad de valor real"
"2012/10/28";203,6802;"UVR_Unidad de valor real"
"2012/10/29";203,6992;"UVR_Unidad de valor real"
"2012/10/30";203,7182;"UVR_Unidad de valor real"
"2012/10/31";203,7373;"UVR_Unidad de valor real"
"2012/11/01";203,7563;"UVR_Unidad de valor real"
"2012/11/02";203,7753;"UVR_Unidad de valor real"
"2012/11/03";203,7944;"UVR_Unidad de valor real"
"2012/11/04";203,8134;"UVR_Unidad de valor real"
"2012/11/05";203,8325;"UVR_Unidad de valor real"
"2012/11/06";203,8515;"UVR_Unidad de valor real"
"2012/11/07";203,8705;"UVR_Unidad de valor real"
"2012/11/08";203,8896;"UVR_Unidad de valor real"
"2012/11/09";203,9086;"UVR_Unidad de valor real"
"2012/11/10";203,9277;"UVR_Unidad de valor real"
"2012/11/11";203,9467;"UVR_Unidad de valor real"
"2012/11/12";203,9658;"UVR_Unidad de valor real"
"2012/11/13";203,9848;"UVR_Unidad de valor real"
"2012/11/14";204,0039;"UVR_Unidad de valor real"
"2012/11/15";204,023;"UVR_Unidad de valor real"
"2012/11/16";204,0339;"UVR_Unidad de valor real"
"2012/11/17";204,0447;"UVR_Unidad de valor real"
"2012/11/18";204,0556;"UVR_Unidad de valor real"
"2012/11/19";204,0665;"UVR_Unidad de valor real"
"2012/11/20";204,0774;"UVR_Unidad de valor real"
"2012/11/21";204,0882;"UVR_Unidad de valor real"
"2012/11/22";204,0991;"UVR_Unidad de valor real"
"2012/11/23";204,11;"UVR_Unidad de valor real"
"2012/11/24";204,1209;"UVR_Unidad de valor real"
"2012/11/25";204,1318;"UVR_Unidad de valor real"
"2012/11/26";204,1426;"UVR_Unidad de valor real"
"2012/11/27";204,1535;"UVR_Unidad de valor real"
"2012/11/28";204,1644;"UVR_Unidad de valor real"
"2012/11/29";204,1753;"UVR_Unidad de valor real"
"2012/11/30";204,1862;"UVR_Unidad de valor real"
"2012/12/01";204,197;"UVR_Unidad de valor real"
"2012/12/02";204,2079;"UVR_Unidad de valor real"
"2012/12/03";204,2188;"UVR_Unidad de valor real"
"2012/12/04";204,2297;"UVR_Unidad de valor real"
"2012/12/05";204,2406;"UVR_Unidad de valor real"
"2012/12/06";204,2515;"UVR_Unidad de valor real"
"2012/12/07";204,2623;"UVR_Unidad de valor real"
"2012/12/08";204,2732;"UVR_Unidad de valor real"
"2012/12/09";204,2841;"UVR_Unidad de valor real"
"2012/12/10";204,295;"UVR_Unidad de valor real"
"2012/12/11";204,3059;"UVR_Unidad de valor real"
"2012/12/12";204,3168;"UVR_Unidad de valor real"
"2012/12/13";204,3277;"UVR_Unidad de valor real"
"2012/12/14";204,3385;"UVR_Unidad de valor real"
"2012/12/15";204,3494;"UVR_Unidad de valor real"
"2012/12/16";204,3402;"UVR_Unidad de valor real"
"2012/12/17";204,3309;"UVR_Unidad de valor real"
"2012/12/18";204,3217;"UVR_Unidad de valor real"
"2012/12/19";204,3125;"UVR_Unidad de valor real"
"2012/12/20";204,3032;"UVR_Unidad de valor real"
"2012/12/21";204,294;"UVR_Unidad de valor real"
"2012/12/22";204,2848;"UVR_Unidad de valor real"
"2012/12/23";204,2755;"UVR_Unidad de valor real"
"2012/12/24";204,2663;"UVR_Unidad de valor real"
"2012/12/25";204,2571;"UVR_Unidad de valor real"
"2012/12/26";204,2478;"UVR_Unidad de valor real"
"2012/12/27";204,2386;"UVR_Unidad de valor real"
"2012/12/28";204,2294;"UVR_Unidad de valor real"
"2012/12/29";204,2201;"UVR_Unidad de valor real"
"2012/12/30";204,2109;"UVR_Unidad de valor real"
"2012/12/31";204,2017;"UVR_Unidad de valor real"
"2013/01/01";204,1925;"UVR_Unidad de valor real"
"2013/01/02";204,1832;"UVR_Unidad de valor real"
"2013/01/03";204,174;"UVR_Unidad de valor real"
"2013/01/04";204,1648;"UVR_Unidad de valor real"
"2013/01/05";204,1556;"UVR_Unidad de valor real"
"2013/01/06";204,1463;"UVR_Unidad de valor real"
"2013/01/07";204,1371;"UVR_Unidad de valor real"
"2013/01/08";204,1279;"UVR_Unidad de valor real"
"2013/01/09";204,1187;"UVR_Unidad de valor real"
"2013/01/10";204,1094;"UVR_Unidad de valor real"
"2013/01/11";204,1002;"UVR_Unidad de valor real"
"2013/01/12";204,091;"UVR_Unidad de valor real"
"2013/01/13";204,0818;"UVR_Unidad de valor real"
"2013/01/14";204,0725;"UVR_Unidad de valor real"
"2013/01/15";204,0633;"UVR_Unidad de valor real"
"2013/01/16";204,0692;"UVR_Unidad de valor real"
"2013/01/17";204,0751;"UVR_Unidad de valor real"
"2013/01/18";204,0811;"UVR_Unidad de valor real"
"2013/01/19";204,087;"UVR_Unidad de valor real"
"2013/01/20";204,0929;"UVR_Unidad de valor real"
"2013/01/21";204,0988;"UVR_Unidad de valor real"
"2013/01/22";204,1048;"UVR_Unidad de valor real"
"2013/01/23";204,1107;"UVR_Unidad de valor real"
"2013/01/24";204,1166;"UVR_Unidad de valor real"
"2013/01/25";204,1225;"UVR_Unidad de valor real"
"2013/01/26";204,1284;"UVR_Unidad de valor real"
"2013/01/27";204,1344;"UVR_Unidad de valor real"
"2013/01/28";204,1403;"UVR_Unidad de valor real"
"2013/01/29";204,1462;"UVR_Unidad de valor real"
"2013/01/30";204,1521;"UVR_Unidad de valor real"
"2013/01/31";204,1581;"UVR_Unidad de valor real"
"2013/02/01";204,164;"UVR_Unidad de valor real"
"2013/02/02";204,1699;"UVR_Unidad de valor real"
"2013/02/03";204,1758;"UVR_Unidad de valor real"
"2013/02/04";204,1818;"UVR_Unidad de valor real"
"2013/02/05";204,1877;"UVR_Unidad de valor real"
"2013/02/06";204,1936;"UVR_Unidad de valor real"
"2013/02/07";204,1995;"UVR_Unidad de valor real"
"2013/02/08";204,2055;"UVR_Unidad de valor real"
"2013/02/09";204,2114;"UVR_Unidad de valor real"
"2013/02/10";204,2173;"UVR_Unidad de valor real"
"2013/02/11";204,2233;"UVR_Unidad de valor real"
"2013/02/12";204,2292;"UVR_Unidad de valor real"
"2013/02/13";204,2351;"UVR_Unidad de valor real"
"2013/02/14";204,241;"UVR_Unidad de valor real"
"2013/02/15";204,247;"UVR_Unidad de valor real"
"2013/02/16";204,2689;"UVR_Unidad de valor real"
"2013/02/17";204,2907;"UVR_Unidad de valor real"
"2013/02/18";204,3126;"UVR_Unidad de valor real"
"2013/02/19";204,3344;"UVR_Unidad de valor real"
"2013/02/20";204,3563;"UVR_Unidad de valor real"
"2013/02/21";204,3781;"UVR_Unidad de valor real"
"2013/02/22";204,4;"UVR_Unidad de valor real"
"2013/02/23";204,4219;"UVR_Unidad de valor real"
"2013/02/24";204,4438;"UVR_Unidad de valor real"
"2013/02/25";204,4656;"UVR_Unidad de valor real"
"2013/02/26";204,4875;"UVR_Unidad de valor real"
"2013/02/27";204,5094;"UVR_Unidad de valor real"
"2013/02/28";204,5313;"UVR_Unidad de valor real"
"2013/03/01";204,5531;"UVR_Unidad de valor real"
"2013/03/02";204,575;"UVR_Unidad de valor real"
"2013/03/03";204,5969;"UVR_Unidad de valor real"
"2013/03/04";204,6188;"UVR_Unidad de valor real"
"2013/03/05";204,6407;"UVR_Unidad de valor real"
"2013/03/06";204,6626;"UVR_Unidad de valor real"
"2013/03/07";204,6845;"UVR_Unidad de valor real"
"2013/03/08";204,7064;"UVR_Unidad de valor real"
"2013/03/09";204,7283;"UVR_Unidad de valor real"
"2013/03/10";204,7502;"UVR_Unidad de valor real"
"2013/03/11";204,7721;"UVR_Unidad de valor real"
"2013/03/12";204,794;"UVR_Unidad de valor real"
"2013/03/13";204,8159;"UVR_Unidad de valor real"
"2013/03/14";204,8378;"UVR_Unidad de valor real"
"2013/03/15";204,8597;"UVR_Unidad de valor real"
"2013/03/16";204,8887;"UVR_Unidad de valor real"
"2013/03/17";204,9177;"UVR_Unidad de valor real"
"2013/03/18";204,9468;"UVR_Unidad de valor real"
"2013/03/19";204,9758;"UVR_Unidad de valor real"
"2013/03/20";205,0048;"UVR_Unidad de valor real"
"2013/03/21";205,0339;"UVR_Unidad de valor real"
"2013/03/22";205,0629;"UVR_Unidad de valor real"
"2013/03/23";205,0919;"UVR_Unidad de valor real"
"2013/03/24";205,121;"UVR_Unidad de valor real"
"2013/03/25";205,15;"UVR_Unidad de valor real"
"2013/03/26";205,1791;"UVR_Unidad de valor real"
"2013/03/27";205,2082;"UVR_Unidad de valor real"
"2013/03/28";205,2372;"UVR_Unidad de valor real"
"2013/03/29";205,2663;"UVR_Unidad de valor real"
"2013/03/30";205,2954;"UVR_Unidad de valor real"
"2013/03/31";205,3244;"UVR_Unidad de valor real"
"2013/04/01";205,3535;"UVR_Unidad de valor real"
"2013/04/02";205,3826;"UVR_Unidad de valor real"
"2013/04/03";205,4117;"UVR_Unidad de valor real"
"2013/04/04";205,4408;"UVR_Unidad de valor real"
"2013/04/05";205,4699;"UVR_Unidad de valor real"
"2013/04/06";205,499;"UVR_Unidad de valor real"
"2013/04/07";205,5281;"UVR_Unidad de valor real"
"2013/04/08";205,5572;"UVR_Unidad de valor real"
"2013/04/09";205,5863;"UVR_Unidad de valor real"
"2013/04/10";205,6154;"UVR_Unidad de valor real"
"2013/04/11";205,6446;"UVR_Unidad de valor real"
"2013/04/12";205,6737;"UVR_Unidad de valor real"
"2013/04/13";205,7028;"UVR_Unidad de valor real"
"2013/04/14";205,7319;"UVR_Unidad de valor real"
"2013/04/15";205,7611;"UVR_Unidad de valor real"
"2013/04/16";205,7755;"UVR_Unidad de valor real"
"2013/04/17";205,7899;"UVR_Unidad de valor real"
"2013/04/18";205,8043;"UVR_Unidad de valor real"
"2013/04/19";205,8187;"UVR_Unidad de valor real"
"2013/04/20";205,8331;"UVR_Unidad de valor real"
"2013/04/21";205,8474;"UVR_Unidad de valor real"
"2013/04/22";205,8618;"UVR_Unidad de valor real"
"2013/04/23";205,8762;"UVR_Unidad de valor real"
"2013/04/24";205,8906;"UVR_Unidad de valor real"
"2013/04/25";205,905;"UVR_Unidad de valor real"
"2013/04/26";205,9194;"UVR_Unidad de valor real"
"2013/04/27";205,9338;"UVR_Unidad de valor real"
"2013/04/28";205,9482;"UVR_Unidad de valor real"
"2013/04/29";205,9626;"UVR_Unidad de valor real"
"2013/04/30";205,977;"UVR_Unidad de valor real"
"2013/05/01";205,9914;"UVR_Unidad de valor real"
"2013/05/02";206,0058;"UVR_Unidad de valor real"
"2013/05/03";206,0203;"UVR_Unidad de valor real"
"2013/05/04";206,0347;"UVR_Unidad de valor real"
"2013/05/05";206,0491;"UVR_Unidad de valor real"
"2013/05/06";206,0635;"UVR_Unidad de valor real"
"2013/05/07";206,0779;"UVR_Unidad de valor real"
"2013/05/08";206,0923;"UVR_Unidad de valor real"
"2013/05/09";206,1067;"UVR_Unidad de valor real"
"2013/05/10";206,1211;"UVR_Unidad de valor real"
"2013/05/11";206,1355;"UVR_Unidad de valor real"
"2013/05/12";206,1499;"UVR_Unidad de valor real"
"2013/05/13";206,1644;"UVR_Unidad de valor real"
"2013/05/14";206,1788;"UVR_Unidad de valor real"
"2013/05/15";206,1932;"UVR_Unidad de valor real"
"2013/05/16";206,2098;"UVR_Unidad de valor real"
"2013/05/17";206,2264;"UVR_Unidad de valor real"
"2013/05/18";206,243;"UVR_Unidad de valor real"
"2013/05/19";206,2596;"UVR_Unidad de valor real"
"2013/05/20";206,2763;"UVR_Unidad de valor real"
"2013/05/21";206,2929;"UVR_Unidad de valor real"
"2013/05/22";206,3095;"UVR_Unidad de valor real"
"2013/05/23";206,3261;"UVR_Unidad de valor real"
"2013/05/24";206,3427;"UVR_Unidad de valor real"
"2013/05/25";206,3593;"UVR_Unidad de valor real"
"2013/05/26";206,376;"UVR_Unidad de valor real"
"2013/05/27";206,3926;"UVR_Unidad de valor real"
"2013/05/28";206,4092;"UVR_Unidad de valor real"
"2013/05/29";206,4258;"UVR_Unidad de valor real"
"2013/05/30";206,4425;"UVR_Unidad de valor real"
"2013/05/31";206,4591;"UVR_Unidad de valor real"
"2013/06/01";206,4757;"UVR_Unidad de valor real"
"2013/06/02";206,4924;"UVR_Unidad de valor real"
"2013/06/03";206,509;"UVR_Unidad de valor real"
"2013/06/04";206,5256;"UVR_Unidad de valor real"
"2013/06/05";206,5423;"UVR_Unidad de valor real"
"2013/06/06";206,5589;"UVR_Unidad de valor real"
"2013/06/07";206,5755;"UVR_Unidad de valor real"
"2013/06/08";206,5922;"UVR_Unidad de valor real"
"2013/06/09";206,6088;"UVR_Unidad de valor real"
"2013/06/10";206,6255;"UVR_Unidad de valor real"
"2013/06/11";206,6421;"UVR_Unidad de valor real"
"2013/06/12";206,6587;"UVR_Unidad de valor real"
"2013/06/13";206,6754;"UVR_Unidad de valor real"
"2013/06/14";206,692;"UVR_Unidad de valor real"
"2013/06/15";206,7087;"UVR_Unidad de valor real"
"2013/06/16";206,728;"UVR_Unidad de valor real"
"2013/06/17";206,7472;"UVR_Unidad de valor real"
"2013/06/18";206,7665;"UVR_Unidad de valor real"
"2013/06/19";206,7858;"UVR_Unidad de valor real"
"2013/06/20";206,8051;"UVR_Unidad de valor real"
"2013/06/21";206,8243;"UVR_Unidad de valor real"
"2013/06/22";206,8436;"UVR_Unidad de valor real"
"2013/06/23";206,8629;"UVR_Unidad de valor real"
"2013/06/24";206,8822;"UVR_Unidad de valor real"
"2013/06/25";206,9014;"UVR_Unidad de valor real"
"2013/06/26";206,9207;"UVR_Unidad de valor real"
"2013/06/27";206,94;"UVR_Unidad de valor real"
"2013/06/28";206,9593;"UVR_Unidad de valor real"
"2013/06/29";206,9786;"UVR_Unidad de valor real"
"2013/06/30";206,9979;"UVR_Unidad de valor real"
"2013/07/01";207,0172;"UVR_Unidad de valor real"
"2013/07/02";207,0365;"UVR_Unidad de valor real"
"2013/07/03";207,0558;"UVR_Unidad de valor real"
"2013/07/04";207,0751;"UVR_Unidad de valor real"
"2013/07/05";207,0944;"UVR_Unidad de valor real"
"2013/07/06";207,1137;"UVR_Unidad de valor real"
"2013/07/07";207,133;"UVR_Unidad de valor real"
"2013/07/08";207,1523;"UVR_Unidad de valor real"
"2013/07/09";207,1716;"UVR_Unidad de valor real"
"2013/07/10";207,1909;"UVR_Unidad de valor real"
"2013/07/11";207,2102;"UVR_Unidad de valor real"
"2013/07/12";207,2295;"UVR_Unidad de valor real"
"2013/07/13";207,2488;"UVR_Unidad de valor real"
"2013/07/14";207,2682;"UVR_Unidad de valor real"
"2013/07/15";207,2875;"UVR_Unidad de valor real"
"2013/07/16";207,3029;"UVR_Unidad de valor real"
"2013/07/17";207,3182;"UVR_Unidad de valor real"
"2013/07/18";207,3336;"UVR_Unidad de valor real"
"2013/07/19";207,349;"UVR_Unidad de valor real"
"2013/07/20";207,3643;"UVR_Unidad de valor real"
"2013/07/21";207,3797;"UVR_Unidad de valor real"
"2013/07/22";207,3951;"UVR_Unidad de valor real"
"2013/07/23";207,4104;"UVR_Unidad de valor real"
"2013/07/24";207,4258;"UVR_Unidad de valor real"
"2013/07/25";207,4412;"UVR_Unidad de valor real"
"2013/07/26";207,4565;"UVR_Unidad de valor real"
"2013/07/27";207,4719;"UVR_Unidad de valor real"
"2013/07/28";207,4873;"UVR_Unidad de valor real"
"2013/07/29";207,5027;"UVR_Unidad de valor real"
"2013/07/30";207,5181;"UVR_Unidad de valor real"
"2013/07/31";207,5334;"UVR_Unidad de valor real"
"2013/08/01";207,5488;"UVR_Unidad de valor real"
"2013/08/02";207,5642;"UVR_Unidad de valor real"
"2013/08/03";207,5796;"UVR_Unidad de valor real"
"2013/08/04";207,595;"UVR_Unidad de valor real"
"2013/08/05";207,6103;"UVR_Unidad de valor real"
"2013/08/06";207,6257;"UVR_Unidad de valor real"
"2013/08/07";207,6411;"UVR_Unidad de valor real"
"2013/08/08";207,6565;"UVR_Unidad de valor real"
"2013/08/09";207,6719;"UVR_Unidad de valor real"
"2013/08/10";207,6873;"UVR_Unidad de valor real"
"2013/08/11";207,7027;"UVR_Unidad de valor real"
"2013/08/12";207,7181;"UVR_Unidad de valor real"
"2013/08/13";207,7335;"UVR_Unidad de valor real"
"2013/08/14";207,7489;"UVR_Unidad de valor real"
"2013/08/15";207,7643;"UVR_Unidad de valor real"
"2013/08/16";207,767;"UVR_Unidad de valor real"
"2013/08/17";207,7697;"UVR_Unidad de valor real"
"2013/08/18";207,7723;"UVR_Unidad de valor real"
"2013/08/19";207,775;"UVR_Unidad de valor real"
"2013/08/20";207,7777;"UVR_Unidad de valor real"
"2013/08/21";207,7804;"UVR_Unidad de valor real"
"2013/08/22";207,7831;"UVR_Unidad de valor real"
"2013/08/23";207,7857;"UVR_Unidad de valor real"
"2013/08/24";207,7884;"UVR_Unidad de valor real"
"2013/08/25";207,7911;"UVR_Unidad de valor real"
"2013/08/26";207,7938;"UVR_Unidad de valor real"
"2013/08/27";207,7965;"UVR_Unidad de valor real"
"2013/08/28";207,7991;"UVR_Unidad de valor real"
"2013/08/29";207,8018;"UVR_Unidad de valor real"
"2013/08/30";207,8045;"UVR_Unidad de valor real"
"2013/08/31";207,8072;"UVR_Unidad de valor real"
"2013/09/01";207,8099;"UVR_Unidad de valor real"
"2013/09/02";207,8126;"UVR_Unidad de valor real"
"2013/09/03";207,8152;"UVR_Unidad de valor real"
"2013/09/04";207,8179;"UVR_Unidad de valor real"
"2013/09/05";207,8206;"UVR_Unidad de valor real"
"2013/09/06";207,8233;"UVR_Unidad de valor real"
"2013/09/07";207,826;"UVR_Unidad de valor real"
"2013/09/08";207,8286;"UVR_Unidad de valor real"
"2013/09/09";207,8313;"UVR_Unidad de valor real"
"2013/09/10";207,834;"UVR_Unidad de valor real"
"2013/09/11";207,8367;"UVR_Unidad de valor real"
"2013/09/12";207,8394;"UVR_Unidad de valor real"
"2013/09/13";207,842;"UVR_Unidad de valor real"
"2013/09/14";207,8447;"UVR_Unidad de valor real"
"2013/09/15";207,8474;"UVR_Unidad de valor real"
"2013/09/16";207,8529;"UVR_Unidad de valor real"
"2013/09/17";207,8585;"UVR_Unidad de valor real"
"2013/09/18";207,864;"UVR_Unidad de valor real"
"2013/09/19";207,8696;"UVR_Unidad de valor real"
"2013/09/20";207,8751;"UVR_Unidad de valor real"
"2013/09/21";207,8806;"UVR_Unidad de valor real"
"2013/09/22";207,8862;"UVR_Unidad de valor real"
"2013/09/23";207,8917;"UVR_Unidad de valor real"
"2013/09/24";207,8973;"UVR_Unidad de valor real"
"2013/09/25";207,9028;"UVR_Unidad de valor real"
"2013/09/26";207,9084;"UVR_Unidad de valor real"
"2013/09/27";207,9139;"UVR_Unidad de valor real"
"2013/09/28";207,9194;"UVR_Unidad de valor real"
"2013/09/29";207,925;"UVR_Unidad de valor real"
"2013/09/30";207,9305;"UVR_Unidad de valor real"
"2013/10/01";207,9361;"UVR_Unidad de valor real"
"2013/10/02";207,9416;"UVR_Unidad de valor real"
"2013/10/03";207,9472;"UVR_Unidad de valor real"
"2013/10/04";207,9527;"UVR_Unidad de valor real"
"2013/10/05";207,9582;"UVR_Unidad de valor real"
"2013/10/06";207,9638;"UVR_Unidad de valor real"
"2013/10/07";207,9693;"UVR_Unidad de valor real"
"2013/10/08";207,9749;"UVR_Unidad de valor real"
"2013/10/09";207,9804;"UVR_Unidad de valor real"
"2013/10/10";207,986;"UVR_Unidad de valor real"
"2013/10/11";207,9915;"UVR_Unidad de valor real"
"2013/10/12";207,997;"UVR_Unidad de valor real"
"2013/10/13";208,0026;"UVR_Unidad de valor real"
"2013/10/14";208,0081;"UVR_Unidad de valor real"
"2013/10/15";208,0137;"UVR_Unidad de valor real"
"2013/10/16";208,0331;"UVR_Unidad de valor real"
"2013/10/17";208,0526;"UVR_Unidad de valor real"
"2013/10/18";208,072;"UVR_Unidad de valor real"
"2013/10/19";208,0914;"UVR_Unidad de valor real"
"2013/10/20";208,1109;"UVR_Unidad de valor real"
"2013/10/21";208,1303;"UVR_Unidad de valor real"
"2013/10/22";208,1498;"UVR_Unidad de valor real"
"2013/10/23";208,1692;"UVR_Unidad de valor real"
"2013/10/24";208,1887;"UVR_Unidad de valor real"
"2013/10/25";208,2081;"UVR_Unidad de valor real"
"2013/10/26";208,2276;"UVR_Unidad de valor real"
"2013/10/27";208,247;"UVR_Unidad de valor real"
"2013/10/28";208,2665;"UVR_Unidad de valor real"
"2013/10/29";208,2859;"UVR_Unidad de valor real"
"2013/10/30";208,3054;"UVR_Unidad de valor real"
"2013/10/31";208,3248;"UVR_Unidad de valor real"
"2013/11/01";208,3443;"UVR_Unidad de valor real"
"2013/11/02";208,3638;"UVR_Unidad de valor real"
"2013/11/03";208,3832;"UVR_Unidad de valor real"
"2013/11/04";208,4027;"UVR_Unidad de valor real"
"2013/11/05";208,4222;"UVR_Unidad de valor real"
"2013/11/06";208,4416;"UVR_Unidad de valor real"
"2013/11/07";208,4611;"UVR_Unidad de valor real"
"2013/11/08";208,4806;"UVR_Unidad de valor real"
"2013/11/09";208,5;"UVR_Unidad de valor real"
"2013/11/10";208,5195;"UVR_Unidad de valor real"
"2013/11/11";208,539;"UVR_Unidad de valor real"
"2013/11/12";208,5585;"UVR_Unidad de valor real"
"2013/11/13";208,578;"UVR_Unidad de valor real"
"2013/11/14";208,5975;"UVR_Unidad de valor real"
"2013/11/15";208,6169;"UVR_Unidad de valor real"
"2013/11/16";208,5988;"UVR_Unidad de valor real"
"2013/11/17";208,5807;"UVR_Unidad de valor real"
"2013/11/18";208,5626;"UVR_Unidad de valor real"
"2013/11/19";208,5445;"UVR_Unidad de valor real"
"2013/11/20";208,5264;"UVR_Unidad de valor real"
"2013/11/21";208,5083;"UVR_Unidad de valor real"
"2013/11/22";208,4902;"UVR_Unidad de valor real"
"2013/11/23";208,4721;"UVR_Unidad de valor real"
"2013/11/24";208,454;"UVR_Unidad de valor real"
"2013/11/25";208,4359;"UVR_Unidad de valor real"
"2013/11/26";208,4179;"UVR_Unidad de valor real"
"2013/11/27";208,3998;"UVR_Unidad de valor real"
"2013/11/28";208,3817;"UVR_Unidad de valor real"
"2013/11/29";208,3636;"UVR_Unidad de valor real"
"2013/11/30";208,3455;"UVR_Unidad de valor real"
"2013/12/01";208,3274;"UVR_Unidad de valor real"
"2013/12/02";208,3094;"UVR_Unidad de valor real"
"2013/12/03";208,2913;"UVR_Unidad de valor real"
"2013/12/04";208,2732;"UVR_Unidad de valor real"
"2013/12/05";208,2551;"UVR_Unidad de valor real"
"2013/12/06";208,2371;"UVR_Unidad de valor real"
"2013/12/07";208,219;"UVR_Unidad de valor real"
"2013/12/08";208,2009;"UVR_Unidad de valor real"
"2013/12/09";208,1829;"UVR_Unidad de valor real"
"2013/12/10";208,1648;"UVR_Unidad de valor real"
"2013/12/11";208,1467;"UVR_Unidad de valor real"
"2013/12/12";208,1287;"UVR_Unidad de valor real"
"2013/12/13";208,1106;"UVR_Unidad de valor real"
"2013/12/14";208,0926;"UVR_Unidad de valor real"
"2013/12/15";208,0745;"UVR_Unidad de valor real"
"2013/12/16";208,0597;"UVR_Unidad de valor real"
"2013/12/17";208,0449;"UVR_Unidad de valor real"
"2013/12/18";208,0302;"UVR_Unidad de valor real"
"2013/12/19";208,0154;"UVR_Unidad de valor real"
"2013/12/20";208,0006;"UVR_Unidad de valor real"
"2013/12/21";207,9858;"UVR_Unidad de valor real"
"2013/12/22";207,971;"UVR_Unidad de valor real"
"2013/12/23";207,9563;"UVR_Unidad de valor real"
"2013/12/24";207,9415;"UVR_Unidad de valor real"
"2013/12/25";207,9267;"UVR_Unidad de valor real"
"2013/12/26";207,912;"UVR_Unidad de valor real"
"2013/12/27";207,8972;"UVR_Unidad de valor real"
"2013/12/28";207,8824;"UVR_Unidad de valor real"
"2013/12/29";207,8676;"UVR_Unidad de valor real"
"2013/12/30";207,8529;"UVR_Unidad de valor real"
"2013/12/31";207,8381;"UVR_Unidad de valor real"
"2014/01/01";207,8233;"UVR_Unidad de valor real"
"2014/01/02";207,8086;"UVR_Unidad de valor real"
"2014/01/03";207,7938;"UVR_Unidad de valor real"
"2014/01/04";207,7791;"UVR_Unidad de valor real"
"2014/01/05";207,7643;"UVR_Unidad de valor real"
"2014/01/06";207,7495;"UVR_Unidad de valor real"
"2014/01/07";207,7348;"UVR_Unidad de valor real"
"2014/01/08";207,72;"UVR_Unidad de valor real"
"2014/01/09";207,7053;"UVR_Unidad de valor real"
"2014/01/10";207,6905;"UVR_Unidad de valor real"
"2014/01/11";207,6757;"UVR_Unidad de valor real"
"2014/01/12";207,661;"UVR_Unidad de valor real"
"2014/01/13";207,6462;"UVR_Unidad de valor real"
"2014/01/14";207,6315;"UVR_Unidad de valor real"
"2014/01/15";207,6167;"UVR_Unidad de valor real"
"2014/01/16";207,6341;"UVR_Unidad de valor real"
"2014/01/17";207,6515;"UVR_Unidad de valor real"
"2014/01/18";207,6689;"UVR_Unidad de valor real"
"2014/01/19";207,6863;"UVR_Unidad de valor real"
"2014/01/20";207,7037;"UVR_Unidad de valor real"
"2014/01/21";207,7211;"UVR_Unidad de valor real"
"2014/01/22";207,7385;"UVR_Unidad de valor real"
"2014/01/23";207,7559;"UVR_Unidad de valor real"
"2014/01/24";207,7733;"UVR_Unidad de valor real"
"2014/01/25";207,7907;"UVR_Unidad de valor real"
"2014/01/26";207,8081;"UVR_Unidad de valor real"
"2014/01/27";207,8255;"UVR_Unidad de valor real"
"2014/01/28";207,8429;"UVR_Unidad de valor real"
"2014/01/29";207,8603;"UVR_Unidad de valor real"
"2014/01/30";207,8777;"UVR_Unidad de valor real"
"2014/01/31";207,8951;"UVR_Unidad de valor real"
"2014/02/01";207,9125;"UVR_Unidad de valor real"
"2014/02/02";207,93;"UVR_Unidad de valor real"
"2014/02/03";207,9474;"UVR_Unidad de valor real"
"2014/02/04";207,9648;"UVR_Unidad de valor real"
"2014/02/05";207,9822;"UVR_Unidad de valor real"
"2014/02/06";207,9996;"UVR_Unidad de valor real"
"2014/02/07";208,0171;"UVR_Unidad de valor real"
"2014/02/08";208,0345;"UVR_Unidad de valor real"
"2014/02/09";208,0519;"UVR_Unidad de valor real"
"2014/02/10";208,0693;"UVR_Unidad de valor real"
"2014/02/11";208,0868;"UVR_Unidad de valor real"
"2014/02/12";208,1042;"UVR_Unidad de valor real"
"2014/02/13";208,1216;"UVR_Unidad de valor real"
"2014/02/14";208,1391;"UVR_Unidad de valor real"
"2014/02/15";208,1565;"UVR_Unidad de valor real"
"2014/02/16";208,1928;"UVR_Unidad de valor real"
"2014/02/17";208,2292;"UVR_Unidad de valor real"
"2014/02/18";208,2655;"UVR_Unidad de valor real"
"2014/02/19";208,3019;"UVR_Unidad de valor real"
"2014/02/20";208,3383;"UVR_Unidad de valor real"
"2014/02/21";208,3746;"UVR_Unidad de valor real"
"2014/02/22";208,411;"UVR_Unidad de valor real"
"2014/02/23";208,4474;"UVR_Unidad de valor real"
"2014/02/24";208,4838;"UVR_Unidad de valor real"
"2014/02/25";208,5202;"UVR_Unidad de valor real"
"2014/02/26";208,5566;"UVR_Unidad de valor real"
"2014/02/27";208,593;"UVR_Unidad de valor real"
"2014/02/28";208,6294;"UVR_Unidad de valor real"
"2014/03/01";208,6659;"UVR_Unidad de valor real"
"2014/03/02";208,7023;"UVR_Unidad de valor real"
"2014/03/03";208,7387;"UVR_Unidad de valor real"
"2014/03/04";208,7752;"UVR_Unidad de valor real"
"2014/03/05";208,8116;"UVR_Unidad de valor real"
"2014/03/06";208,8481;"UVR_Unidad de valor real"
"2014/03/07";208,8845;"UVR_Unidad de valor real"
"2014/03/08";208,921;"UVR_Unidad de valor real"
"2014/03/09";208,9575;"UVR_Unidad de valor real"
"2014/03/10";208,994;"UVR_Unidad de valor real"
"2014/03/11";209,0305;"UVR_Unidad de valor real"
"2014/03/12";209,0669;"UVR_Unidad de valor real"
"2014/03/13";209,1034;"UVR_Unidad de valor real"
"2014/03/14";209,14;"UVR_Unidad de valor real"
"2014/03/15";209,1765;"UVR_Unidad de valor real"
"2014/03/16";209,2189;"UVR_Unidad de valor real"
"2014/03/17";209,2613;"UVR_Unidad de valor real"
"2014/03/18";209,3037;"UVR_Unidad de valor real"
"2014/03/19";209,3461;"UVR_Unidad de valor real"
"2014/03/20";209,3885;"UVR_Unidad de valor real"
"2014/03/21";209,4309;"UVR_Unidad de valor real"
"2014/03/22";209,4733;"UVR_Unidad de valor real"
"2014/03/23";209,5158;"UVR_Unidad de valor real"
"2014/03/24";209,5582;"UVR_Unidad de valor real"
"2014/03/25";209,6007;"UVR_Unidad de valor real"
"2014/03/26";209,6432;"UVR_Unidad de valor real"
"2014/03/27";209,6856;"UVR_Unidad de valor real"
"2014/03/28";209,7281;"UVR_Unidad de valor real"
"2014/03/29";209,7706;"UVR_Unidad de valor real"
"2014/03/30";209,8131;"UVR_Unidad de valor real"
"2014/03/31";209,8556;"UVR_Unidad de valor real"
"2014/04/01";209,8981;"UVR_Unidad de valor real"
"2014/04/02";209,9407;"UVR_Unidad de valor real"
"2014/04/03";209,9832;"UVR_Unidad de valor real"
"2014/04/04";210,0258;"UVR_Unidad de valor real"
"2014/04/05";210,0683;"UVR_Unidad de valor real"
"2014/04/06";210,1109;"UVR_Unidad de valor real"
"2014/04/07";210,1534;"UVR_Unidad de valor real"
"2014/04/08";210,196;"UVR_Unidad de valor real"
"2014/04/09";210,2386;"UVR_Unidad de valor real"
"2014/04/10";210,2812;"UVR_Unidad de valor real"
"2014/04/11";210,3238;"UVR_Unidad de valor real"
"2014/04/12";210,3664;"UVR_Unidad de valor real"
"2014/04/13";210,409;"UVR_Unidad de valor real"
"2014/04/14";210,4517;"UVR_Unidad de valor real"
"2014/04/15";210,4943;"UVR_Unidad de valor real"
"2014/04/16";210,5216;"UVR_Unidad de valor real"
"2014/04/17";210,5489;"UVR_Unidad de valor real"
"2014/04/18";210,5762;"UVR_Unidad de valor real"
"2014/04/19";210,6036;"UVR_Unidad de valor real"
"2014/04/20";210,6309;"UVR_Unidad de valor real"
"2014/04/21";210,6582;"UVR_Unidad de valor real"
"2014/04/22";210,6856;"UVR_Unidad de valor real"
"2014/04/23";210,7129;"UVR_Unidad de valor real"
"2014/04/24";210,7402;"UVR_Unidad de valor real"
"2014/04/25";210,7676;"UVR_Unidad de valor real"
"2014/04/26";210,7949;"UVR_Unidad de valor real"
"2014/04/27";210,8223;"UVR_Unidad de valor real"
"2014/04/28";210,8496;"UVR_Unidad de valor real"
"2014/04/29";210,877;"UVR_Unidad de valor real"
"2014/04/30";210,9044;"UVR_Unidad de valor real"
"2014/05/01";210,9317;"UVR_Unidad de valor real"
"2014/05/02";210,9591;"UVR_Unidad de valor real"
"2014/05/03";210,9865;"UVR_Unidad de valor real"
"2014/05/04";211,0138;"UVR_Unidad de valor real"
"2014/05/05";211,0412;"UVR_Unidad de valor real"
"2014/05/06";211,0686;"UVR_Unidad de valor real"
"2014/05/07";211,096;"UVR_Unidad de valor real"
"2014/05/08";211,1234;"UVR_Unidad de valor real"
"2014/05/09";211,1508;"UVR_Unidad de valor real"
"2014/05/10";211,1782;"UVR_Unidad de valor real"
"2014/05/11";211,2056;"UVR_Unidad de valor real"
"2014/05/12";211,233;"UVR_Unidad de valor real"
"2014/05/13";211,2604;"UVR_Unidad de valor real"
"2014/05/14";211,2878;"UVR_Unidad de valor real"
"2014/05/15";211,3152;"UVR_Unidad de valor real"
"2014/05/16";211,3465;"UVR_Unidad de valor real"
"2014/05/17";211,3778;"UVR_Unidad de valor real"
"2014/05/18";211,4091;"UVR_Unidad de valor real"
"2014/05/19";211,4404;"UVR_Unidad de valor real"
"2014/05/20";211,4717;"UVR_Unidad de valor real"
"2014/05/21";211,503;"UVR_Unidad de valor real"
"2014/05/22";211,5343;"UVR_Unidad de valor real"
"2014/05/23";211,5656;"UVR_Unidad de valor real"
"2014/05/24";211,5969;"UVR_Unidad de valor real"
"2014/05/25";211,6283;"UVR_Unidad de valor real"
"2014/05/26";211,6596;"UVR_Unidad de valor real"
"2014/05/27";211,6909;"UVR_Unidad de valor real"
"2014/05/28";211,7223;"UVR_Unidad de valor real"
"2014/05/29";211,7536;"UVR_Unidad de valor real"
"2014/05/30";211,785;"UVR_Unidad de valor real"
"2014/05/31";211,8163;"UVR_Unidad de valor real"
"2014/06/01";211,8477;"UVR_Unidad de valor real"
"2014/06/02";211,8791;"UVR_Unidad de valor real"
"2014/06/03";211,9104;"UVR_Unidad de valor real"
"2014/06/04";211,9418;"UVR_Unidad de valor real"
"2014/06/05";211,9732;"UVR_Unidad de valor real"
"2014/06/06";212,0046;"UVR_Unidad de valor real"
"2014/06/07";212,036;"UVR_Unidad de valor real"
"2014/06/08";212,0674;"UVR_Unidad de valor real"
"2014/06/09";212,0988;"UVR_Unidad de valor real"
"2014/06/10";212,1302;"UVR_Unidad de valor real"
"2014/06/11";212,1616;"UVR_Unidad de valor real"
"2014/06/12";212,193;"UVR_Unidad de valor real"
"2014/06/13";212,2244;"UVR_Unidad de valor real"
"2014/06/14";212,2558;"UVR_Unidad de valor real"
"2014/06/15";212,2872;"UVR_Unidad de valor real"
"2014/06/16";212,3211;"UVR_Unidad de valor real"
"2014/06/17";212,355;"UVR_Unidad de valor real"
"2014/06/18";212,3889;"UVR_Unidad de valor real"
"2014/06/19";212,4228;"UVR_Unidad de valor real"
"2014/06/20";212,4567;"UVR_Unidad de valor real"
"2014/06/21";212,4906;"UVR_Unidad de valor real"
"2014/06/22";212,5245;"UVR_Unidad de valor real"
"2014/06/23";212,5585;"UVR_Unidad de valor real"
"2014/06/24";212,5924;"UVR_Unidad de valor real"
"2014/06/25";212,6263;"UVR_Unidad de valor real"
"2014/06/26";212,6603;"UVR_Unidad de valor real"
"2014/06/27";212,6942;"UVR_Unidad de valor real"
"2014/06/28";212,7282;"UVR_Unidad de valor real"
"2014/06/29";212,7621;"UVR_Unidad de valor real"
"2014/06/30";212,7961;"UVR_Unidad de valor real"
"2014/07/01";212,83;"UVR_Unidad de valor real"
"2014/07/02";212,864;"UVR_Unidad de valor real"
"2014/07/03";212,898;"UVR_Unidad de valor real"
"2014/07/04";212,932;"UVR_Unidad de valor real"
"2014/07/05";212,966;"UVR_Unidad de valor real"
"2014/07/06";213;"UVR_Unidad de valor real"
"2014/07/07";213,034;"UVR_Unidad de valor real"
"2014/07/08";213,068;"UVR_Unidad de valor real"
"2014/07/09";213,102;"UVR_Unidad de valor real"
"2014/07/10";213,136;"UVR_Unidad de valor real"
"2014/07/11";213,17;"UVR_Unidad de valor real"
"2014/07/12";213,2041;"UVR_Unidad de valor real"
"2014/07/13";213,2381;"UVR_Unidad de valor real"
"2014/07/14";213,2721;"UVR_Unidad de valor real"
"2014/07/15";213,3062;"UVR_Unidad de valor real"
"2014/07/16";213,3124;"UVR_Unidad de valor real"
"2014/07/17";213,3186;"UVR_Unidad de valor real"
"2014/07/18";213,3248;"UVR_Unidad de valor real"
"2014/07/19";213,331;"UVR_Unidad de valor real"
"2014/07/20";213,3372;"UVR_Unidad de valor real"
"2014/07/21";213,3433;"UVR_Unidad de valor real"
"2014/07/22";213,3495;"UVR_Unidad de valor real"
"2014/07/23";213,3557;"UVR_Unidad de valor real"
"2014/07/24";213,3619;"UVR_Unidad de valor real"
"2014/07/25";213,3681;"UVR_Unidad de valor real"
"2014/07/26";213,3743;"UVR_Unidad de valor real"
"2014/07/27";213,3805;"UVR_Unidad de valor real"
"2014/07/28";213,3867;"UVR_Unidad de valor real"
"2014/07/29";213,3929;"UVR_Unidad de valor real"
"2014/07/30";213,3991;"UVR_Unidad de valor real"
"2014/07/31";213,4053;"UVR_Unidad de valor real"
"2014/08/01";213,4115;"UVR_Unidad de valor real"
"2014/08/02";213,4176;"UVR_Unidad de valor real"
"2014/08/03";213,4238;"UVR_Unidad de valor real"
"2014/08/04";213,43;"UVR_Unidad de valor real"
"2014/08/05";213,4362;"UVR_Unidad de valor real"
"2014/08/06";213,4424;"UVR_Unidad de valor real"
"2014/08/07";213,4486;"UVR_Unidad de valor real"
"2014/08/08";213,4548;"UVR_Unidad de valor real"
"2014/08/09";213,461;"UVR_Unidad de valor real"
"2014/08/10";213,4672;"UVR_Unidad de valor real"
"2014/08/11";213,4734;"UVR_Unidad de valor real"
"2014/08/12";213,4796;"UVR_Unidad de valor real"
"2014/08/13";213,4858;"UVR_Unidad de valor real"
"2014/08/14";213,492;"UVR_Unidad de valor real"
"2014/08/15";213,4982;"UVR_Unidad de valor real"
"2014/08/16";213,5085;"UVR_Unidad de valor real"
"2014/08/17";213,5188;"UVR_Unidad de valor real"
"2014/08/18";213,5292;"UVR_Unidad de valor real"
"2014/08/19";213,5395;"UVR_Unidad de valor real"
"2014/08/20";213,5498;"UVR_Unidad de valor real"
"2014/08/21";213,5601;"UVR_Unidad de valor real"
"2014/08/22";213,5705;"UVR_Unidad de valor real"
"2014/08/23";213,5808;"UVR_Unidad de valor real"
"2014/08/24";213,5911;"UVR_Unidad de valor real"
"2014/08/25";213,6015;"UVR_Unidad de valor real"
"2014/08/26";213,6118;"UVR_Unidad de valor real"
"2014/08/27";213,6221;"UVR_Unidad de valor real"
"2014/08/28";213,6324;"UVR_Unidad de valor real"
"2014/08/29";213,6428;"UVR_Unidad de valor real"
"2014/08/30";213,6531;"UVR_Unidad de valor real"
"2014/08/31";213,6634;"UVR_Unidad de valor real"
"2014/09/01";213,6738;"UVR_Unidad de valor real"
"2014/09/02";213,6841;"UVR_Unidad de valor real"
"2014/09/03";213,6944;"UVR_Unidad de valor real"
"2014/09/04";213,7048;"UVR_Unidad de valor real"
"2014/09/05";213,7151;"UVR_Unidad de valor real"
"2014/09/06";213,7254;"UVR_Unidad de valor real"
"2014/09/07";213,7358;"UVR_Unidad de valor real"
"2014/09/08";213,7461;"UVR_Unidad de valor real"
"2014/09/09";213,7564;"UVR_Unidad de valor real"
"2014/09/10";213,7668;"UVR_Unidad de valor real"
"2014/09/11";213,7771;"UVR_Unidad de valor real"
"2014/09/12";213,7874;"UVR_Unidad de valor real"
"2014/09/13";213,7978;"UVR_Unidad de valor real"
"2014/09/14";213,8081;"UVR_Unidad de valor real"
"2014/09/15";213,8184;"UVR_Unidad de valor real"
"2014/09/16";213,8326;"UVR_Unidad de valor real"
"2014/09/17";213,8469;"UVR_Unidad de valor real"
"2014/09/18";213,8611;"UVR_Unidad de valor real"
"2014/09/19";213,8754;"UVR_Unidad de valor real"
"2014/09/20";213,8896;"UVR_Unidad de valor real"
"2014/09/21";213,9039;"UVR_Unidad de valor real"
"2014/09/22";213,9181;"UVR_Unidad de valor real"
"2014/09/23";213,9324;"UVR_Unidad de valor real"
"2014/09/24";213,9466;"UVR_Unidad de valor real"
"2014/09/25";213,9609;"UVR_Unidad de valor real"
"2014/09/26";213,9751;"UVR_Unidad de valor real"
"2014/09/27";213,9894;"UVR_Unidad de valor real"
"2014/09/28";214,0036;"UVR_Unidad de valor real"
"2014/09/29";214,0179;"UVR_Unidad de valor real"
"2014/09/30";214,0321;"UVR_Unidad de valor real"
"2014/10/01";214,0464;"UVR_Unidad de valor real"
"2014/10/02";214,0606;"UVR_Unidad de valor real"
"2014/10/03";214,0749;"UVR_Unidad de valor real"
"2014/10/04";214,0891;"UVR_Unidad de valor real"
"2014/10/05";214,1034;"UVR_Unidad de valor real"
"2014/10/06";214,1177;"UVR_Unidad de valor real"
"2014/10/07";214,1319;"UVR_Unidad de valor real"
"2014/10/08";214,1462;"UVR_Unidad de valor real"
"2014/10/09";214,1604;"UVR_Unidad de valor real"
"2014/10/10";214,1747;"UVR_Unidad de valor real"
"2014/10/11";214,189;"UVR_Unidad de valor real"
"2014/10/12";214,2032;"UVR_Unidad de valor real"
"2014/10/13";214,2175;"UVR_Unidad de valor real"
"2014/10/14";214,2318;"UVR_Unidad de valor real"
"2014/10/15";214,246;"UVR_Unidad de valor real"
"2014/10/16";214,2557;"UVR_Unidad de valor real"
"2014/10/17";214,2653;"UVR_Unidad de valor real"
"2014/10/18";214,275;"UVR_Unidad de valor real"
"2014/10/19";214,2847;"UVR_Unidad de valor real"
"2014/10/20";214,2943;"UVR_Unidad de valor real"
"2014/10/21";214,304;"UVR_Unidad de valor real"
"2014/10/22";214,3137;"UVR_Unidad de valor real"
"2014/10/23";214,3234;"UVR_Unidad de valor real"
"2014/10/24";214,333;"UVR_Unidad de valor real"
"2014/10/25";214,3427;"UVR_Unidad de valor real"
"2014/10/26";214,3524;"UVR_Unidad de valor real"
"2014/10/27";214,3621;"UVR_Unidad de valor real"
"2014/10/28";214,3717;"UVR_Unidad de valor real"
"2014/10/29";214,3814;"UVR_Unidad de valor real"
"2014/10/30";214,3911;"UVR_Unidad de valor real"
"2014/10/31";214,4008;"UVR_Unidad de valor real"
"2014/11/01";214,4104;"UVR_Unidad de valor real"
"2014/11/02";214,4201;"UVR_Unidad de valor real"
"2014/11/03";214,4298;"UVR_Unidad de valor real"
"2014/11/04";214,4395;"UVR_Unidad de valor real"
"2014/11/05";214,4491;"UVR_Unidad de valor real"
"2014/11/06";214,4588;"UVR_Unidad de valor real"
"2014/11/07";214,4685;"UVR_Unidad de valor real"
"2014/11/08";214,4782;"UVR_Unidad de valor real"
"2014/11/09";214,4879;"UVR_Unidad de valor real"
"2014/11/10";214,4975;"UVR_Unidad de valor real"
"2014/11/11";214,5072;"UVR_Unidad de valor real"
"2014/11/12";214,5169;"UVR_Unidad de valor real"
"2014/11/13";214,5266;"UVR_Unidad de valor real"
"2014/11/14";214,5363;"UVR_Unidad de valor real"
"2014/11/15";214,5459;"UVR_Unidad de valor real"
"2014/11/16";214,5573;"UVR_Unidad de valor real"
"2014/11/17";214,5688;"UVR_Unidad de valor real"
"2014/11/18";214,5802;"UVR_Unidad de valor real"
"2014/11/19";214,5916;"UVR_Unidad de valor real"
"2014/11/20";214,6031;"UVR_Unidad de valor real"
"2014/11/21";214,6145;"UVR_Unidad de valor real"
"2014/11/22";214,6259;"UVR_Unidad de valor real"
"2014/11/23";214,6374;"UVR_Unidad de valor real"
"2014/11/24";214,6488;"UVR_Unidad de valor real"
"2014/11/25";214,6603;"UVR_Unidad de valor real"
"2014/11/26";214,6717;"UVR_Unidad de valor real"
"2014/11/27";214,6831;"UVR_Unidad de valor real"
"2014/11/28";214,6946;"UVR_Unidad de valor real"
"2014/11/29";214,706;"UVR_Unidad de valor real"
"2014/11/30";214,7175;"UVR_Unidad de valor real"
"2014/12/01";214,7289;"UVR_Unidad de valor real"
"2014/12/02";214,7404;"UVR_Unidad de valor real"
"2014/12/03";214,7518;"UVR_Unidad de valor real"
"2014/12/04";214,7632;"UVR_Unidad de valor real"
"2014/12/05";214,7747;"UVR_Unidad de valor real"
"2014/12/06";214,7861;"UVR_Unidad de valor real"
"2014/12/07";214,7976;"UVR_Unidad de valor real"
"2014/12/08";214,809;"UVR_Unidad de valor real"
"2014/12/09";214,8205;"UVR_Unidad de valor real"
"2014/12/10";214,8319;"UVR_Unidad de valor real"
"2014/12/11";214,8434;"UVR_Unidad de valor real"
"2014/12/12";214,8548;"UVR_Unidad de valor real"
"2014/12/13";214,8663;"UVR_Unidad de valor real"
"2014/12/14";214,8777;"UVR_Unidad de valor real"
"2014/12/15";214,8892;"UVR_Unidad de valor real"
"2014/12/16";214,8982;"UVR_Unidad de valor real"
"2014/12/17";214,9072;"UVR_Unidad de valor real"
"2014/12/18";214,9162;"UVR_Unidad de valor real"
"2014/12/19";214,9252;"UVR_Unidad de valor real"
"2014/12/20";214,9342;"UVR_Unidad de valor real"
"2014/12/21";214,9432;"UVR_Unidad de valor real"
"2014/12/22";214,9522;"UVR_Unidad de valor real"
"2014/12/23";214,9613;"UVR_Unidad de valor real"
"2014/12/24";214,9703;"UVR_Unidad de valor real"
"2014/12/25";214,9793;"UVR_Unidad de valor real"
"2014/12/26";214,9883;"UVR_Unidad de valor real"
"2014/12/27";214,9973;"UVR_Unidad de valor real"
"2014/12/28";215,0063;"UVR_Unidad de valor real"
"2014/12/29";215,0153;"UVR_Unidad de valor real"
"2014/12/30";215,0243;"UVR_Unidad de valor real"
"2014/12/31";215,0333;"UVR_Unidad de valor real"
"2015/01/01";215,0424;"UVR_Unidad de valor real"
"2015/01/02";215,0514;"UVR_Unidad de valor real"
"2015/01/03";215,0604;"UVR_Unidad de valor real"
"2015/01/04";215,0694;"UVR_Unidad de valor real"
"2015/01/05";215,0784;"UVR_Unidad de valor real"
"2015/01/06";215,0874;"UVR_Unidad de valor real"
"2015/01/07";215,0964;"UVR_Unidad de valor real"
"2015/01/08";215,1054;"UVR_Unidad de valor real"
"2015/01/09";215,1145;"UVR_Unidad de valor real"
"2015/01/10";215,1235;"UVR_Unidad de valor real"
"2015/01/11";215,1325;"UVR_Unidad de valor real"
"2015/01/12";215,1415;"UVR_Unidad de valor real"
"2015/01/13";215,1505;"UVR_Unidad de valor real"
"2015/01/14";215,1595;"UVR_Unidad de valor real"
"2015/01/15";215,1686;"UVR_Unidad de valor real"
"2015/01/16";215,1873;"UVR_Unidad de valor real"
"2015/01/17";215,206;"UVR_Unidad de valor real"
"2015/01/18";215,2248;"UVR_Unidad de valor real"
"2015/01/19";215,2435;"UVR_Unidad de valor real"
"2015/01/20";215,2622;"UVR_Unidad de valor real"
"2015/01/21";215,2809;"UVR_Unidad de valor real"
"2015/01/22";215,2996;"UVR_Unidad de valor real"
"2015/01/23";215,3184;"UVR_Unidad de valor real"
"2015/01/24";215,3371;"UVR_Unidad de valor real"
"2015/01/25";215,3558;"UVR_Unidad de valor real"
"2015/01/26";215,3746;"UVR_Unidad de valor real"
"2015/01/27";215,3933;"UVR_Unidad de valor real"
"2015/01/28";215,412;"UVR_Unidad de valor real"
"2015/01/29";215,4308;"UVR_Unidad de valor real"
"2015/01/30";215,4495;"UVR_Unidad de valor real"
"2015/01/31";215,4683;"UVR_Unidad de valor real"
"2015/02/01";215,487;"UVR_Unidad de valor real"
"2015/02/02";215,5057;"UVR_Unidad de valor real"
"2015/02/03";215,5245;"UVR_Unidad de valor real"
"2015/02/04";215,5432;"UVR_Unidad de valor real"
"2015/02/05";215,562;"UVR_Unidad de valor real"
"2015/02/06";215,5807;"UVR_Unidad de valor real"
"2015/02/07";215,5995;"UVR_Unidad de valor real"
"2015/02/08";215,6182;"UVR_Unidad de valor real"
"2015/02/09";215,637;"UVR_Unidad de valor real"
"2015/02/10";215,6557;"UVR_Unidad de valor real"
"2015/02/11";215,6745;"UVR_Unidad de valor real"
"2015/02/12";215,6933;"UVR_Unidad de valor real"
"2015/02/13";215,712;"UVR_Unidad de valor real"
"2015/02/14";215,7308;"UVR_Unidad de valor real"
"2015/02/15";215,7496;"UVR_Unidad de valor real"
"2015/02/16";215,7988;"UVR_Unidad de valor real"
"2015/02/17";215,8479;"UVR_Unidad de valor real"
"2015/02/18";215,8971;"UVR_Unidad de valor real"
"2015/02/19";215,9463;"UVR_Unidad de valor real"
"2015/02/20";215,9955;"UVR_Unidad de valor real"
"2015/02/21";216,0447;"UVR_Unidad de valor real"
"2015/02/22";216,094;"UVR_Unidad de valor real"
"2015/02/23";216,1432;"UVR_Unidad de valor real"
"2015/02/24";216,1925;"UVR_Unidad de valor real"
"2015/02/25";216,2417;"UVR_Unidad de valor real"
"2015/02/26";216,291;"UVR_Unidad de valor real"
"2015/02/27";216,3403;"UVR_Unidad de valor real"
"2015/02/28";216,3896;"UVR_Unidad de valor real"
"2015/03/01";216,4389;"UVR_Unidad de valor real"
"2015/03/02";216,4882;"UVR_Unidad de valor real"
"2015/03/03";216,5375;"UVR_Unidad de valor real"
"2015/03/04";216,5869;"UVR_Unidad de valor real"
"2015/03/05";216,6362;"UVR_Unidad de valor real"
"2015/03/06";216,6856;"UVR_Unidad de valor real"
"2015/03/07";216,735;"UVR_Unidad de valor real"
"2015/03/08";216,7844;"UVR_Unidad de valor real"
"2015/03/09";216,8338;"UVR_Unidad de valor real"
"2015/03/10";216,8832;"UVR_Unidad de valor real"
"2015/03/11";216,9326;"UVR_Unidad de valor real"
"2015/03/12";216,982;"UVR_Unidad de valor real"
"2015/03/13";217,0315;"UVR_Unidad de valor real"
"2015/03/14";217,0809;"UVR_Unidad de valor real"
"2015/03/15";217,1304;"UVR_Unidad de valor real"
"2015/03/16";217,2105;"UVR_Unidad de valor real"
"2015/03/17";217,2906;"UVR_Unidad de valor real"
"2015/03/18";217,3708;"UVR_Unidad de valor real"
"2015/03/19";217,451;"UVR_Unidad de valor real"
"2015/03/20";217,5312;"UVR_Unidad de valor real"
"2015/03/21";217,6115;"UVR_Unidad de valor real"
"2015/03/22";217,6917;"UVR_Unidad de valor real"
"2015/03/23";217,7721;"UVR_Unidad de valor real"
"2015/03/24";217,8524;"UVR_Unidad de valor real"
"2015/03/25";217,9328;"UVR_Unidad de valor real"
"2015/03/26";218,0132;"UVR_Unidad de valor real"
"2015/03/27";218,0936;"UVR_Unidad de valor real"
"2015/03/28";218,1741;"UVR_Unidad de valor real"
"2015/03/29";218,2545;"UVR_Unidad de valor real"
"2015/03/30";218,3351;"UVR_Unidad de valor real"
"2015/03/31";218,4156;"UVR_Unidad de valor real"
"2015/04/01";218,4962;"UVR_Unidad de valor real"
"2015/04/02";218,5768;"UVR_Unidad de valor real"
"2015/04/03";218,6574;"UVR_Unidad de valor real"
"2015/04/04";218,7381;"UVR_Unidad de valor real"
"2015/04/05";218,8188;"UVR_Unidad de valor real"
"2015/04/06";218,8995;"UVR_Unidad de valor real"
"2015/04/07";218,9803;"UVR_Unidad de valor real"
"2015/04/08";219,0611;"UVR_Unidad de valor real"
"2015/04/09";219,1419;"UVR_Unidad de valor real"
"2015/04/10";219,2227;"UVR_Unidad de valor real"
"2015/04/11";219,3036;"UVR_Unidad de valor real"
"2015/04/12";219,3845;"UVR_Unidad de valor real"
"2015/04/13";219,4654;"UVR_Unidad de valor real"
"2015/04/14";219,5464;"UVR_Unidad de valor real"
"2015/04/15";219,6274;"UVR_Unidad de valor real"
"2015/04/16";219,6705;"UVR_Unidad de valor real"
"2015/04/17";219,7135;"UVR_Unidad de valor real"
"2015/04/18";219,7566;"UVR_Unidad de valor real"
"2015/04/19";219,7997;"UVR_Unidad de valor real"
"2015/04/20";219,8428;"UVR_Unidad de valor real"
"2015/04/21";219,886;"UVR_Unidad de valor real"
"2015/04/22";219,9291;"UVR_Unidad de valor real"
"2015/04/23";219,9722;"UVR_Unidad de valor real"
"2015/04/24";220,0153;"UVR_Unidad de valor real"
"2015/04/25";220,0585;"UVR_Unidad de valor real"
"2015/04/26";220,1016;"UVR_Unidad de valor real"
"2015/04/27";220,1448;"UVR_Unidad de valor real"
"2015/04/28";220,188;"UVR_Unidad de valor real"
"2015/04/29";220,2312;"UVR_Unidad de valor real"
"2015/04/30";220,2743;"UVR_Unidad de valor real"
"2015/05/01";220,3175;"UVR_Unidad de valor real"
"2015/05/02";220,3608;"UVR_Unidad de valor real"
"2015/05/03";220,404;"UVR_Unidad de valor real"
"2015/05/04";220,4472;"UVR_Unidad de valor real"
"2015/05/05";220,4904;"UVR_Unidad de valor real"
"2015/05/06";220,5337;"UVR_Unidad de valor real"
"2015/05/07";220,5769;"UVR_Unidad de valor real"
"2015/05/08";220,6202;"UVR_Unidad de valor real"
"2015/05/09";220,6634;"UVR_Unidad de valor real"
"2015/05/10";220,7067;"UVR_Unidad de valor real"
"2015/05/11";220,75;"UVR_Unidad de valor real"
"2015/05/12";220,7933;"UVR_Unidad de valor real"
"2015/05/13";220,8366;"UVR_Unidad de valor real"
"2015/05/14";220,8799;"UVR_Unidad de valor real"
"2015/05/15";220,9232;"UVR_Unidad de valor real"
"2015/05/16";220,9616;"UVR_Unidad de valor real"
"2015/05/17";221;"UVR_Unidad de valor real"
"2015/05/18";221,0384;"UVR_Unidad de valor real"
"2015/05/19";221,0768;"UVR_Unidad de valor real"
"2015/05/20";221,1152;"UVR_Unidad de valor real"
"2015/05/21";221,1536;"UVR_Unidad de valor real"
"2015/05/22";221,192;"UVR_Unidad de valor real"
"2015/05/23";221,2305;"UVR_Unidad de valor real"
"2015/05/24";221,2689;"UVR_Unidad de valor real"
"2015/05/25";221,3073;"UVR_Unidad de valor real"
"2015/05/26";221,3458;"UVR_Unidad de valor real"
"2015/05/27";221,3842;"UVR_Unidad de valor real"
"2015/05/28";221,4227;"UVR_Unidad de valor real"
"2015/05/29";221,4612;"UVR_Unidad de valor real"
"2015/05/30";221,4996;"UVR_Unidad de valor real"
"2015/05/31";221,5381;"UVR_Unidad de valor real"
"2015/06/01";221,5766;"UVR_Unidad de valor real"
"2015/06/02";221,6151;"UVR_Unidad de valor real"
"2015/06/03";221,6536;"UVR_Unidad de valor real"
"2015/06/04";221,6921;"UVR_Unidad de valor real"
"2015/06/05";221,7306;"UVR_Unidad de valor real"
"2015/06/06";221,7692;"UVR_Unidad de valor real"
"2015/06/07";221,8077;"UVR_Unidad de valor real"
"2015/06/08";221,8462;"UVR_Unidad de valor real"
"2015/06/09";221,8848;"UVR_Unidad de valor real"
"2015/06/10";221,9233;"UVR_Unidad de valor real"
"2015/06/11";221,9619;"UVR_Unidad de valor real"
"2015/06/12";222,0005;"UVR_Unidad de valor real"
"2015/06/13";222,039;"UVR_Unidad de valor real"
"2015/06/14";222,0776;"UVR_Unidad de valor real"
"2015/06/15";222,1162;"UVR_Unidad de valor real"
"2015/06/16";222,1354;"UVR_Unidad de valor real"
"2015/06/17";222,1547;"UVR_Unidad de valor real"
"2015/06/18";222,1739;"UVR_Unidad de valor real"
"2015/06/19";222,1931;"UVR_Unidad de valor real"
"2015/06/20";222,2123;"UVR_Unidad de valor real"
"2015/06/21";222,2316;"UVR_Unidad de valor real"
"2015/06/22";222,2508;"UVR_Unidad de valor real"
"2015/06/23";222,2701;"UVR_Unidad de valor real"
"2015/06/24";222,2893;"UVR_Unidad de valor real"
"2015/06/25";222,3085;"UVR_Unidad de valor real"
"2015/06/26";222,3278;"UVR_Unidad de valor real"
"2015/06/27";222,347;"UVR_Unidad de valor real"
"2015/06/28";222,3663;"UVR_Unidad de valor real"
"2015/06/29";222,3855;"UVR_Unidad de valor real"
"2015/06/30";222,4048;"UVR_Unidad de valor real"
"2015/07/01";222,424;"UVR_Unidad de valor real"
"2015/07/02";222,4433;"UVR_Unidad de valor real"
"2015/07/03";222,4625;"UVR_Unidad de valor real"
"2015/07/04";222,4818;"UVR_Unidad de valor real"
"2015/07/05";222,501;"UVR_Unidad de valor real"
"2015/07/06";222,5203;"UVR_Unidad de valor real"
"2015/07/07";222,5396;"UVR_Unidad de valor real"
"2015/07/08";222,5588;"UVR_Unidad de valor real"
"2015/07/09";222,5781;"UVR_Unidad de valor real"
"2015/07/10";222,5973;"UVR_Unidad de valor real"
"2015/07/11";222,6166;"UVR_Unidad de valor real"
"2015/07/12";222,6359;"UVR_Unidad de valor real"
"2015/07/13";222,6552;"UVR_Unidad de valor real"
"2015/07/14";222,6744;"UVR_Unidad de valor real"
"2015/07/15";222,6937;"UVR_Unidad de valor real"
"2015/07/16";222,7009;"UVR_Unidad de valor real"
"2015/07/17";222,7081;"UVR_Unidad de valor real"
"2015/07/18";222,7152;"UVR_Unidad de valor real"
"2015/07/19";222,7224;"UVR_Unidad de valor real"
"2015/07/20";222,7296;"UVR_Unidad de valor real"
"2015/07/21";222,7368;"UVR_Unidad de valor real"
"2015/07/22";222,744;"UVR_Unidad de valor real"
"2015/07/23";222,7511;"UVR_Unidad de valor real"
"2015/07/24";222,7583;"UVR_Unidad de valor real"
"2015/07/25";222,7655;"UVR_Unidad de valor real"
"2015/07/26";222,7727;"UVR_Unidad de valor real"
"2015/07/27";222,7799;"UVR_Unidad de valor real"
"2015/07/28";222,7871;"UVR_Unidad de valor real"
"2015/07/29";222,7942;"UVR_Unidad de valor real"
"2015/07/30";222,8014;"UVR_Unidad de valor real"
"2015/07/31";222,8086;"UVR_Unidad de valor real"
"2015/08/01";222,8158;"UVR_Unidad de valor real"
"2015/08/02";222,823;"UVR_Unidad de valor real"
"2015/08/03";222,8302;"UVR_Unidad de valor real"
"2015/08/04";222,8373;"UVR_Unidad de valor real"
"2015/08/05";222,8445;"UVR_Unidad de valor real"
"2015/08/06";222,8517;"UVR_Unidad de valor real"
"2015/08/07";222,8589;"UVR_Unidad de valor real"
"2015/08/08";222,8661;"UVR_Unidad de valor real"
"2015/08/09";222,8733;"UVR_Unidad de valor real"
"2015/08/10";222,8805;"UVR_Unidad de valor real"
"2015/08/11";222,8876;"UVR_Unidad de valor real"
"2015/08/12";222,8948;"UVR_Unidad de valor real"
"2015/08/13";222,902;"UVR_Unidad de valor real"
"2015/08/14";222,9092;"UVR_Unidad de valor real"
"2015/08/15";222,9164;"UVR_Unidad de valor real"
"2015/08/16";222,9301;"UVR_Unidad de valor real"
"2015/08/17";222,9437;"UVR_Unidad de valor real"
"2015/08/18";222,9574;"UVR_Unidad de valor real"
"2015/08/19";222,971;"UVR_Unidad de valor real"
"2015/08/20";222,9847;"UVR_Unidad de valor real"
"2015/08/21";222,9983;"UVR_Unidad de valor real"
"2015/08/22";223,012;"UVR_Unidad de valor real"
"2015/08/23";223,0256;"UVR_Unidad de valor real"
"2015/08/24";223,0393;"UVR_Unidad de valor real"
"2015/08/25";223,0529;"UVR_Unidad de valor real"
"2015/08/26";223,0666;"UVR_Unidad de valor real"
"2015/08/27";223,0803;"UVR_Unidad de valor real"
"2015/08/28";223,0939;"UVR_Unidad de valor real"
"2015/08/29";223,1076;"UVR_Unidad de valor real"
"2015/08/30";223,1212;"UVR_Unidad de valor real"
"2015/08/31";223,1349;"UVR_Unidad de valor real"
"2015/09/01";223,1486;"UVR_Unidad de valor real"
"2015/09/02";223,1622;"UVR_Unidad de valor real"
"2015/09/03";223,1759;"UVR_Unidad de valor real"
"2015/09/04";223,1896;"UVR_Unidad de valor real"
"2015/09/05";223,2032;"UVR_Unidad de valor real"
"2015/09/06";223,2169;"UVR_Unidad de valor real"
"2015/09/07";223,2306;"UVR_Unidad de valor real"
"2015/09/08";223,2442;"UVR_Unidad de valor real"
"2015/09/09";223,2579;"UVR_Unidad de valor real"
"2015/09/10";223,2716;"UVR_Unidad de valor real"
"2015/09/11";223,2852;"UVR_Unidad de valor real"
"2015/09/12";223,2989;"UVR_Unidad de valor real"
"2015/09/13";223,3126;"UVR_Unidad de valor real"
"2015/09/14";223,3263;"UVR_Unidad de valor real"
"2015/09/15";223,3399;"UVR_Unidad de valor real"
"2015/09/16";223,3756;"UVR_Unidad de valor real"
"2015/09/17";223,4112;"UVR_Unidad de valor real"
"2015/09/18";223,4469;"UVR_Unidad de valor real"
"2015/09/19";223,4825;"UVR_Unidad de valor real"
"2015/09/20";223,5182;"UVR_Unidad de valor real"
"2015/09/21";223,5539;"UVR_Unidad de valor real"
"2015/09/22";223,5896;"UVR_Unidad de valor real"
"2015/09/23";223,6253;"UVR_Unidad de valor real"
"2015/09/24";223,661;"UVR_Unidad de valor real"
"2015/09/25";223,6967;"UVR_Unidad de valor real"
"2015/09/26";223,7324;"UVR_Unidad de valor real"
"2015/09/27";223,7681;"UVR_Unidad de valor real"
"2015/09/28";223,8038;"UVR_Unidad de valor real"
"2015/09/29";223,8395;"UVR_Unidad de valor real"
"2015/09/30";223,8753;"UVR_Unidad de valor real"
"2015/10/01";223,911;"UVR_Unidad de valor real"
"2015/10/02";223,9468;"UVR_Unidad de valor real"
"2015/10/03";223,9825;"UVR_Unidad de valor real"
"2015/10/04";224,0183;"UVR_Unidad de valor real"
"2015/10/05";224,054;"UVR_Unidad de valor real"
"2015/10/06";224,0898;"UVR_Unidad de valor real"
"2015/10/07";224,1256;"UVR_Unidad de valor real"
"2015/10/08";224,1613;"UVR_Unidad de valor real"
"2015/10/09";224,1971;"UVR_Unidad de valor real"
"2015/10/10";224,2329;"UVR_Unidad de valor real"
"2015/10/11";224,2687;"UVR_Unidad de valor real"
"2015/10/12";224,3045;"UVR_Unidad de valor real"
"2015/10/13";224,3403;"UVR_Unidad de valor real"
"2015/10/14";224,3761;"UVR_Unidad de valor real"
"2015/10/15";224,4119;"UVR_Unidad de valor real"
"2015/10/16";224,4638;"UVR_Unidad de valor real"
"2015/10/17";224,5158;"UVR_Unidad de valor real"
"2015/10/18";224,5678;"UVR_Unidad de valor real"
"2015/10/19";224,6197;"UVR_Unidad de valor real"
"2015/10/20";224,6717;"UVR_Unidad de valor real"
"2015/10/21";224,7237;"UVR_Unidad de valor real"
"2015/10/22";224,7757;"UVR_Unidad de valor real"
"2015/10/23";224,8278;"UVR_Unidad de valor real"
"2015/10/24";224,8798;"UVR_Unidad de valor real"
"2015/10/25";224,9318;"UVR_Unidad de valor real"
"2015/10/26";224,9839;"UVR_Unidad de valor real"
"2015/10/27";225,036;"UVR_Unidad de valor real"
"2015/10/28";225,0881;"UVR_Unidad de valor real"
"2015/10/29";225,1402;"UVR_Unidad de valor real"
"2015/10/30";225,1923;"UVR_Unidad de valor real"
"2015/10/31";225,2444;"UVR_Unidad de valor real"
"2015/11/01";225,2965;"UVR_Unidad de valor real"
"2015/11/02";225,3487;"UVR_Unidad de valor real"
"2015/11/03";225,4008;"UVR_Unidad de valor real"
"2015/11/04";225,453;"UVR_Unidad de valor real"
"2015/11/05";225,5052;"UVR_Unidad de valor real"
"2015/11/06";225,5574;"UVR_Unidad de valor real"
"2015/11/07";225,6096;"UVR_Unidad de valor real"
"2015/11/08";225,6618;"UVR_Unidad de valor real"
"2015/11/09";225,714;"UVR_Unidad de valor real"
"2015/11/10";225,7663;"UVR_Unidad de valor real"
"2015/11/11";225,8185;"UVR_Unidad de valor real"
"2015/11/12";225,8708;"UVR_Unidad de valor real"
"2015/11/13";225,9231;"UVR_Unidad de valor real"
"2015/11/14";225,9754;"UVR_Unidad de valor real"
"2015/11/15";226,0277;"UVR_Unidad de valor real"
"2015/11/16";226,0788;"UVR_Unidad de valor real"
"2015/11/17";226,1298;"UVR_Unidad de valor real"
"2015/11/18";226,1809;"UVR_Unidad de valor real"
"2015/11/19";226,232;"UVR_Unidad de valor real"
"2015/11/20";226,2831;"UVR_Unidad de valor real"
"2015/11/21";226,3343;"UVR_Unidad de valor real"
"2015/11/22";226,3854;"UVR_Unidad de valor real"
"2015/11/23";226,4365;"UVR_Unidad de valor real"
"2015/11/24";226,4877;"UVR_Unidad de valor real"
"2015/11/25";226,5389;"UVR_Unidad de valor real"
"2015/11/26";226,5901;"UVR_Unidad de valor real"
"2015/11/27";226,6412;"UVR_Unidad de valor real"
"2015/11/28";226,6924;"UVR_Unidad de valor real"
"2015/11/29";226,7437;"UVR_Unidad de valor real"
"2015/11/30";226,7949;"UVR_Unidad de valor real"
"2015/12/01";226,8461;"UVR_Unidad de valor real"
"2015/12/02";226,8974;"UVR_Unidad de valor real"
"2015/12/03";226,9486;"UVR_Unidad de valor real"
"2015/12/04";226,9999;"UVR_Unidad de valor real"
"2015/12/05";227,0512;"UVR_Unidad de valor real"
"2015/12/06";227,1025;"UVR_Unidad de valor real"
"2015/12/07";227,1538;"UVR_Unidad de valor real"
"2015/12/08";227,2051;"UVR_Unidad de valor real"
"2015/12/09";227,2565;"UVR_Unidad de valor real"
"2015/12/10";227,3078;"UVR_Unidad de valor real"
"2015/12/11";227,3592;"UVR_Unidad de valor real"
"2015/12/12";227,4105;"UVR_Unidad de valor real"
"2015/12/13";227,4619;"UVR_Unidad de valor real"
"2015/12/14";227,5133;"UVR_Unidad de valor real"
"2015/12/15";227,5647;"UVR_Unidad de valor real"
"2015/12/16";227,6086;"UVR_Unidad de valor real"
"2015/12/17";227,6525;"UVR_Unidad de valor real"
"2015/12/18";227,6965;"UVR_Unidad de valor real"
"2015/12/19";227,7404;"UVR_Unidad de valor real"
"2015/12/20";227,7844;"UVR_Unidad de valor real"
"2015/12/21";227,8283;"UVR_Unidad de valor real"
"2015/12/22";227,8723;"UVR_Unidad de valor real"
"2015/12/23";227,9163;"UVR_Unidad de valor real"
"2015/12/24";227,9603;"UVR_Unidad de valor real"
"2015/12/25";228,0043;"UVR_Unidad de valor real"
"2015/12/26";228,0483;"UVR_Unidad de valor real"
"2015/12/27";228,0923;"UVR_Unidad de valor real"
"2015/12/28";228,1363;"UVR_Unidad de valor real"
"2015/12/29";228,1803;"UVR_Unidad de valor real"
"2015/12/30";228,2244;"UVR_Unidad de valor real"
"2015/12/31";228,2684;"UVR_Unidad de valor real"
"2016/01/01";228,3124;"UVR_Unidad de valor real"
"2016/01/02";228,3565;"UVR_Unidad de valor real"
"2016/01/03";228,4006;"UVR_Unidad de valor real"
"2016/01/04";228,4447;"UVR_Unidad de valor real"
"2016/01/05";228,4887;"UVR_Unidad de valor real"
"2016/01/06";228,5328;"UVR_Unidad de valor real"
"2016/01/07";228,5769;"UVR_Unidad de valor real"
"2016/01/08";228,6211;"UVR_Unidad de valor real"
"2016/01/09";228,6652;"UVR_Unidad de valor real"
"2016/01/10";228,7093;"UVR_Unidad de valor real"
"2016/01/11";228,7534;"UVR_Unidad de valor real"
"2016/01/12";228,7976;"UVR_Unidad de valor real"
"2016/01/13";228,8418;"UVR_Unidad de valor real"
"2016/01/14";228,8859;"UVR_Unidad de valor real"
"2016/01/15";228,9301;"UVR_Unidad de valor real"
"2016/01/16";228,9757;"UVR_Unidad de valor real"
"2016/01/17";229,0214;"UVR_Unidad de valor real"
"2016/01/18";229,0671;"UVR_Unidad de valor real"
"2016/01/19";229,1128;"UVR_Unidad de valor real"
"2016/01/20";229,1584;"UVR_Unidad de valor real"
"2016/01/21";229,2041;"UVR_Unidad de valor real"
"2016/01/22";229,2498;"UVR_Unidad de valor real"
"2016/01/23";229,2955;"UVR_Unidad de valor real"
"2016/01/24";229,3413;"UVR_Unidad de valor real"
"2016/01/25";229,387;"UVR_Unidad de valor real"
"2016/01/26";229,4327;"UVR_Unidad de valor real"
"2016/01/27";229,4785;"UVR_Unidad de valor real"
"2016/01/28";229,5243;"UVR_Unidad de valor real"
"2016/01/29";229,57;"UVR_Unidad de valor real"
"2016/01/30";229,6158;"UVR_Unidad de valor real"
"2016/01/31";229,6616;"UVR_Unidad de valor real"
"2016/02/01";229,7074;"UVR_Unidad de valor real"
"2016/02/02";229,7532;"UVR_Unidad de valor real"
"2016/02/03";229,799;"UVR_Unidad de valor real"
"2016/02/04";229,8448;"UVR_Unidad de valor real"
"2016/02/05";229,8906;"UVR_Unidad de valor real"
"2016/02/06";229,9365;"UVR_Unidad de valor real"
"2016/02/07";229,9823;"UVR_Unidad de valor real"
"2016/02/08";230,0282;"UVR_Unidad de valor real"
"2016/02/09";230,0741;"UVR_Unidad de valor real"
"2016/02/10";230,1199;"UVR_Unidad de valor real"
"2016/02/11";230,1658;"UVR_Unidad de valor real"
"2016/02/12";230,2117;"UVR_Unidad de valor real"
"2016/02/13";230,2576;"UVR_Unidad de valor real"
"2016/02/14";230,3035;"UVR_Unidad de valor real"
"2016/02/15";230,3495;"UVR_Unidad de valor real"
"2016/02/16";230,4513;"UVR_Unidad de valor real"
"2016/02/17";230,5532;"UVR_Unidad de valor real"
"2016/02/18";230,6551;"UVR_Unidad de valor real"
"2016/02/19";230,7571;"UVR_Unidad de valor real"
"2016/02/20";230,8591;"UVR_Unidad de valor real"
"2016/02/21";230,9612;"UVR_Unidad de valor real"
"2016/02/22";231,0633;"UVR_Unidad de valor real"
"2016/02/23";231,1654;"UVR_Unidad de valor real"
"2016/02/24";231,2676;"UVR_Unidad de valor real"
"2016/02/25";231,3699;"UVR_Unidad de valor real"
"2016/02/26";231,4721;"UVR_Unidad de valor real"
"2016/02/27";231,5745;"UVR_Unidad de valor real"
"2016/02/28";231,6768;"UVR_Unidad de valor real"
"2016/02/29";231,7793;"UVR_Unidad de valor real"
"2016/03/01";231,8817;"UVR_Unidad de valor real"
"2016/03/02";231,9842;"UVR_Unidad de valor real"
"2016/03/03";232,0868;"UVR_Unidad de valor real"
"2016/03/04";232,1894;"UVR_Unidad de valor real"
"2016/03/05";232,292;"UVR_Unidad de valor real"
"2016/03/06";232,3947;"UVR_Unidad de valor real"
"2016/03/07";232,4975;"UVR_Unidad de valor real"
"2016/03/08";232,6003;"UVR_Unidad de valor real"
"2016/03/09";232,7031;"UVR_Unidad de valor real"
"2016/03/10";232,806;"UVR_Unidad de valor real"
"2016/03/11";232,9089;"UVR_Unidad de valor real"
"2016/03/12";233,0118;"UVR_Unidad de valor real"
"2016/03/13";233,1149;"UVR_Unidad de valor real"
"2016/03/14";233,2179;"UVR_Unidad de valor real"
"2016/03/15";233,321;"UVR_Unidad de valor real"
"2016/03/16";233,4167;"UVR_Unidad de valor real"
"2016/03/17";233,5125;"UVR_Unidad de valor real"
"2016/03/18";233,6084;"UVR_Unidad de valor real"
"2016/03/19";233,7042;"UVR_Unidad de valor real"
"2016/03/20";233,8001;"UVR_Unidad de valor real"
"2016/03/21";233,8961;"UVR_Unidad de valor real"
"2016/03/22";233,9921;"UVR_Unidad de valor real"
"2016/03/23";234,0881;"UVR_Unidad de valor real"
"2016/03/24";234,1841;"UVR_Unidad de valor real"
"2016/03/25";234,2802;"UVR_Unidad de valor real"
"2016/03/26";234,3764;"UVR_Unidad de valor real"
"2016/03/27";234,4726;"UVR_Unidad de valor real"
"2016/03/28";234,5688;"UVR_Unidad de valor real"
"2016/03/29";234,665;"UVR_Unidad de valor real"
"2016/03/30";234,7613;"UVR_Unidad de valor real"
"2016/03/31";234,8577;"UVR_Unidad de valor real"
"2016/04/01";234,9541;"UVR_Unidad de valor real"
"2016/04/02";235,0505;"UVR_Unidad de valor real"
"2016/04/03";235,1469;"UVR_Unidad de valor real"
"2016/04/04";235,2434;"UVR_Unidad de valor real"
"2016/04/05";235,34;"UVR_Unidad de valor real"
"2016/04/06";235,4365;"UVR_Unidad de valor real"
"2016/04/07";235,5332;"UVR_Unidad de valor real"
"2016/04/08";235,6298;"UVR_Unidad de valor real"
"2016/04/09";235,7265;"UVR_Unidad de valor real"
"2016/04/10";235,8232;"UVR_Unidad de valor real"
"2016/04/11";235,92;"UVR_Unidad de valor real"
"2016/04/12";236,0168;"UVR_Unidad de valor real"
"2016/04/13";236,1137;"UVR_Unidad de valor real"
"2016/04/14";236,2106;"UVR_Unidad de valor real"
"2016/04/15";236,3075;"UVR_Unidad de valor real"
"2016/04/16";236,3812;"UVR_Unidad de valor real"
"2016/04/17";236,4549;"UVR_Unidad de valor real"
"2016/04/18";236,5287;"UVR_Unidad de valor real"
"2016/04/19";236,6025;"UVR_Unidad de valor real"
"2016/04/20";236,6763;"UVR_Unidad de valor real"
"2016/04/21";236,7501;"UVR_Unidad de valor real"
"2016/04/22";236,8239;"UVR_Unidad de valor real"
"2016/04/23";236,8978;"UVR_Unidad de valor real"
"2016/04/24";236,9717;"UVR_Unidad de valor real"
"2016/04/25";237,0456;"UVR_Unidad de valor real"
"2016/04/26";237,1196;"UVR_Unidad de valor real"
"2016/04/27";237,1935;"UVR_Unidad de valor real"
"2016/04/28";237,2675;"UVR_Unidad de valor real"
"2016/04/29";237,3415;"UVR_Unidad de valor real"
"2016/04/30";237,4155;"UVR_Unidad de valor real"
"2016/05/01";237,4896;"UVR_Unidad de valor real"
"2016/05/02";237,5637;"UVR_Unidad de valor real"
"2016/05/03";237,6378;"UVR_Unidad de valor real"
"2016/05/04";237,7119;"UVR_Unidad de valor real"
"2016/05/05";237,786;"UVR_Unidad de valor real"
"2016/05/06";237,8602;"UVR_Unidad de valor real"
"2016/05/07";237,9344;"UVR_Unidad de valor real"
"2016/05/08";238,0086;"UVR_Unidad de valor real"
"2016/05/09";238,0829;"UVR_Unidad de valor real"
"2016/05/10";238,1571;"UVR_Unidad de valor real"
"2016/05/11";238,2314;"UVR_Unidad de valor real"
"2016/05/12";238,3057;"UVR_Unidad de valor real"
"2016/05/13";238,3801;"UVR_Unidad de valor real"
"2016/05/14";238,4544;"UVR_Unidad de valor real"
"2016/05/15";238,5288;"UVR_Unidad de valor real"
"2016/05/16";238,5672;"UVR_Unidad de valor real"
"2016/05/17";238,6056;"UVR_Unidad de valor real"
"2016/05/18";238,644;"UVR_Unidad de valor real"
"2016/05/19";238,6824;"UVR_Unidad de valor real"
"2016/05/20";238,7208;"UVR_Unidad de valor real"
"2016/05/21";238,7592;"UVR_Unidad de valor real"
"2016/05/22";238,7976;"UVR_Unidad de valor real"
"2016/05/23";238,836;"UVR_Unidad de valor real"
"2016/05/24";238,8744;"UVR_Unidad de valor real"
"2016/05/25";238,9129;"UVR_Unidad de valor real"
"2016/05/26";238,9513;"UVR_Unidad de valor real"
"2016/05/27";238,9898;"UVR_Unidad de valor real"
"2016/05/28";239,0282;"UVR_Unidad de valor real"
"2016/05/29";239,0667;"UVR_Unidad de valor real"
"2016/05/30";239,1051;"UVR_Unidad de valor real"
"2016/05/31";239,1436;"UVR_Unidad de valor real"
"2016/06/01";239,1821;"UVR_Unidad de valor real"
"2016/06/02";239,2206;"UVR_Unidad de valor real"
"2016/06/03";239,2591;"UVR_Unidad de valor real"
"2016/06/04";239,2976;"UVR_Unidad de valor real"
"2016/06/05";239,3361;"UVR_Unidad de valor real"
"2016/06/06";239,3746;"UVR_Unidad de valor real"
"2016/06/07";239,4131;"UVR_Unidad de valor real"
"2016/06/08";239,4516;"UVR_Unidad de valor real"
"2016/06/09";239,4901;"UVR_Unidad de valor real"
"2016/06/10";239,5287;"UVR_Unidad de valor real"
"2016/06/11";239,5672;"UVR_Unidad de valor real"
"2016/06/12";239,6058;"UVR_Unidad de valor real"
"2016/06/13";239,6443;"UVR_Unidad de valor real"
"2016/06/14";239,6829;"UVR_Unidad de valor real"
"2016/06/15";239,7214;"UVR_Unidad de valor real"
"2016/06/16";239,7621;"UVR_Unidad de valor real"
"2016/06/17";239,8027;"UVR_Unidad de valor real"
"2016/06/18";239,8434;"UVR_Unidad de valor real"
"2016/06/19";239,8841;"UVR_Unidad de valor real"
"2016/06/20";239,9247;"UVR_Unidad de valor real"
"2016/06/21";239,9654;"UVR_Unidad de valor real"
"2016/06/22";240,0061;"UVR_Unidad de valor real"
"2016/06/23";240,0468;"UVR_Unidad de valor real"
"2016/06/24";240,0875;"UVR_Unidad de valor real"
"2016/06/25";240,1282;"UVR_Unidad de valor real"
"2016/06/26";240,169;"UVR_Unidad de valor real"
"2016/06/27";240,2097;"UVR_Unidad de valor real"
"2016/06/28";240,2504;"UVR_Unidad de valor real"
"2016/06/29";240,2912;"UVR_Unidad de valor real"
"2016/06/30";240,3319;"UVR_Unidad de valor real"
"2016/07/01";240,3727;"UVR_Unidad de valor real"
"2016/07/02";240,4134;"UVR_Unidad de valor real"
"2016/07/03";240,4542;"UVR_Unidad de valor real"
"2016/07/04";240,495;"UVR_Unidad de valor real"
"2016/07/05";240,5358;"UVR_Unidad de valor real"
"2016/07/06";240,5766;"UVR_Unidad de valor real"
"2016/07/07";240,6173;"UVR_Unidad de valor real"
"2016/07/08";240,6582;"UVR_Unidad de valor real"
"2016/07/09";240,699;"UVR_Unidad de valor real"
"2016/07/10";240,7398;"UVR_Unidad de valor real"
"2016/07/11";240,7806;"UVR_Unidad de valor real"
"2016/07/12";240,8214;"UVR_Unidad de valor real"
"2016/07/13";240,8623;"UVR_Unidad de valor real"
"2016/07/14";240,9031;"UVR_Unidad de valor real"
"2016/07/15";240,944;"UVR_Unidad de valor real"
"2016/07/16";240,9812;"UVR_Unidad de valor real"
"2016/07/17";241,0184;"UVR_Unidad de valor real"
"2016/07/18";241,0557;"UVR_Unidad de valor real"
"2016/07/19";241,0929;"UVR_Unidad de valor real"
"2016/07/20";241,1302;"UVR_Unidad de valor real"
"2016/07/21";241,1674;"UVR_Unidad de valor real"
"2016/07/22";241,2047;"UVR_Unidad de valor real"
"2016/07/23";241,2419;"UVR_Unidad de valor real"
"2016/07/24";241,2792;"UVR_Unidad de valor real"
"2016/07/25";241,3165;"UVR_Unidad de valor real"
"2016/07/26";241,3537;"UVR_Unidad de valor real"
"2016/07/27";241,391;"UVR_Unidad de valor real"
"2016/07/28";241,4283;"UVR_Unidad de valor real"
"2016/07/29";241,4656;"UVR_Unidad de valor real"
"2016/07/30";241,5029;"UVR_Unidad de valor real"
"2016/07/31";241,5402;"UVR_Unidad de valor real"
"2016/08/01";241,5775;"UVR_Unidad de valor real"
"2016/08/02";241,6149;"UVR_Unidad de valor real"
"2016/08/03";241,6522;"UVR_Unidad de valor real"
"2016/08/04";241,6895;"UVR_Unidad de valor real"
"2016/08/05";241,7269;"UVR_Unidad de valor real"
"2016/08/06";241,7642;"UVR_Unidad de valor real"
"2016/08/07";241,8015;"UVR_Unidad de valor real"
"2016/08/08";241,8389;"UVR_Unidad de valor real"
"2016/08/09";241,8763;"UVR_Unidad de valor real"
"2016/08/10";241,9136;"UVR_Unidad de valor real"
"2016/08/11";241,951;"UVR_Unidad de valor real"
"2016/08/12";241,9884;"UVR_Unidad de valor real"
"2016/08/13";242,0257;"UVR_Unidad de valor real"
"2016/08/14";242,0631;"UVR_Unidad de valor real"
"2016/08/15";242,1005;"UVR_Unidad de valor real"
"2016/08/16";242,141;"UVR_Unidad de valor real"
"2016/08/17";242,1815;"UVR_Unidad de valor real"
"2016/08/18";242,222;"UVR_Unidad de valor real"
"2016/08/19";242,2626;"UVR_Unidad de valor real"
"2016/08/20";242,3031;"UVR_Unidad de valor real"
"2016/08/21";242,3437;"UVR_Unidad de valor real"
"2016/08/22";242,3842;"UVR_Unidad de valor real"
"2016/08/23";242,4248;"UVR_Unidad de valor real"
"2016/08/24";242,4653;"UVR_Unidad de valor real"
"2016/08/25";242,5059;"UVR_Unidad de valor real"
"2016/08/26";242,5465;"UVR_Unidad de valor real"
"2016/08/27";242,5871;"UVR_Unidad de valor real"
"2016/08/28";242,6276;"UVR_Unidad de valor real"
"2016/08/29";242,6682;"UVR_Unidad de valor real"
"2016/08/30";242,7088;"UVR_Unidad de valor real"
"2016/08/31";242,7495;"UVR_Unidad de valor real"
"2016/09/01";242,7901;"UVR_Unidad de valor real"
"2016/09/02";242,8307;"UVR_Unidad de valor real"
"2016/09/03";242,8713;"UVR_Unidad de valor real"
"2016/09/04";242,912;"UVR_Unidad de valor real"
"2016/09/05";242,9526;"UVR_Unidad de valor real"
"2016/09/06";242,9933;"UVR_Unidad de valor real"
"2016/09/07";243,0339;"UVR_Unidad de valor real"
"2016/09/08";243,0746;"UVR_Unidad de valor real"
"2016/09/09";243,1153;"UVR_Unidad de valor real"
"2016/09/10";243,1559;"UVR_Unidad de valor real"
"2016/09/11";243,1966;"UVR_Unidad de valor real"
"2016/09/12";243,2373;"UVR_Unidad de valor real"
"2016/09/13";243,278;"UVR_Unidad de valor real"
"2016/09/14";243,3187;"UVR_Unidad de valor real"
"2016/09/15";243,3594;"UVR_Unidad de valor real"
"2016/09/16";243,3334;"UVR_Unidad de valor real"
"2016/09/17";243,3074;"UVR_Unidad de valor real"
"2016/09/18";243,2814;"UVR_Unidad de valor real"
"2016/09/19";243,2554;"UVR_Unidad de valor real"
"2016/09/20";243,2294;"UVR_Unidad de valor real"
"2016/09/21";243,2035;"UVR_Unidad de valor real"
"2016/09/22";243,1775;"UVR_Unidad de valor real"
"2016/09/23";243,1515;"UVR_Unidad de valor real"
"2016/09/24";243,1255;"UVR_Unidad de valor real"
"2016/09/25";243,0995;"UVR_Unidad de valor real"
"2016/09/26";243,0736;"UVR_Unidad de valor real"
"2016/09/27";243,0476;"UVR_Unidad de valor real"
"2016/09/28";243,0216;"UVR_Unidad de valor real"
"2016/09/29";242,9957;"UVR_Unidad de valor real"
"2016/09/30";242,9697;"UVR_Unidad de valor real"
"2016/10/01";242,9438;"UVR_Unidad de valor real"
"2016/10/02";242,9178;"UVR_Unidad de valor real"
"2016/10/03";242,8919;"UVR_Unidad de valor real"
"2016/10/04";242,8659;"UVR_Unidad de valor real"
"2016/10/05";242,84;"UVR_Unidad de valor real"
"2016/10/06";242,814;"UVR_Unidad de valor real"
"2016/10/07";242,7881;"UVR_Unidad de valor real"
"2016/10/08";242,7621;"UVR_Unidad de valor real"
"2016/10/09";242,7362;"UVR_Unidad de valor real"
"2016/10/10";242,7103;"UVR_Unidad de valor real"
"2016/10/11";242,6843;"UVR_Unidad de valor real"
"2016/10/12";242,6584;"UVR_Unidad de valor real"
"2016/10/13";242,6325;"UVR_Unidad de valor real"
"2016/10/14";242,6066;"UVR_Unidad de valor real"
"2016/10/15";242,5806;"UVR_Unidad de valor real"
"2016/10/16";242,5767;"UVR_Unidad de valor real"
"2016/10/17";242,5728;"UVR_Unidad de valor real"
"2016/10/18";242,5689;"UVR_Unidad de valor real"
"2016/10/19";242,5649;"UVR_Unidad de valor real"
"2016/10/20";242,561;"UVR_Unidad de valor real"
"2016/10/21";242,5571;"UVR_Unidad de valor real"
"2016/10/22";242,5532;"UVR_Unidad de valor real"
"2016/10/23";242,5493;"UVR_Unidad de valor real"
"2016/10/24";242,5454;"UVR_Unidad de valor real"
"2016/10/25";242,5415;"UVR_Unidad de valor real"
"2016/10/26";242,5376;"UVR_Unidad de valor real"
"2016/10/27";242,5336;"UVR_Unidad de valor real"
"2016/10/28";242,5297;"UVR_Unidad de valor real"
"2016/10/29";242,5258;"UVR_Unidad de valor real"
"2016/10/30";242,5219;"UVR_Unidad de valor real"
"2016/10/31";242,518;"UVR_Unidad de valor real"
"2016/11/01";242,5141;"UVR_Unidad de valor real"
"2016/11/02";242,5102;"UVR_Unidad de valor real"
"2016/11/03";242,5063;"UVR_Unidad de valor real"
"2016/11/04";242,5023;"UVR_Unidad de valor real"
"2016/11/05";242,4984;"UVR_Unidad de valor real"
"2016/11/06";242,4945;"UVR_Unidad de valor real"
"2016/11/07";242,4906;"UVR_Unidad de valor real"
"2016/11/08";242,4867;"UVR_Unidad de valor real"
"2016/11/09";242,4828;"UVR_Unidad de valor real"
"2016/11/10";242,4789;"UVR_Unidad de valor real"
"2016/11/11";242,475;"UVR_Unidad de valor real"
"2016/11/12";242,471;"UVR_Unidad de valor real"
"2016/11/13";242,4671;"UVR_Unidad de valor real"
"2016/11/14";242,4632;"UVR_Unidad de valor real"
"2016/11/15";242,4593;"UVR_Unidad de valor real"
"2016/11/16";242,4544;"UVR_Unidad de valor real"
"2016/11/17";242,4496;"UVR_Unidad de valor real"
"2016/11/18";242,4447;"UVR_Unidad de valor real"
"2016/11/19";242,4399;"UVR_Unidad de valor real"
"2016/11/20";242,435;"UVR_Unidad de valor real"
"2016/11/21";242,4302;"UVR_Unidad de valor real"
"2016/11/22";242,4253;"UVR_Unidad de valor real"
"2016/11/23";242,4205;"UVR_Unidad de valor real"
"2016/11/24";242,4156;"UVR_Unidad de valor real"
"2016/11/25";242,4108;"UVR_Unidad de valor real"
"2016/11/26";242,4059;"UVR_Unidad de valor real"
"2016/11/27";242,4011;"UVR_Unidad de valor real"
"2016/11/28";242,3962;"UVR_Unidad de valor real"
"2016/11/29";242,3914;"UVR_Unidad de valor real"
"2016/11/30";242,3866;"UVR_Unidad de valor real"
"2016/12/01";242,3817;"UVR_Unidad de valor real"
"2016/12/02";242,3769;"UVR_Unidad de valor real"
"2016/12/03";242,372;"UVR_Unidad de valor real"
"2016/12/04";242,3672;"UVR_Unidad de valor real"
"2016/12/05";242,3623;"UVR_Unidad de valor real"
"2016/12/06";242,3575;"UVR_Unidad de valor real"
"2016/12/07";242,3526;"UVR_Unidad de valor real"
"2016/12/08";242,3478;"UVR_Unidad de valor real"
"2016/12/09";242,3429;"UVR_Unidad de valor real"
"2016/12/10";242,3381;"UVR_Unidad de valor real"
"2016/12/11";242,3332;"UVR_Unidad de valor real"
"2016/12/12";242,3284;"UVR_Unidad de valor real"
"2016/12/13";242,3235;"UVR_Unidad de valor real"
"2016/12/14";242,3187;"UVR_Unidad de valor real"
"2016/12/15";242,3138;"UVR_Unidad de valor real"
"2016/12/16";242,3224;"UVR_Unidad de valor real"
"2016/12/17";242,331;"UVR_Unidad de valor real"
"2016/12/18";242,3396;"UVR_Unidad de valor real"
"2016/12/19";242,3482;"UVR_Unidad de valor real"
"2016/12/20";242,3568;"UVR_Unidad de valor real"
"2016/12/21";242,3654;"UVR_Unidad de valor real"
"2016/12/22";242,374;"UVR_Unidad de valor real"
"2016/12/23";242,3826;"UVR_Unidad de valor real"
"2016/12/24";242,3912;"UVR_Unidad de valor real"
"2016/12/25";242,3998;"UVR_Unidad de valor real"
"2016/12/26";242,4083;"UVR_Unidad de valor real"
"2016/12/27";242,4169;"UVR_Unidad de valor real"
"2016/12/28";242,4255;"UVR_Unidad de valor real"
"2016/12/29";242,4341;"UVR_Unidad de valor real"
"2016/12/30";242,4427;"UVR_Unidad de valor real"
"2016/12/31";242,4513;"UVR_Unidad de valor real"
"2017/01/01";242,4599;"UVR_Unidad de valor real"
"2017/01/02";242,4685;"UVR_Unidad de valor real"
"2017/01/03";242,4771;"UVR_Unidad de valor real"
"2017/01/04";242,4857;"UVR_Unidad de valor real"
"2017/01/05";242,4943;"UVR_Unidad de valor real"
"2017/01/06";242,5029;"UVR_Unidad de valor real"
"2017/01/07";242,5115;"UVR_Unidad de valor real"
"2017/01/08";242,5201;"UVR_Unidad de valor real"
"2017/01/09";242,5287;"UVR_Unidad de valor real"
"2017/01/10";242,5373;"UVR_Unidad de valor real"
"2017/01/11";242,5459;"UVR_Unidad de valor real"
"2017/01/12";242,5545;"UVR_Unidad de valor real"
"2017/01/13";242,5631;"UVR_Unidad de valor real"
"2017/01/14";242,5717;"UVR_Unidad de valor real"
"2017/01/15";242,5803;"UVR_Unidad de valor real"
"2017/01/16";242,6131;"UVR_Unidad de valor real"
"2017/01/17";242,6459;"UVR_Unidad de valor real"
"2017/01/18";242,6787;"UVR_Unidad de valor real"
"2017/01/19";242,7115;"UVR_Unidad de valor real"
"2017/01/20";242,7443;"UVR_Unidad de valor real"
"2017/01/21";242,7772;"UVR_Unidad de valor real"
"2017/01/22";242,81;"UVR_Unidad de valor real"
"2017/01/23";242,8428;"UVR_Unidad de valor real"
"2017/01/24";242,8757;"UVR_Unidad de valor real"
"2017/01/25";242,9085;"UVR_Unidad de valor real"
"2017/01/26";242,9413;"UVR_Unidad de valor real"
"2017/01/27";242,9742;"UVR_Unidad de valor real"
"2017/01/28";243,007;"UVR_Unidad de valor real"
"2017/01/29";243,0399;"UVR_Unidad de valor real"
"2017/01/30";243,0728;"UVR_Unidad de valor real"
"2017/01/31";243,1056;"UVR_Unidad de valor real"
"2017/02/01";243,1385;"UVR_Unidad de valor real"
"2017/02/02";243,1714;"UVR_Unidad de valor real"
"2017/02/03";243,2042;"UVR_Unidad de valor real"
"2017/02/04";243,2371;"UVR_Unidad de valor real"
"2017/02/05";243,27;"UVR_Unidad de valor real"
"2017/02/06";243,3029;"UVR_Unidad de valor real"
"2017/02/07";243,3358;"UVR_Unidad de valor real"
"2017/02/08";243,3687;"UVR_Unidad de valor real"
"2017/02/09";243,4016;"UVR_Unidad de valor real"
"2017/02/10";243,4345;"UVR_Unidad de valor real"
"2017/02/11";243,4674;"UVR_Unidad de valor real"
"2017/02/12";243,5004;"UVR_Unidad de valor real"
"2017/02/13";243,5333;"UVR_Unidad de valor real"
"2017/02/14";243,5662;"UVR_Unidad de valor real"
"2017/02/15";243,5991;"UVR_Unidad de valor real"
"2017/02/16";243,6874;"UVR_Unidad de valor real"
"2017/02/17";243,7757;"UVR_Unidad de valor real"
"2017/02/18";243,8641;"UVR_Unidad de valor real"
"2017/02/19";243,9525;"UVR_Unidad de valor real"
"2017/02/20";244,041;"UVR_Unidad de valor real"
"2017/02/21";244,1294;"UVR_Unidad de valor real"
"2017/02/22";244,2179;"UVR_Unidad de valor real"
"2017/02/23";244,3064;"UVR_Unidad de valor real"
"2017/02/24";244,395;"UVR_Unidad de valor real"
"2017/02/25";244,4836;"UVR_Unidad de valor real"
"2017/02/26";244,5722;"UVR_Unidad de valor real"
"2017/02/27";244,6609;"UVR_Unidad de valor real"
"2017/02/28";244,7496;"UVR_Unidad de valor real"
"2017/03/01";244,8383;"UVR_Unidad de valor real"
"2017/03/02";244,9271;"UVR_Unidad de valor real"
"2017/03/03";245,0158;"UVR_Unidad de valor real"
"2017/03/04";245,1047;"UVR_Unidad de valor real"
"2017/03/05";245,1935;"UVR_Unidad de valor real"
"2017/03/06";245,2824;"UVR_Unidad de valor real"
"2017/03/07";245,3713;"UVR_Unidad de valor real"
"2017/03/08";245,4603;"UVR_Unidad de valor real"
"2017/03/09";245,5492;"UVR_Unidad de valor real"
"2017/03/10";245,6383;"UVR_Unidad de valor real"
"2017/03/11";245,7273;"UVR_Unidad de valor real"
"2017/03/12";245,8164;"UVR_Unidad de valor real"
"2017/03/13";245,9055;"UVR_Unidad de valor real"
"2017/03/14";245,9946;"UVR_Unidad de valor real"
"2017/03/15";246,0838;"UVR_Unidad de valor real"
"2017/03/16";246,1636;"UVR_Unidad de valor real"
"2017/03/17";246,2434;"UVR_Unidad de valor real"
"2017/03/18";246,3232;"UVR_Unidad de valor real"
"2017/03/19";246,4031;"UVR_Unidad de valor real"
"2017/03/20";246,483;"UVR_Unidad de valor real"
"2017/03/21";246,5629;"UVR_Unidad de valor real"
"2017/03/22";246,6428;"UVR_Unidad de valor real"
"2017/03/23";246,7228;"UVR_Unidad de valor real"
"2017/03/24";246,8028;"UVR_Unidad de valor real"
"2017/03/25";246,8828;"UVR_Unidad de valor real"
"2017/03/26";246,9629;"UVR_Unidad de valor real"
"2017/03/27";247,0429;"UVR_Unidad de valor real"
"2017/03/28";247,123;"UVR_Unidad de valor real"
"2017/03/29";247,2032;"UVR_Unidad de valor real"
"2017/03/30";247,2833;"UVR_Unidad de valor real"
"2017/03/31";247,3635;"UVR_Unidad de valor real"
"2017/04/01";247,4437;"UVR_Unidad de valor real"
"2017/04/02";247,5239;"UVR_Unidad de valor real"
"2017/04/03";247,6042;"UVR_Unidad de valor real"
"2017/04/04";247,6845;"UVR_Unidad de valor real"
"2017/04/05";247,7648;"UVR_Unidad de valor real"
"2017/04/06";247,8451;"UVR_Unidad de valor real"
"2017/04/07";247,9254;"UVR_Unidad de valor real"
"2017/04/08";248,0058;"UVR_Unidad de valor real"
"2017/04/09";248,0862;"UVR_Unidad de valor real"
"2017/04/10";248,1667;"UVR_Unidad de valor real"
"2017/04/11";248,2471;"UVR_Unidad de valor real"
"2017/04/12";248,3276;"UVR_Unidad de valor real"
"2017/04/13";248,4081;"UVR_Unidad de valor real"
"2017/04/14";248,4887;"UVR_Unidad de valor real"
"2017/04/15";248,5692;"UVR_Unidad de valor real"
"2017/04/16";248,6081;"UVR_Unidad de valor real"
"2017/04/17";248,6469;"UVR_Unidad de valor real"
"2017/04/18";248,6858;"UVR_Unidad de valor real"
"2017/04/19";248,7247;"UVR_Unidad de valor real"
"2017/04/20";248,7635;"UVR_Unidad de valor real"
"2017/04/21";248,8024;"UVR_Unidad de valor real"
"2017/04/22";248,8413;"UVR_Unidad de valor real"
"2017/04/23";248,8802;"UVR_Unidad de valor real"
"2017/04/24";248,9191;"UVR_Unidad de valor real"
"2017/04/25";248,958;"UVR_Unidad de valor real"
"2017/04/26";248,9969;"UVR_Unidad de valor real"
"2017/04/27";249,0359;"UVR_Unidad de valor real"
"2017/04/28";249,0748;"UVR_Unidad de valor real"
"2017/04/29";249,1137;"UVR_Unidad de valor real"
"2017/04/30";249,1527;"UVR_Unidad de valor real"
"2017/05/01";249,1916;"UVR_Unidad de valor real"
"2017/05/02";249,2305;"UVR_Unidad de valor real"
"2017/05/03";249,2695;"UVR_Unidad de valor real"
"2017/05/04";249,3085;"UVR_Unidad de valor real"
"2017/05/05";249,3474;"UVR_Unidad de valor real"
"2017/05/06";249,3864;"UVR_Unidad de valor real"
"2017/05/07";249,4254;"UVR_Unidad de valor real"
"2017/05/08";249,4644;"UVR_Unidad de valor real"
"2017/05/09";249,5034;"UVR_Unidad de valor real"
"2017/05/10";249,5424;"UVR_Unidad de valor real"
"2017/05/11";249,5814;"UVR_Unidad de valor real"
"2017/05/12";249,6204;"UVR_Unidad de valor real"
"2017/05/13";249,6594;"UVR_Unidad de valor real"
"2017/05/14";249,6984;"UVR_Unidad de valor real"
"2017/05/15";249,7375;"UVR_Unidad de valor real"
"2017/05/16";249,7753;"UVR_Unidad de valor real"
"2017/05/17";249,8131;"UVR_Unidad de valor real"
"2017/05/18";249,8508;"UVR_Unidad de valor real"
"2017/05/19";249,8886;"UVR_Unidad de valor real"
"2017/05/20";249,9264;"UVR_Unidad de valor real"
"2017/05/21";249,9643;"UVR_Unidad de valor real"
"2017/05/22";250,0021;"UVR_Unidad de valor real"
"2017/05/23";250,0399;"UVR_Unidad de valor real"
"2017/05/24";250,0777;"UVR_Unidad de valor real"
"2017/05/25";250,1155;"UVR_Unidad de valor real"
"2017/05/26";250,1534;"UVR_Unidad de valor real"
"2017/05/27";250,1912;"UVR_Unidad de valor real"
"2017/05/28";250,2291;"UVR_Unidad de valor real"
"2017/05/29";250,2669;"UVR_Unidad de valor real"
"2017/05/30";250,3048;"UVR_Unidad de valor real"
"2017/05/31";250,3426;"UVR_Unidad de valor real"
"2017/06/01";250,3805;"UVR_Unidad de valor real"
"2017/06/02";250,4184;"UVR_Unidad de valor real"
"2017/06/03";250,4563;"UVR_Unidad de valor real"
"2017/06/04";250,4941;"UVR_Unidad de valor real"
"2017/06/05";250,532;"UVR_Unidad de valor real"
"2017/06/06";250,5699;"UVR_Unidad de valor real"
"2017/06/07";250,6078;"UVR_Unidad de valor real"
"2017/06/08";250,6457;"UVR_Unidad de valor real"
"2017/06/09";250,6837;"UVR_Unidad de valor real"
"2017/06/10";250,7216;"UVR_Unidad de valor real"
"2017/06/11";250,7595;"UVR_Unidad de valor real"
"2017/06/12";250,7974;"UVR_Unidad de valor real"
"2017/06/13";250,8354;"UVR_Unidad de valor real"
"2017/06/14";250,8733;"UVR_Unidad de valor real"
"2017/06/15";250,9113;"UVR_Unidad de valor real"
"2017/06/16";250,9305;"UVR_Unidad de valor real"
"2017/06/17";250,9497;"UVR_Unidad de valor real"
"2017/06/18";250,9689;"UVR_Unidad de valor real"
"2017/06/19";250,9882;"UVR_Unidad de valor real"
"2017/06/20";251,0074;"UVR_Unidad de valor real"
"2017/06/21";251,0266;"UVR_Unidad de valor real"
"2017/06/22";251,0458;"UVR_Unidad de valor real"
"2017/06/23";251,0651;"UVR_Unidad de valor real"
"2017/06/24";251,0843;"UVR_Unidad de valor real"
"2017/06/25";251,1035;"UVR_Unidad de valor real"
"2017/06/26";251,1227;"UVR_Unidad de valor real"
"2017/06/27";251,142;"UVR_Unidad de valor real"
"2017/06/28";251,1612;"UVR_Unidad de valor real"
"2017/06/29";251,1804;"UVR_Unidad de valor real"
"2017/06/30";251,1997;"UVR_Unidad de valor real"
"2017/07/01";251,2189;"UVR_Unidad de valor real"
"2017/07/02";251,2382;"UVR_Unidad de valor real"
"2017/07/03";251,2574;"UVR_Unidad de valor real"
"2017/07/04";251,2766;"UVR_Unidad de valor real"
"2017/07/05";251,2959;"UVR_Unidad de valor real"
"2017/07/06";251,3151;"UVR_Unidad de valor real"
"2017/07/07";251,3344;"UVR_Unidad de valor real"
"2017/07/08";251,3536;"UVR_Unidad de valor real"
"2017/07/09";251,3729;"UVR_Unidad de valor real"
"2017/07/10";251,3921;"UVR_Unidad de valor real"
"2017/07/11";251,4114;"UVR_Unidad de valor real"
"2017/07/12";251,4306;"UVR_Unidad de valor real"
"2017/07/13";251,4499;"UVR_Unidad de valor real"
"2017/07/14";251,4691;"UVR_Unidad de valor real"
"2017/07/15";251,4884;"UVR_Unidad de valor real"
"2017/07/16";251,4973;"UVR_Unidad de valor real"
"2017/07/17";251,5062;"UVR_Unidad de valor real"
"2017/07/18";251,5152;"UVR_Unidad de valor real"
"2017/07/19";251,5241;"UVR_Unidad de valor real"
"2017/07/20";251,533;"UVR_Unidad de valor real"
"2017/07/21";251,5419;"UVR_Unidad de valor real"
"2017/07/22";251,5508;"UVR_Unidad de valor real"
"2017/07/23";251,5598;"UVR_Unidad de valor real"
"2017/07/24";251,5687;"UVR_Unidad de valor real"
"2017/07/25";251,5776;"UVR_Unidad de valor real"
"2017/07/26";251,5865;"UVR_Unidad de valor real"
"2017/07/27";251,5954;"UVR_Unidad de valor real"
"2017/07/28";251,6044;"UVR_Unidad de valor real"
"2017/07/29";251,6133;"UVR_Unidad de valor real"
"2017/07/30";251,6222;"UVR_Unidad de valor real"
"2017/07/31";251,6311;"UVR_Unidad de valor real"
"2017/08/01";251,6401;"UVR_Unidad de valor real"
"2017/08/02";251,649;"UVR_Unidad de valor real"
"2017/08/03";251,6579;"UVR_Unidad de valor real"
"2017/08/04";251,6668;"UVR_Unidad de valor real"
"2017/08/05";251,6758;"UVR_Unidad de valor real"
"2017/08/06";251,6847;"UVR_Unidad de valor real"
"2017/08/07";251,6936;"UVR_Unidad de valor real"
"2017/08/08";251,7025;"UVR_Unidad de valor real"
"2017/08/09";251,7115;"UVR_Unidad de valor real"
"2017/08/10";251,7204;"UVR_Unidad de valor real"
"2017/08/11";251,7293;"UVR_Unidad de valor real"
"2017/08/12";251,7383;"UVR_Unidad de valor real"
"2017/08/13";251,7472;"UVR_Unidad de valor real"
"2017/08/14";251,7561;"UVR_Unidad de valor real"
"2017/08/15";251,765;"UVR_Unidad de valor real"
"2017/08/16";251,7609;"UVR_Unidad de valor real"
"2017/08/17";251,7569;"UVR_Unidad de valor real"
"2017/08/18";251,7528;"UVR_Unidad de valor real"
"2017/08/19";251,7488;"UVR_Unidad de valor real"
"2017/08/20";251,7447;"UVR_Unidad de valor real"
"2017/08/21";251,7406;"UVR_Unidad de valor real"
"2017/08/22";251,7366;"UVR_Unidad de valor real"
"2017/08/23";251,7325;"UVR_Unidad de valor real"
"2017/08/24";251,7284;"UVR_Unidad de valor real"
"2017/08/25";251,7244;"UVR_Unidad de valor real"
"2017/08/26";251,7203;"UVR_Unidad de valor real"
"2017/08/27";251,7163;"UVR_Unidad de valor real"
"2017/08/28";251,7122;"UVR_Unidad de valor real"
"2017/08/29";251,7081;"UVR_Unidad de valor real"
"2017/08/30";251,7041;"UVR_Unidad de valor real"
"2017/08/31";251,7;"UVR_Unidad de valor real"
"2017/09/01";251,696;"UVR_Unidad de valor real"
"2017/09/02";251,6919;"UVR_Unidad de valor real"
"2017/09/03";251,6878;"UVR_Unidad de valor real"
"2017/09/04";251,6838;"UVR_Unidad de valor real"
"2017/09/05";251,6797;"UVR_Unidad de valor real"
"2017/09/06";251,6757;"UVR_Unidad de valor real"
"2017/09/07";251,6716;"UVR_Unidad de valor real"
"2017/09/08";251,6675;"UVR_Unidad de valor real"
"2017/09/09";251,6635;"UVR_Unidad de valor real"
"2017/09/10";251,6594;"UVR_Unidad de valor real"
"2017/09/11";251,6554;"UVR_Unidad de valor real"
"2017/09/12";251,6513;"UVR_Unidad de valor real"
"2017/09/13";251,6472;"UVR_Unidad de valor real"
"2017/09/14";251,6432;"UVR_Unidad de valor real"
"2017/09/15";251,6391;"UVR_Unidad de valor real"
"2017/09/16";251,6508;"UVR_Unidad de valor real"
"2017/09/17";251,6626;"UVR_Unidad de valor real"
"2017/09/18";251,6743;"UVR_Unidad de valor real"
"2017/09/19";251,686;"UVR_Unidad de valor real"
"2017/09/20";251,6978;"UVR_Unidad de valor real"
"2017/09/21";251,7095;"UVR_Unidad de valor real"
"2017/09/22";251,7213;"UVR_Unidad de valor real"
"2017/09/23";251,733;"UVR_Unidad de valor real"
"2017/09/24";251,7447;"UVR_Unidad de valor real"
"2017/09/25";251,7565;"UVR_Unidad de valor real"
"2017/09/26";251,7682;"UVR_Unidad de valor real"
"2017/09/27";251,78;"UVR_Unidad de valor real"
"2017/09/28";251,7917;"UVR_Unidad de valor real"
"2017/09/29";251,8034;"UVR_Unidad de valor real"
"2017/09/30";251,8152;"UVR_Unidad de valor real"
"2017/10/01";251,8269;"UVR_Unidad de valor real"
"2017/10/02";251,8387;"UVR_Unidad de valor real"
"2017/10/03";251,8504;"UVR_Unidad de valor real"
"2017/10/04";251,8622;"UVR_Unidad de valor real"
"2017/10/05";251,8739;"UVR_Unidad de valor real"
"2017/10/06";251,8857;"UVR_Unidad de valor real"
"2017/10/07";251,8974;"UVR_Unidad de valor real"
"2017/10/08";251,9091;"UVR_Unidad de valor real"
"2017/10/09";251,9209;"UVR_Unidad de valor real"
"2017/10/10";251,9326;"UVR_Unidad de valor real"
"2017/10/11";251,9444;"UVR_Unidad de valor real"
"2017/10/12";251,9561;"UVR_Unidad de valor real"
"2017/10/13";251,9679;"UVR_Unidad de valor real"
"2017/10/14";251,9796;"UVR_Unidad de valor real"
"2017/10/15";251,9914;"UVR_Unidad de valor real"
"2017/10/16";251,9947;"UVR_Unidad de valor real"
"2017/10/17";251,9979;"UVR_Unidad de valor real"
"2017/10/18";252,0012;"UVR_Unidad de valor real"
"2017/10/19";252,0044;"UVR_Unidad de valor real"
"2017/10/20";252,0077;"UVR_Unidad de valor real"
"2017/10/21";252,0109;"UVR_Unidad de valor real"
"2017/10/22";252,0142;"UVR_Unidad de valor real"
"2017/10/23";252,0174;"UVR_Unidad de valor real"
"2017/10/24";252,0207;"UVR_Unidad de valor real"
"2017/10/25";252,0239;"UVR_Unidad de valor real"
"2017/10/26";252,0272;"UVR_Unidad de valor real"
"2017/10/27";252,0304;"UVR_Unidad de valor real"
"2017/10/28";252,0337;"UVR_Unidad de valor real"
"2017/10/29";252,0369;"UVR_Unidad de valor real"
"2017/10/30";252,0402;"UVR_Unidad de valor real"
"2017/10/31";252,0434;"UVR_Unidad de valor real"
"2017/11/01";252,0467;"UVR_Unidad de valor real"
"2017/11/02";252,0499;"UVR_Unidad de valor real"
"2017/11/03";252,0532;"UVR_Unidad de valor real"
"2017/11/04";252,0564;"UVR_Unidad de valor real"
"2017/11/05";252,0597;"UVR_Unidad de valor real"
"2017/11/06";252,0629;"UVR_Unidad de valor real"
"2017/11/07";252,0662;"UVR_Unidad de valor real"
"2017/11/08";252,0694;"UVR_Unidad de valor real"
"2017/11/09";252,0727;"UVR_Unidad de valor real"
"2017/11/10";252,0759;"UVR_Unidad de valor real"
"2017/11/11";252,0792;"UVR_Unidad de valor real"
"2017/11/12";252,0824;"UVR_Unidad de valor real"
"2017/11/13";252,0857;"UVR_Unidad de valor real"
"2017/11/14";252,0889;"UVR_Unidad de valor real"
"2017/11/15";252,0922;"UVR_Unidad de valor real"
"2017/11/16";252,0939;"UVR_Unidad de valor real"
"2017/11/17";252,0956;"UVR_Unidad de valor real"
"2017/11/18";252,0972;"UVR_Unidad de valor real"
"2017/11/19";252,0989;"UVR_Unidad de valor real"
"2017/11/20";252,1006;"UVR_Unidad de valor real"
"2017/11/21";252,1023;"UVR_Unidad de valor real"
"2017/11/22";252,104;"UVR_Unidad de valor real"
"2017/11/23";252,1056;"UVR_Unidad de valor real"
"2017/11/24";252,1073;"UVR_Unidad de valor real"
"2017/11/25";252,109;"UVR_Unidad de valor real"
"2017/11/26";252,1107;"UVR_Unidad de valor real"
"2017/11/27";252,1124;"UVR_Unidad de valor real"
"2017/11/28";252,114;"UVR_Unidad de valor real"
"2017/11/29";252,1157;"UVR_Unidad de valor real"
"2017/11/30";252,1174;"UVR_Unidad de valor real"
"2017/12/01";252,1191;"UVR_Unidad de valor real"
"2017/12/02";252,1208;"UVR_Unidad de valor real"
"2017/12/03";252,1224;"UVR_Unidad de valor real"
"2017/12/04";252,1241;"UVR_Unidad de valor real"
"2017/12/05";252,1258;"UVR_Unidad de valor real"
"2017/12/06";252,1275;"UVR_Unidad de valor real"
"2017/12/07";252,1292;"UVR_Unidad de valor real"
"2017/12/08";252,1309;"UVR_Unidad de valor real"
"2017/12/09";252,1325;"UVR_Unidad de valor real"
"2017/12/10";252,1342;"UVR_Unidad de valor real"
"2017/12/11";252,1359;"UVR_Unidad de valor real"
"2017/12/12";252,1376;"UVR_Unidad de valor real"
"2017/12/13";252,1393;"UVR_Unidad de valor real"
"2017/12/14";252,1409;"UVR_Unidad de valor real"
"2017/12/15";252,1426;"UVR_Unidad de valor real"
"2017/12/16";252,1572;"UVR_Unidad de valor real"
"2017/12/17";252,1719;"UVR_Unidad de valor real"
"2017/12/18";252,1865;"UVR_Unidad de valor real"
"2017/12/19";252,2011;"UVR_Unidad de valor real"
"2017/12/20";252,2157;"UVR_Unidad de valor real"
"2017/12/21";252,2304;"UVR_Unidad de valor real"
"2017/12/22";252,245;"UVR_Unidad de valor real"
"2017/12/23";252,2596;"UVR_Unidad de valor real"
"2017/12/24";252,2743;"UVR_Unidad de valor real"
"2017/12/25";252,2889;"UVR_Unidad de valor real"
"2017/12/26";252,3036;"UVR_Unidad de valor real"
"2017/12/27";252,3182;"UVR_Unidad de valor real"
"2017/12/28";252,3328;"UVR_Unidad de valor real"
"2017/12/29";252,3475;"UVR_Unidad de valor real"
"2017/12/30";252,3621;"UVR_Unidad de valor real"
"2017/12/31";252,3767;"UVR_Unidad de valor real"
"2018/01/01";252,3914;"UVR_Unidad de valor real"
"2018/01/02";252,406;"UVR_Unidad de valor real"
"2018/01/03";252,4207;"UVR_Unidad de valor real"
"2018/01/04";252,4353;"UVR_Unidad de valor real"
"2018/01/05";252,45;"UVR_Unidad de valor real"
"2018/01/06";252,4646;"UVR_Unidad de valor real"
"2018/01/07";252,4793;"UVR_Unidad de valor real"
"2018/01/08";252,4939;"UVR_Unidad de valor real"
"2018/01/09";252,5085;"UVR_Unidad de valor real"
"2018/01/10";252,5232;"UVR_Unidad de valor real"
"2018/01/11";252,5378;"UVR_Unidad de valor real"
"2018/01/12";252,5525;"UVR_Unidad de valor real"
"2018/01/13";252,5672;"UVR_Unidad de valor real"
"2018/01/14";252,5818;"UVR_Unidad de valor real"
"2018/01/15";252,5965;"UVR_Unidad de valor real"
"2018/01/16";252,6274;"UVR_Unidad de valor real"
"2018/01/17";252,6583;"UVR_Unidad de valor real"
"2018/01/18";252,6892;"UVR_Unidad de valor real"
"2018/01/19";252,7201;"UVR_Unidad de valor real"
"2018/01/20";252,7511;"UVR_Unidad de valor real"
"2018/01/21";252,782;"UVR_Unidad de valor real"
"2018/01/22";252,8129;"UVR_Unidad de valor real"
"2018/01/23";252,8439;"UVR_Unidad de valor real"
"2018/01/24";252,8748;"UVR_Unidad de valor real"
"2018/01/25";252,9057;"UVR_Unidad de valor real"
"2018/01/26";252,9367;"UVR_Unidad de valor real"
"2018/01/27";252,9676;"UVR_Unidad de valor real"
"2018/01/28";252,9986;"UVR_Unidad de valor real"
"2018/01/29";253,0295;"UVR_Unidad de valor real"
"2018/01/30";253,0605;"UVR_Unidad de valor real"
"2018/01/31";253,0915;"UVR_Unidad de valor real"
"2018/02/01";253,1224;"UVR_Unidad de valor real"
"2018/02/02";253,1534;"UVR_Unidad de valor real"
"2018/02/03";253,1844;"UVR_Unidad de valor real"
"2018/02/04";253,2154;"UVR_Unidad de valor real"
"2018/02/05";253,2463;"UVR_Unidad de valor real"
"2018/02/06";253,2773;"UVR_Unidad de valor real"
"2018/02/07";253,3083;"UVR_Unidad de valor real"
"2018/02/08";253,3393;"UVR_Unidad de valor real"
"2018/02/09";253,3703;"UVR_Unidad de valor real"
"2018/02/10";253,4013;"UVR_Unidad de valor real"
"2018/02/11";253,4323;"UVR_Unidad de valor real"
"2018/02/12";253,4633;"UVR_Unidad de valor real"
"2018/02/13";253,4943;"UVR_Unidad de valor real"
"2018/02/14";253,5253;"UVR_Unidad de valor real"
"2018/02/15";253,5564;"UVR_Unidad de valor real"
"2018/02/16";253,6133;"UVR_Unidad de valor real"
"2018/02/17";253,6702;"UVR_Unidad de valor real"
"2018/02/18";253,7271;"UVR_Unidad de valor real"
"2018/02/19";253,784;"UVR_Unidad de valor real"
"2018/02/20";253,8409;"UVR_Unidad de valor real"
"2018/02/21";253,8979;"UVR_Unidad de valor real"
"2018/02/22";253,9548;"UVR_Unidad de valor real"
"2018/02/23";254,0118;"UVR_Unidad de valor real"
"2018/02/24";254,0688;"UVR_Unidad de valor real"
"2018/02/25";254,1258;"UVR_Unidad de valor real"
"2018/02/26";254,1828;"UVR_Unidad de valor real"
"2018/02/27";254,2398;"UVR_Unidad de valor real"
"2018/02/28";254,2968;"UVR_Unidad de valor real"
"2018/03/01";254,3538;"UVR_Unidad de valor real"
"2018/03/02";254,4109;"UVR_Unidad de valor real"
"2018/03/03";254,468;"UVR_Unidad de valor real"
"2018/03/04";254,5251;"UVR_Unidad de valor real"
"2018/03/05";254,5822;"UVR_Unidad de valor real"
"2018/03/06";254,6393;"UVR_Unidad de valor real"
"2018/03/07";254,6964;"UVR_Unidad de valor real"
"2018/03/08";254,7535;"UVR_Unidad de valor real"
"2018/03/09";254,8107;"UVR_Unidad de valor real"
"2018/03/10";254,8678;"UVR_Unidad de valor real"
"2018/03/11";254,925;"UVR_Unidad de valor real"
"2018/03/12";254,9822;"UVR_Unidad de valor real"
"2018/03/13";255,0394;"UVR_Unidad de valor real"
"2018/03/14";255,0966;"UVR_Unidad de valor real"
"2018/03/15";255,1538;"UVR_Unidad de valor real"
"2018/03/16";255,212;"UVR_Unidad de valor real"
"2018/03/17";255,2703;"UVR_Unidad de valor real"
"2018/03/18";255,3286;"UVR_Unidad de valor real"
"2018/03/19";255,3868;"UVR_Unidad de valor real"
"2018/03/20";255,4451;"UVR_Unidad de valor real"
"2018/03/21";255,5034;"UVR_Unidad de valor real"
"2018/03/22";255,5617;"UVR_Unidad de valor real"
"2018/03/23";255,6201;"UVR_Unidad de valor real"
"2018/03/24";255,6784;"UVR_Unidad de valor real"
"2018/03/25";255,7368;"UVR_Unidad de valor real"
"2018/03/26";255,7952;"UVR_Unidad de valor real"
"2018/03/27";255,8535;"UVR_Unidad de valor real"
"2018/03/28";255,9119;"UVR_Unidad de valor real"
"2018/03/29";255,9704;"UVR_Unidad de valor real"
"2018/03/30";256,0288;"UVR_Unidad de valor real"
"2018/03/31";256,0872;"UVR_Unidad de valor real"
"2018/04/01";256,1457;"UVR_Unidad de valor real"
"2018/04/02";256,2041;"UVR_Unidad de valor real"
"2018/04/03";256,2626;"UVR_Unidad de valor real"
"2018/04/04";256,3211;"UVR_Unidad de valor real"
"2018/04/05";256,3796;"UVR_Unidad de valor real"
"2018/04/06";256,4381;"UVR_Unidad de valor real"
"2018/04/07";256,4967;"UVR_Unidad de valor real"
"2018/04/08";256,5552;"UVR_Unidad de valor real"
"2018/04/09";256,6138;"UVR_Unidad de valor real"
"2018/04/10";256,6723;"UVR_Unidad de valor real"
"2018/04/11";256,7309;"UVR_Unidad de valor real"
"2018/04/12";256,7895;"UVR_Unidad de valor real"
"2018/04/13";256,8481;"UVR_Unidad de valor real"
"2018/04/14";256,9068;"UVR_Unidad de valor real"
"2018/04/15";256,9654;"UVR_Unidad de valor real"
"2018/04/16";256,9859;"UVR_Unidad de valor real"
"2018/04/17";257,0065;"UVR_Unidad de valor real"
"2018/04/18";257,027;"UVR_Unidad de valor real"
"2018/04/19";257,0475;"UVR_Unidad de valor real"
"2018/04/20";257,0681;"UVR_Unidad de valor real"
"2018/04/21";257,0886;"UVR_Unidad de valor real"
"2018/04/22";257,1092;"UVR_Unidad de valor real"
"2018/04/23";257,1297;"UVR_Unidad de valor real"
"2018/04/24";257,1503;"UVR_Unidad de valor real"
"2018/04/25";257,1708;"UVR_Unidad de valor real"
"2018/04/26";257,1914;"UVR_Unidad de valor real"
"2018/04/27";257,2119;"UVR_Unidad de valor real"
"2018/04/28";257,2325;"UVR_Unidad de valor real"
"2018/04/29";257,253;"UVR_Unidad de valor real"
"2018/04/30";257,2736;"UVR_Unidad de valor real"
"2018/05/01";257,2941;"UVR_Unidad de valor real"
"2018/05/02";257,3147;"UVR_Unidad de valor real"
"2018/05/03";257,3353;"UVR_Unidad de valor real"
"2018/05/04";257,3558;"UVR_Unidad de valor real"
"2018/05/05";257,3764;"UVR_Unidad de valor real"
"2018/05/06";257,3969;"UVR_Unidad de valor real"
"2018/05/07";257,4175;"UVR_Unidad de valor real"
"2018/05/08";257,4381;"UVR_Unidad de valor real"
"2018/05/09";257,4587;"UVR_Unidad de valor real"
"2018/05/10";257,4792;"UVR_Unidad de valor real"
"2018/05/11";257,4998;"UVR_Unidad de valor real"
"2018/05/12";257,5204;"UVR_Unidad de valor real"
"2018/05/13";257,541;"UVR_Unidad de valor real"
"2018/05/14";257,5615;"UVR_Unidad de valor real"
"2018/05/15";257,5821;"UVR_Unidad de valor real"
"2018/05/16";257,6202;"UVR_Unidad de valor real"
"2018/05/17";257,6584;"UVR_Unidad de valor real"
"2018/05/18";257,6965;"UVR_Unidad de valor real"
"2018/05/19";257,7347;"UVR_Unidad de valor real"
"2018/05/20";257,7728;"UVR_Unidad de valor real"
"2018/05/21";257,811;"UVR_Unidad de valor real"
"2018/05/22";257,8492;"UVR_Unidad de valor real"
"2018/05/23";257,8874;"UVR_Unidad de valor real"
"2018/05/24";257,9255;"UVR_Unidad de valor real"
"2018/05/25";257,9637;"UVR_Unidad de valor real"
"2018/05/26";258,0019;"UVR_Unidad de valor real"
"2018/05/27";258,0401;"UVR_Unidad de valor real"
"2018/05/28";258,0783;"UVR_Unidad de valor real"
"2018/05/29";258,1165;"UVR_Unidad de valor real"
"2018/05/30";258,1547;"UVR_Unidad de valor real"
"2018/05/31";258,193;"UVR_Unidad de valor real"
"2018/06/01";258,2312;"UVR_Unidad de valor real"
"2018/06/02";258,2694;"UVR_Unidad de valor real"
"2018/06/03";258,3077;"UVR_Unidad de valor real"
"2018/06/04";258,3459;"UVR_Unidad de valor real"
"2018/06/05";258,3842;"UVR_Unidad de valor real"
"2018/06/06";258,4224;"UVR_Unidad de valor real"
"2018/06/07";258,4607;"UVR_Unidad de valor real"
"2018/06/08";258,4989;"UVR_Unidad de valor real"
"2018/06/09";258,5372;"UVR_Unidad de valor real"
"2018/06/10";258,5755;"UVR_Unidad de valor real"
"2018/06/11";258,6138;"UVR_Unidad de valor real"
"2018/06/12";258,6521;"UVR_Unidad de valor real"
"2018/06/13";258,6904;"UVR_Unidad de valor real"
"2018/06/14";258,7287;"UVR_Unidad de valor real"
"2018/06/15";258,767;"UVR_Unidad de valor real"
"2018/06/16";258,7885;"UVR_Unidad de valor real"
"2018/06/17";258,8101;"UVR_Unidad de valor real"
"2018/06/18";258,8316;"UVR_Unidad de valor real"
"2018/06/19";258,8532;"UVR_Unidad de valor real"
"2018/06/20";258,8747;"UVR_Unidad de valor real"
"2018/06/21";258,8963;"UVR_Unidad de valor real"
"2018/06/22";258,9178;"UVR_Unidad de valor real"
"2018/06/23";258,9394;"UVR_Unidad de valor real"
"2018/06/24";258,9609;"UVR_Unidad de valor real"
"2018/06/25";258,9825;"UVR_Unidad de valor real"
"2018/06/26";259,004;"UVR_Unidad de valor real"
"2018/06/27";259,0256;"UVR_Unidad de valor real"
"2018/06/28";259,0471;"UVR_Unidad de valor real"
"2018/06/29";259,0687;"UVR_Unidad de valor real"
"2018/06/30";259,0903;"UVR_Unidad de valor real"
"2018/07/01";259,1118;"UVR_Unidad de valor real"
"2018/07/02";259,1334;"UVR_Unidad de valor real"
"2018/07/03";259,155;"UVR_Unidad de valor real"
"2018/07/04";259,1765;"UVR_Unidad de valor real"
"2018/07/05";259,1981;"UVR_Unidad de valor real"
"2018/07/06";259,2197;"UVR_Unidad de valor real"
"2018/07/07";259,2412;"UVR_Unidad de valor real"
"2018/07/08";259,2628;"UVR_Unidad de valor real"
"2018/07/09";259,2844;"UVR_Unidad de valor real"
"2018/07/10";259,306;"UVR_Unidad de valor real"
"2018/07/11";259,3276;"UVR_Unidad de valor real"
"2018/07/12";259,3492;"UVR_Unidad de valor real"
"2018/07/13";259,3707;"UVR_Unidad de valor real"
"2018/07/14";259,3923;"UVR_Unidad de valor real"
"2018/07/15";259,4139;"UVR_Unidad de valor real"
"2018/07/16";259,4264;"UVR_Unidad de valor real"
"2018/07/17";259,439;"UVR_Unidad de valor real"
"2018/07/18";259,4515;"UVR_Unidad de valor real"
"2018/07/19";259,4641;"UVR_Unidad de valor real"
"2018/07/20";259,4766;"UVR_Unidad de valor real"
"2018/07/21";259,4892;"UVR_Unidad de valor real"
"2018/07/22";259,5017;"UVR_Unidad de valor real"
"2018/07/23";259,5143;"UVR_Unidad de valor real"
"2018/07/24";259,5268;"UVR_Unidad de valor real"
"2018/07/25";259,5394;"UVR_Unidad de valor real"
"2018/07/26";259,5519;"UVR_Unidad de valor real"
"2018/07/27";259,5645;"UVR_Unidad de valor real"
"2018/07/28";259,577;"UVR_Unidad de valor real"
"2018/07/29";259,5896;"UVR_Unidad de valor real"
"2018/07/30";259,6021;"UVR_Unidad de valor real"
"2018/07/31";259,6147;"UVR_Unidad de valor real"
"2018/08/01";259,6272;"UVR_Unidad de valor real"
"2018/08/02";259,6398;"UVR_Unidad de valor real"
"2018/08/03";259,6523;"UVR_Unidad de valor real"
"2018/08/04";259,6649;"UVR_Unidad de valor real"
"2018/08/05";259,6774;"UVR_Unidad de valor real"
"2018/08/06";259,69;"UVR_Unidad de valor real"
"2018/08/07";259,7025;"UVR_Unidad de valor real"
"2018/08/08";259,7151;"UVR_Unidad de valor real"
"2018/08/09";259,7277;"UVR_Unidad de valor real"
"2018/08/10";259,7402;"UVR_Unidad de valor real"
"2018/08/11";259,7528;"UVR_Unidad de valor real"
"2018/08/12";259,7653;"UVR_Unidad de valor real"
"2018/08/13";259,7779;"UVR_Unidad de valor real"
"2018/08/14";259,7905;"UVR_Unidad de valor real"
"2018/08/15";259,803;"UVR_Unidad de valor real"
"2018/08/16";259,7921;"UVR_Unidad de valor real"
"2018/08/17";259,7812;"UVR_Unidad de valor real"
"2018/08/18";259,7703;"UVR_Unidad de valor real"
"2018/08/19";259,7594;"UVR_Unidad de valor real"
"2018/08/20";259,7485;"UVR_Unidad de valor real"
"2018/08/21";259,7376;"UVR_Unidad de valor real"
"2018/08/22";259,7267;"UVR_Unidad de valor real"
"2018/08/23";259,7158;"UVR_Unidad de valor real"
"2018/08/24";259,7049;"UVR_Unidad de valor real"
"2018/08/25";259,694;"UVR_Unidad de valor real"
"2018/08/26";259,6831;"UVR_Unidad de valor real"
"2018/08/27";259,6722;"UVR_Unidad de valor real"
"2018/08/28";259,6613;"UVR_Unidad de valor real"
"2018/08/29";259,6504;"UVR_Unidad de valor real"
"2018/08/30";259,6395;"UVR_Unidad de valor real"
"2018/08/31";259,6286;"UVR_Unidad de valor real"
"2018/09/01";259,6177;"UVR_Unidad de valor real"
"2018/09/02";259,6068;"UVR_Unidad de valor real"
"2018/09/03";259,5959;"UVR_Unidad de valor real"
"2018/09/04";259,5851;"UVR_Unidad de valor real"
"2018/09/05";259,5742;"UVR_Unidad de valor real"
"2018/09/06";259,5633;"UVR_Unidad de valor real"
"2018/09/07";259,5524;"UVR_Unidad de valor real"
"2018/09/08";259,5415;"UVR_Unidad de valor real"
"2018/09/09";259,5306;"UVR_Unidad de valor real"
"2018/09/10";259,5197;"UVR_Unidad de valor real"
"2018/09/11";259,5088;"UVR_Unidad de valor real"
"2018/09/12";259,4979;"UVR_Unidad de valor real"
"2018/09/13";259,487;"UVR_Unidad de valor real"
"2018/09/14";259,4761;"UVR_Unidad de valor real"
"2018/09/15";259,4653;"UVR_Unidad de valor real"
"2018/09/16";259,4757;"UVR_Unidad de valor real"
"2018/09/17";259,486;"UVR_Unidad de valor real"
"2018/09/18";259,4964;"UVR_Unidad de valor real"
"2018/09/19";259,5068;"UVR_Unidad de valor real"
"2018/09/20";259,5172;"UVR_Unidad de valor real"
"2018/09/21";259,5275;"UVR_Unidad de valor real"
"2018/09/22";259,5379;"UVR_Unidad de valor real"
"2018/09/23";259,5483;"UVR_Unidad de valor real"
"2018/09/24";259,5587;"UVR_Unidad de valor real"
"2018/09/25";259,569;"UVR_Unidad de valor real"
"2018/09/26";259,5794;"UVR_Unidad de valor real"
"2018/09/27";259,5898;"UVR_Unidad de valor real"
"2018/09/28";259,6002;"UVR_Unidad de valor real"
"2018/09/29";259,6106;"UVR_Unidad de valor real"
"2018/09/30";259,6209;"UVR_Unidad de valor real"
"2018/10/01";259,6313;"UVR_Unidad de valor real"
"2018/10/02";259,6417;"UVR_Unidad de valor real"
"2018/10/03";259,6521;"UVR_Unidad de valor real"
"2018/10/04";259,6625;"UVR_Unidad de valor real"
"2018/10/05";259,6728;"UVR_Unidad de valor real"
"2018/10/06";259,6832;"UVR_Unidad de valor real"
"2018/10/07";259,6936;"UVR_Unidad de valor real"
"2018/10/08";259,704;"UVR_Unidad de valor real"
"2018/10/09";259,7144;"UVR_Unidad de valor real"
"2018/10/10";259,7247;"UVR_Unidad de valor real"
"2018/10/11";259,7351;"UVR_Unidad de valor real"
"2018/10/12";259,7455;"UVR_Unidad de valor real"
"2018/10/13";259,7559;"UVR_Unidad de valor real"
"2018/10/14";259,7663;"UVR_Unidad de valor real"
"2018/10/15";259,7767;"UVR_Unidad de valor real"
"2018/10/16";259,7901;"UVR_Unidad de valor real"
"2018/10/17";259,8035;"UVR_Unidad de valor real"
"2018/10/18";259,8169;"UVR_Unidad de valor real"
"2018/10/19";259,8303;"UVR_Unidad de valor real"
"2018/10/20";259,8437;"UVR_Unidad de valor real"
"2018/10/21";259,8571;"UVR_Unidad de valor real"
"2018/10/22";259,8705;"UVR_Unidad de valor real"
"2018/10/23";259,8839;"UVR_Unidad de valor real"
"2018/10/24";259,8973;"UVR_Unidad de valor real"
"2018/10/25";259,9107;"UVR_Unidad de valor real"
"2018/10/26";259,9241;"UVR_Unidad de valor real"
"2018/10/27";259,9375;"UVR_Unidad de valor real"
"2018/10/28";259,9509;"UVR_Unidad de valor real"
"2018/10/29";259,9643;"UVR_Unidad de valor real"
"2018/10/30";259,9777;"UVR_Unidad de valor real"
"2018/10/31";259,9911;"UVR_Unidad de valor real"
"2018/11/01";260,0046;"UVR_Unidad de valor real"
"2018/11/02";260,018;"UVR_Unidad de valor real"
"2018/11/03";260,0314;"UVR_Unidad de valor real"
"2018/11/04";260,0448;"UVR_Unidad de valor real"
"2018/11/05";260,0582;"UVR_Unidad de valor real"
"2018/11/06";260,0716;"UVR_Unidad de valor real"
"2018/11/07";260,085;"UVR_Unidad de valor real"
"2018/11/08";260,0984;"UVR_Unidad de valor real"
"2018/11/09";260,1118;"UVR_Unidad de valor real"
"2018/11/10";260,1253;"UVR_Unidad de valor real"
"2018/11/11";260,1387;"UVR_Unidad de valor real"
"2018/11/12";260,1521;"UVR_Unidad de valor real"
"2018/11/13";260,1655;"UVR_Unidad de valor real"
"2018/11/14";260,1789;"UVR_Unidad de valor real"
"2018/11/15";260,1923;"UVR_Unidad de valor real"
"2018/11/16";260,2027;"UVR_Unidad de valor real"
"2018/11/17";260,2131;"UVR_Unidad de valor real"
"2018/11/18";260,2235;"UVR_Unidad de valor real"
"2018/11/19";260,2339;"UVR_Unidad de valor real"
"2018/11/20";260,2443;"UVR_Unidad de valor real"
"2018/11/21";260,2547;"UVR_Unidad de valor real"
"2018/11/22";260,2651;"UVR_Unidad de valor real"
"2018/11/23";260,2755;"UVR_Unidad de valor real"
"2018/11/24";260,2859;"UVR_Unidad de valor real"
"2018/11/25";260,2963;"UVR_Unidad de valor real"
"2018/11/26";260,3067;"UVR_Unidad de valor real"
"2018/11/27";260,3171;"UVR_Unidad de valor real"
"2018/11/28";260,3276;"UVR_Unidad de valor real"
"2018/11/29";260,338;"UVR_Unidad de valor real"
"2018/11/30";260,3484;"UVR_Unidad de valor real"
"2018/12/01";260,3588;"UVR_Unidad de valor real"
"2018/12/02";260,3692;"UVR_Unidad de valor real"
"2018/12/03";260,3796;"UVR_Unidad de valor real"
"2018/12/04";260,39;"UVR_Unidad de valor real"
"2018/12/05";260,4004;"UVR_Unidad de valor real"
"2018/12/06";260,4108;"UVR_Unidad de valor real"
"2018/12/07";260,4212;"UVR_Unidad de valor real"
"2018/12/08";260,4316;"UVR_Unidad de valor real"
"2018/12/09";260,4421;"UVR_Unidad de valor real"
"2018/12/10";260,4525;"UVR_Unidad de valor real"
"2018/12/11";260,4629;"UVR_Unidad de valor real"
"2018/12/12";260,4733;"UVR_Unidad de valor real"
"2018/12/13";260,4837;"UVR_Unidad de valor real"
"2018/12/14";260,4941;"UVR_Unidad de valor real"
"2018/12/15";260,5045;"UVR_Unidad de valor real"
"2018/12/16";260,5146;"UVR_Unidad de valor real"
"2018/12/17";260,5247;"UVR_Unidad de valor real"
"2018/12/18";260,5347;"UVR_Unidad de valor real"
"2018/12/19";260,5448;"UVR_Unidad de valor real"
"2018/12/20";260,5549;"UVR_Unidad de valor real"
"2018/12/21";260,565;"UVR_Unidad de valor real"
"2018/12/22";260,5751;"UVR_Unidad de valor real"
"2018/12/23";260,5851;"UVR_Unidad de valor real"
"2018/12/24";260,5952;"UVR_Unidad de valor real"
"2018/12/25";260,6053;"UVR_Unidad de valor real"
"2018/12/26";260,6154;"UVR_Unidad de valor real"
"2018/12/27";260,6255;"UVR_Unidad de valor real"
"2018/12/28";260,6355;"UVR_Unidad de valor real"
"2018/12/29";260,6456;"UVR_Unidad de valor real"
"2018/12/30";260,6557;"UVR_Unidad de valor real"
"2018/12/31";260,6658;"UVR_Unidad de valor real"
"2019/01/01";260,6759;"UVR_Unidad de valor real"
"2019/01/02";260,686;"UVR_Unidad de valor real"
"2019/01/03";260,6961;"UVR_Unidad de valor real"
"2019/01/04";260,7061;"UVR_Unidad de valor real"
"2019/01/05";260,7162;"UVR_Unidad de valor real"
"2019/01/06";260,7263;"UVR_Unidad de valor real"
"2019/01/07";260,7364;"UVR_Unidad de valor real"
"2019/01/08";260,7465;"UVR_Unidad de valor real"
"2019/01/09";260,7566;"UVR_Unidad de valor real"
"2019/01/10";260,7667;"UVR_Unidad de valor real"
"2019/01/11";260,7767;"UVR_Unidad de valor real"
"2019/01/12";260,7868;"UVR_Unidad de valor real"
"2019/01/13";260,7969;"UVR_Unidad de valor real"
"2019/01/14";260,807;"UVR_Unidad de valor real"
"2019/01/15";260,8171;"UVR_Unidad de valor real"
"2019/01/16";260,8423;"UVR_Unidad de valor real"
"2019/01/17";260,8675;"UVR_Unidad de valor real"
"2019/01/18";260,8927;"UVR_Unidad de valor real"
"2019/01/19";260,9179;"UVR_Unidad de valor real"
"2019/01/20";260,9431;"UVR_Unidad de valor real"
"2019/01/21";260,9684;"UVR_Unidad de valor real"
"2019/01/22";260,9936;"UVR_Unidad de valor real"
"2019/01/23";261,0188;"UVR_Unidad de valor real"
"2019/01/24";261,044;"UVR_Unidad de valor real"
"2019/01/25";261,0692;"UVR_Unidad de valor real"
"2019/01/26";261,0945;"UVR_Unidad de valor real"
"2019/01/27";261,1197;"UVR_Unidad de valor real"
"2019/01/28";261,1449;"UVR_Unidad de valor real"
"2019/01/29";261,1702;"UVR_Unidad de valor real"
"2019/01/30";261,1954;"UVR_Unidad de valor real"
"2019/01/31";261,2207;"UVR_Unidad de valor real"
"2019/02/01";261,2459;"UVR_Unidad de valor real"
"2019/02/02";261,2711;"UVR_Unidad de valor real"
"2019/02/03";261,2964;"UVR_Unidad de valor real"
"2019/02/04";261,3216;"UVR_Unidad de valor real"
"2019/02/05";261,3469;"UVR_Unidad de valor real"
"2019/02/06";261,3721;"UVR_Unidad de valor real"
"2019/02/07";261,3974;"UVR_Unidad de valor real"
"2019/02/08";261,4227;"UVR_Unidad de valor real"
"2019/02/09";261,4479;"UVR_Unidad de valor real"
"2019/02/10";261,4732;"UVR_Unidad de valor real"
"2019/02/11";261,4985;"UVR_Unidad de valor real"
"2019/02/12";261,5237;"UVR_Unidad de valor real"
"2019/02/13";261,549;"UVR_Unidad de valor real"
"2019/02/14";261,5743;"UVR_Unidad de valor real"
"2019/02/15";261,5996;"UVR_Unidad de valor real"
"2019/02/16";261,6555;"UVR_Unidad de valor real"
"2019/02/17";261,7114;"UVR_Unidad de valor real"
"2019/02/18";261,7673;"UVR_Unidad de valor real"
"2019/02/19";261,8233;"UVR_Unidad de valor real"
"2019/02/20";261,8792;"UVR_Unidad de valor real"
"2019/02/21";261,9352;"UVR_Unidad de valor real"
"2019/02/22";261,9911;"UVR_Unidad de valor real"
"2019/02/23";262,0471;"UVR_Unidad de valor real"
"2019/02/24";262,1031;"UVR_Unidad de valor real"
"2019/02/25";262,1591;"UVR_Unidad de valor real"
"2019/02/26";262,2151;"UVR_Unidad de valor real"
"2019/02/27";262,2711;"UVR_Unidad de valor real"
"2019/02/28";262,3272;"UVR_Unidad de valor real"
"2019/03/01";262,3832;"UVR_Unidad de valor real"
"2019/03/02";262,4393;"UVR_Unidad de valor real"
"2019/03/03";262,4954;"UVR_Unidad de valor real"
"2019/03/04";262,5514;"UVR_Unidad de valor real"
"2019/03/05";262,6075;"UVR_Unidad de valor real"
"2019/03/06";262,6637;"UVR_Unidad de valor real"
"2019/03/07";262,7198;"UVR_Unidad de valor real"
"2019/03/08";262,7759;"UVR_Unidad de valor real"
"2019/03/09";262,8321;"UVR_Unidad de valor real"
"2019/03/10";262,8882;"UVR_Unidad de valor real"
"2019/03/11";262,9444;"UVR_Unidad de valor real"
"2019/03/12";263,0006;"UVR_Unidad de valor real"
"2019/03/13";263,0568;"UVR_Unidad de valor real"
"2019/03/14";263,113;"UVR_Unidad de valor real"
"2019/03/15";263,1692;"UVR_Unidad de valor real"
"2019/03/16";263,2175;"UVR_Unidad de valor real"
"2019/03/17";263,2657;"UVR_Unidad de valor real"
"2019/03/18";263,314;"UVR_Unidad de valor real"
"2019/03/19";263,3623;"UVR_Unidad de valor real"
"2019/03/20";263,4106;"UVR_Unidad de valor real"
"2019/03/21";263,4589;"UVR_Unidad de valor real"
"2019/03/22";263,5072;"UVR_Unidad de valor real"
"2019/03/23";263,5555;"UVR_Unidad de valor real"
"2019/03/24";263,6038;"UVR_Unidad de valor real"
"2019/03/25";263,6522;"UVR_Unidad de valor real"
"2019/03/26";263,7005;"UVR_Unidad de valor real"
"2019/03/27";263,7489;"UVR_Unidad de valor real"
"2019/03/28";263,7972;"UVR_Unidad de valor real"
"2019/03/29";263,8456;"UVR_Unidad de valor real"
"2019/03/30";263,894;"UVR_Unidad de valor real"
"2019/03/31";263,9424;"UVR_Unidad de valor real"
"2019/04/01";263,9908;"UVR_Unidad de valor real"
"2019/04/02";264,0392;"UVR_Unidad de valor real"
"2019/04/03";264,0876;"UVR_Unidad de valor real"
"2019/04/04";264,136;"UVR_Unidad de valor real"
"2019/04/05";264,1844;"UVR_Unidad de valor real"
"2019/04/06";264,2329;"UVR_Unidad de valor real"
"2019/04/07";264,2813;"UVR_Unidad de valor real"
"2019/04/08";264,3298;"UVR_Unidad de valor real"
"2019/04/09";264,3783;"UVR_Unidad de valor real"
"2019/04/10";264,4267;"UVR_Unidad de valor real"
"2019/04/11";264,4752;"UVR_Unidad de valor real"
"2019/04/12";264,5237;"UVR_Unidad de valor real"
"2019/04/13";264,5722;"UVR_Unidad de valor real"
"2019/04/14";264,6207;"UVR_Unidad de valor real"
"2019/04/15";264,6693;"UVR_Unidad de valor real"
"2019/04/16";264,7072;"UVR_Unidad de valor real"
"2019/04/17";264,745;"UVR_Unidad de valor real"
"2019/04/18";264,7829;"UVR_Unidad de valor real"
"2019/04/19";264,8208;"UVR_Unidad de valor real"
"2019/04/20";264,8586;"UVR_Unidad de valor real"
"2019/04/21";264,8965;"UVR_Unidad de valor real"
"2019/04/22";264,9344;"UVR_Unidad de valor real"
"2019/04/23";264,9723;"UVR_Unidad de valor real"
"2019/04/24";265,0102;"UVR_Unidad de valor real"
"2019/04/25";265,0481;"UVR_Unidad de valor real"
"2019/04/26";265,086;"UVR_Unidad de valor real"
"2019/04/27";265,1239;"UVR_Unidad de valor real"
"2019/04/28";265,1619;"UVR_Unidad de valor real"
"2019/04/29";265,1998;"UVR_Unidad de valor real"
"2019/04/30";265,2377;"UVR_Unidad de valor real"
"2019/05/01";265,2757;"UVR_Unidad de valor real"
"2019/05/02";265,3136;"UVR_Unidad de valor real"
"2019/05/03";265,3516;"UVR_Unidad de valor real"
"2019/05/04";265,3895;"UVR_Unidad de valor real"
"2019/05/05";265,4275;"UVR_Unidad de valor real"
"2019/05/06";265,4654;"UVR_Unidad de valor real"
"2019/05/07";265,5034;"UVR_Unidad de valor real"
"2019/05/08";265,5414;"UVR_Unidad de valor real"
"2019/05/09";265,5794;"UVR_Unidad de valor real"
"2019/05/10";265,6174;"UVR_Unidad de valor real"
"2019/05/11";265,6554;"UVR_Unidad de valor real"
"2019/05/12";265,6934;"UVR_Unidad de valor real"
"2019/05/13";265,7314;"UVR_Unidad de valor real"
"2019/05/14";265,7694;"UVR_Unidad de valor real"
"2019/05/15";265,8074;"UVR_Unidad de valor real"
"2019/05/16";265,8502;"UVR_Unidad de valor real"
"2019/05/17";265,8929;"UVR_Unidad de valor real"
"2019/05/18";265,9357;"UVR_Unidad de valor real"
"2019/05/19";265,9785;"UVR_Unidad de valor real"
"2019/05/20";266,0213;"UVR_Unidad de valor real"
"2019/05/21";266,0641;"UVR_Unidad de valor real"
"2019/05/22";266,1069;"UVR_Unidad de valor real"
"2019/05/23";266,1497;"UVR_Unidad de valor real"
"2019/05/24";266,1926;"UVR_Unidad de valor real"
"2019/05/25";266,2354;"UVR_Unidad de valor real"
"2019/05/26";266,2782;"UVR_Unidad de valor real"
"2019/05/27";266,3211;"UVR_Unidad de valor real"
"2019/05/28";266,3639;"UVR_Unidad de valor real"
"2019/05/29";266,4068;"UVR_Unidad de valor real"
"2019/05/30";266,4497;"UVR_Unidad de valor real"
"2019/05/31";266,4925;"UVR_Unidad de valor real"
"2019/06/01";266,5354;"UVR_Unidad de valor real"
"2019/06/02";266,5783;"UVR_Unidad de valor real"
"2019/06/03";266,6212;"UVR_Unidad de valor real"
"2019/06/04";266,6641;"UVR_Unidad de valor real"
"2019/06/05";266,707;"UVR_Unidad de valor real"
"2019/06/06";266,7499;"UVR_Unidad de valor real"
"2019/06/07";266,7928;"UVR_Unidad de valor real"
"2019/06/08";266,8358;"UVR_Unidad de valor real"
"2019/06/09";266,8787;"UVR_Unidad de valor real"
"2019/06/10";266,9216;"UVR_Unidad de valor real"
"2019/06/11";266,9646;"UVR_Unidad de valor real"
"2019/06/12";267,0075;"UVR_Unidad de valor real"
"2019/06/13";267,0505;"UVR_Unidad de valor real"
"2019/06/14";267,0935;"UVR_Unidad de valor real"
"2019/06/15";267,1364;"UVR_Unidad de valor real"
"2019/06/16";267,164;"UVR_Unidad de valor real"
"2019/06/17";267,1915;"UVR_Unidad de valor real"
"2019/06/18";267,2191;"UVR_Unidad de valor real"
"2019/06/19";267,2467;"UVR_Unidad de valor real"
"2019/06/20";267,2742;"UVR_Unidad de valor real"
"2019/06/21";267,3018;"UVR_Unidad de valor real"
"2019/06/22";267,3294;"UVR_Unidad de valor real"
"2019/06/23";267,357;"UVR_Unidad de valor real"
"2019/06/24";267,3846;"UVR_Unidad de valor real"
"2019/06/25";267,4122;"UVR_Unidad de valor real"
"2019/06/26";267,4397;"UVR_Unidad de valor real"
"2019/06/27";267,4673;"UVR_Unidad de valor real"
"2019/06/28";267,4949;"UVR_Unidad de valor real"
"2019/06/29";267,5225;"UVR_Unidad de valor real"
"2019/06/30";267,5501;"UVR_Unidad de valor real"
"2019/07/01";267,5777;"UVR_Unidad de valor real"
"2019/07/02";267,6054;"UVR_Unidad de valor real"
"2019/07/03";267,633;"UVR_Unidad de valor real"
"2019/07/04";267,6606;"UVR_Unidad de valor real"
"2019/07/05";267,6882;"UVR_Unidad de valor real"
"2019/07/06";267,7158;"UVR_Unidad de valor real"
"2019/07/07";267,7434;"UVR_Unidad de valor real"
"2019/07/08";267,7711;"UVR_Unidad de valor real"
"2019/07/09";267,7987;"UVR_Unidad de valor real"
"2019/07/10";267,8263;"UVR_Unidad de valor real"
"2019/07/11";267,854;"UVR_Unidad de valor real"
"2019/07/12";267,8816;"UVR_Unidad de valor real"
"2019/07/13";267,9092;"UVR_Unidad de valor real"
"2019/07/14";267,9369;"UVR_Unidad de valor real"
"2019/07/15";267,9645;"UVR_Unidad de valor real"
"2019/07/16";267,9878;"UVR_Unidad de valor real"
"2019/07/17";268,0111;"UVR_Unidad de valor real"
"2019/07/18";268,0344;"UVR_Unidad de valor real"
"2019/07/19";268,0577;"UVR_Unidad de valor real"
"2019/07/20";268,0811;"UVR_Unidad de valor real"
"2019/07/21";268,1044;"UVR_Unidad de valor real"
"2019/07/22";268,1277;"UVR_Unidad de valor real"
"2019/07/23";268,151;"UVR_Unidad de valor real"
"2019/07/24";268,1743;"UVR_Unidad de valor real"
"2019/07/25";268,1977;"UVR_Unidad de valor real"
"2019/07/26";268,221;"UVR_Unidad de valor real"
"2019/07/27";268,2443;"UVR_Unidad de valor real"
"2019/07/28";268,2677;"UVR_Unidad de valor real"
"2019/07/29";268,291;"UVR_Unidad de valor real"
"2019/07/30";268,3143;"UVR_Unidad de valor real"
"2019/07/31";268,3377;"UVR_Unidad de valor real"
"2019/08/01";268,361;"UVR_Unidad de valor real"
"2019/08/02";268,3844;"UVR_Unidad de valor real"
"2019/08/03";268,4077;"UVR_Unidad de valor real"
"2019/08/04";268,4311;"UVR_Unidad de valor real"
"2019/08/05";268,4544;"UVR_Unidad de valor real"
"2019/08/06";268,4778;"UVR_Unidad de valor real"
"2019/08/07";268,5011;"UVR_Unidad de valor real"
"2019/08/08";268,5245;"UVR_Unidad de valor real"
"2019/08/09";268,5478;"UVR_Unidad de valor real"
"2019/08/10";268,5712;"UVR_Unidad de valor real"
"2019/08/11";268,5945;"UVR_Unidad de valor real"
"2019/08/12";268,6179;"UVR_Unidad de valor real"
"2019/08/13";268,6413;"UVR_Unidad de valor real"
"2019/08/14";268,6646;"UVR_Unidad de valor real"
"2019/08/15";268,688;"UVR_Unidad de valor real"
"2019/08/16";268,707;"UVR_Unidad de valor real"
"2019/08/17";268,7261;"UVR_Unidad de valor real"
"2019/08/18";268,7451;"UVR_Unidad de valor real"
"2019/08/19";268,7642;"UVR_Unidad de valor real"
"2019/08/20";268,7833;"UVR_Unidad de valor real"
"2019/08/21";268,8023;"UVR_Unidad de valor real"
"2019/08/22";268,8214;"UVR_Unidad de valor real"
"2019/08/23";268,8404;"UVR_Unidad de valor real"
"2019/08/24";268,8595;"UVR_Unidad de valor real"
"2019/08/25";268,8785;"UVR_Unidad de valor real"
"2019/08/26";268,8976;"UVR_Unidad de valor real"
"2019/08/27";268,9167;"UVR_Unidad de valor real"
"2019/08/28";268,9357;"UVR_Unidad de valor real"
"2019/08/29";268,9548;"UVR_Unidad de valor real"
"2019/08/30";268,9739;"UVR_Unidad de valor real"
"2019/08/31";268,9929;"UVR_Unidad de valor real"
"2019/09/01";269,012;"UVR_Unidad de valor real"
"2019/09/02";269,0311;"UVR_Unidad de valor real"
"2019/09/03";269,0501;"UVR_Unidad de valor real"
"2019/09/04";269,0692;"UVR_Unidad de valor real"
"2019/09/05";269,0883;"UVR_Unidad de valor real"
"2019/09/06";269,1074;"UVR_Unidad de valor real"
"2019/09/07";269,1264;"UVR_Unidad de valor real"
"2019/09/08";269,1455;"UVR_Unidad de valor real"
"2019/09/09";269,1646;"UVR_Unidad de valor real"
"2019/09/10";269,1837;"UVR_Unidad de valor real"
"2019/09/11";269,2028;"UVR_Unidad de valor real"
"2019/09/12";269,2219;"UVR_Unidad de valor real"
"2019/09/13";269,2409;"UVR_Unidad de valor real"
"2019/09/14";269,26;"UVR_Unidad de valor real"
"2019/09/15";269,2791;"UVR_Unidad de valor real"
"2019/09/16";269,2872;"UVR_Unidad de valor real"
"2019/09/17";269,2952;"UVR_Unidad de valor real"
"2019/09/18";269,3033;"UVR_Unidad de valor real"
"2019/09/19";269,3114;"UVR_Unidad de valor real"
"2019/09/20";269,3195;"UVR_Unidad de valor real"
"2019/09/21";269,3276;"UVR_Unidad de valor real"
"2019/09/22";269,3356;"UVR_Unidad de valor real"
"2019/09/23";269,3437;"UVR_Unidad de valor real"
"2019/09/24";269,3518;"UVR_Unidad de valor real"
"2019/09/25";269,3599;"UVR_Unidad de valor real"
"2019/09/26";269,3679;"UVR_Unidad de valor real"
"2019/09/27";269,376;"UVR_Unidad de valor real"
"2019/09/28";269,3841;"UVR_Unidad de valor real"
"2019/09/29";269,3922;"UVR_Unidad de valor real"
"2019/09/30";269,4002;"UVR_Unidad de valor real"
"2019/10/01";269,4083;"UVR_Unidad de valor real"
"2019/10/02";269,4164;"UVR_Unidad de valor real"
"2019/10/03";269,4245;"UVR_Unidad de valor real"
"2019/10/04";269,4326;"UVR_Unidad de valor real"
"2019/10/05";269,4406;"UVR_Unidad de valor real"
"2019/10/06";269,4487;"UVR_Unidad de valor real"
"2019/10/07";269,4568;"UVR_Unidad de valor real"
"2019/10/08";269,4649;"UVR_Unidad de valor real"
"2019/10/09";269,473;"UVR_Unidad de valor real"
"2019/10/10";269,481;"UVR_Unidad de valor real"
"2019/10/11";269,4891;"UVR_Unidad de valor real"
"2019/10/12";269,4972;"UVR_Unidad de valor real"
"2019/10/13";269,5053;"UVR_Unidad de valor real"
"2019/10/14";269,5134;"UVR_Unidad de valor real"
"2019/10/15";269,5215;"UVR_Unidad de valor real"
"2019/10/16";269,5415;"UVR_Unidad de valor real"
"2019/10/17";269,5615;"UVR_Unidad de valor real"
"2019/10/18";269,5814;"UVR_Unidad de valor real"
"2019/10/19";269,6014;"UVR_Unidad de valor real"
"2019/10/20";269,6214;"UVR_Unidad de valor real"
"2019/10/21";269,6414;"UVR_Unidad de valor real"
"2019/10/22";269,6614;"UVR_Unidad de valor real"
"2019/10/23";269,6813;"UVR_Unidad de valor real"
"2019/10/24";269,7013;"UVR_Unidad de valor real"
"2019/10/25";269,7213;"UVR_Unidad de valor real"
"2019/10/26";269,7413;"UVR_Unidad de valor real"
"2019/10/27";269,7613;"UVR_Unidad de valor real"
"2019/10/28";269,7813;"UVR_Unidad de valor real"
"2019/10/29";269,8013;"UVR_Unidad de valor real"
"2019/10/30";269,8213;"UVR_Unidad de valor real"
"2019/10/31";269,8413;"UVR_Unidad de valor real"
"2019/11/01";269,8613;"UVR_Unidad de valor real"
"2019/11/02";269,8813;"UVR_Unidad de valor real"
"2019/11/03";269,9013;"UVR_Unidad de valor real"
"2019/11/04";269,9213;"UVR_Unidad de valor real"
"2019/11/05";269,9413;"UVR_Unidad de valor real"
"2019/11/06";269,9613;"UVR_Unidad de valor real"
"2019/11/07";269,9813;"UVR_Unidad de valor real"
"2019/11/08";270,0013;"UVR_Unidad de valor real"
"2019/11/09";270,0213;"UVR_Unidad de valor real"
"2019/11/10";270,0413;"UVR_Unidad de valor real"
"2019/11/11";270,0613;"UVR_Unidad de valor real"
"2019/11/12";270,0813;"UVR_Unidad de valor real"
"2019/11/13";270,1014;"UVR_Unidad de valor real"
"2019/11/14";270,1214;"UVR_Unidad de valor real"
"2019/11/15";270,1414;"UVR_Unidad de valor real"
"2019/11/16";270,1558;"UVR_Unidad de valor real"
"2019/11/17";270,1702;"UVR_Unidad de valor real"
"2019/11/18";270,1846;"UVR_Unidad de valor real"
"2019/11/19";270,199;"UVR_Unidad de valor real"
"2019/11/20";270,2134;"UVR_Unidad de valor real"
"2019/11/21";270,2278;"UVR_Unidad de valor real"
"2019/11/22";270,2422;"UVR_Unidad de valor real"
"2019/11/23";270,2566;"UVR_Unidad de valor real"
"2019/11/24";270,271;"UVR_Unidad de valor real"
"2019/11/25";270,2854;"UVR_Unidad de valor real"
"2019/11/26";270,2998;"UVR_Unidad de valor real"
"2019/11/27";270,3142;"UVR_Unidad de valor real"
"2019/11/28";270,3286;"UVR_Unidad de valor real"
"2019/11/29";270,343;"UVR_Unidad de valor real"
"2019/11/30";270,3574;"UVR_Unidad de valor real"
"2019/12/01";270,3718;"UVR_Unidad de valor real"
"2019/12/02";270,3862;"UVR_Unidad de valor real"
"2019/12/03";270,4007;"UVR_Unidad de valor real"
"2019/12/04";270,4151;"UVR_Unidad de valor real"
"2019/12/05";270,4295;"UVR_Unidad de valor real"
"2019/12/06";270,4439;"UVR_Unidad de valor real"
"2019/12/07";270,4583;"UVR_Unidad de valor real"
"2019/12/08";270,4727;"UVR_Unidad de valor real"
"2019/12/09";270,4871;"UVR_Unidad de valor real"
"2019/12/10";270,5015;"UVR_Unidad de valor real"
"2019/12/11";270,516;"UVR_Unidad de valor real"
"2019/12/12";270,5304;"UVR_Unidad de valor real"
"2019/12/13";270,5448;"UVR_Unidad de valor real"
"2019/12/14";270,5592;"UVR_Unidad de valor real"
"2019/12/15";270,5736;"UVR_Unidad de valor real"
"2019/12/16";270,5823;"UVR_Unidad de valor real"
"2019/12/17";270,591;"UVR_Unidad de valor real"
"2019/12/18";270,5998;"UVR_Unidad de valor real"
"2019/12/19";270,6085;"UVR_Unidad de valor real"
"2019/12/20";270,6172;"UVR_Unidad de valor real"
"2019/12/21";270,6259;"UVR_Unidad de valor real"
"2019/12/22";270,6347;"UVR_Unidad de valor real"
"2019/12/23";270,6434;"UVR_Unidad de valor real"
"2019/12/24";270,6521;"UVR_Unidad de valor real"
"2019/12/25";270,6609;"UVR_Unidad de valor real"
"2019/12/26";270,6696;"UVR_Unidad de valor real"
"2019/12/27";270,6783;"UVR_Unidad de valor real"
"2019/12/28";270,687;"UVR_Unidad de valor real"
"2019/12/29";270,6958;"UVR_Unidad de valor real"
"2019/12/30";270,7045;"UVR_Unidad de valor real"
"2019/12/31";270,7132;"UVR_Unidad de valor real"
"2020/01/01";270,7219;"UVR_Unidad de valor real"
"2020/01/02";270,7307;"UVR_Unidad de valor real"
"2020/01/03";270,7394;"UVR_Unidad de valor real"
"2020/01/04";270,7481;"UVR_Unidad de valor real"
"2020/01/05";270,7569;"UVR_Unidad de valor real"
"2020/01/06";270,7656;"UVR_Unidad de valor real"
"2020/01/07";270,7743;"UVR_Unidad de valor real"
"2020/01/08";270,7831;"UVR_Unidad de valor real"
"2020/01/09";270,7918;"UVR_Unidad de valor real"
"2020/01/10";270,8005;"UVR_Unidad de valor real"
"2020/01/11";270,8092;"UVR_Unidad de valor real"
"2020/01/12";270,818;"UVR_Unidad de valor real"
"2020/01/13";270,8267;"UVR_Unidad de valor real"
"2020/01/14";270,8354;"UVR_Unidad de valor real"
"2020/01/15";270,8442;"UVR_Unidad de valor real"
"2020/01/16";270,8669;"UVR_Unidad de valor real"
"2020/01/17";270,8896;"UVR_Unidad de valor real"
"2020/01/18";270,9123;"UVR_Unidad de valor real"
"2020/01/19";270,935;"UVR_Unidad de valor real"
"2020/01/20";270,9577;"UVR_Unidad de valor real"
"2020/01/21";270,9804;"UVR_Unidad de valor real"
"2020/01/22";271,0031;"UVR_Unidad de valor real"
"2020/01/23";271,0258;"UVR_Unidad de valor real"
"2020/01/24";271,0485;"UVR_Unidad de valor real"
"2020/01/25";271,0712;"UVR_Unidad de valor real"
"2020/01/26";271,0939;"UVR_Unidad de valor real"
"2020/01/27";271,1166;"UVR_Unidad de valor real"
"2020/01/28";271,1393;"UVR_Unidad de valor real"
"2020/01/29";271,162;"UVR_Unidad de valor real"
"2020/01/30";271,1847;"UVR_Unidad de valor real"
"2020/01/31";271,2074;"UVR_Unidad de valor real"
"2020/02/01";271,2301;"UVR_Unidad de valor real"
"2020/02/02";271,2529;"UVR_Unidad de valor real"
"2020/02/03";271,2756;"UVR_Unidad de valor real"
"2020/02/04";271,2983;"UVR_Unidad de valor real"
"2020/02/05";271,321;"UVR_Unidad de valor real"
"2020/02/06";271,3438;"UVR_Unidad de valor real"
"2020/02/07";271,3665;"UVR_Unidad de valor real"
"2020/02/08";271,3892;"UVR_Unidad de valor real"
"2020/02/09";271,412;"UVR_Unidad de valor real"
"2020/02/10";271,4347;"UVR_Unidad de valor real"
"2020/02/11";271,4574;"UVR_Unidad de valor real"
"2020/02/12";271,4802;"UVR_Unidad de valor real"
"2020/02/13";271,5029;"UVR_Unidad de valor real"
"2020/02/14";271,5257;"UVR_Unidad de valor real"
"2020/02/15";271,5484;"UVR_Unidad de valor real"
"2020/02/16";271,5876;"UVR_Unidad de valor real"
"2020/02/17";271,6269;"UVR_Unidad de valor real"
"2020/02/18";271,6662;"UVR_Unidad de valor real"
"2020/02/19";271,7054;"UVR_Unidad de valor real"
"2020/02/20";271,7447;"UVR_Unidad de valor real"
"2020/02/21";271,784;"UVR_Unidad de valor real"
"2020/02/22";271,8233;"UVR_Unidad de valor real"
"2020/02/23";271,8625;"UVR_Unidad de valor real"
"2020/02/24";271,9018;"UVR_Unidad de valor real"
"2020/02/25";271,9411;"UVR_Unidad de valor real"
"2020/02/26";271,9804;"UVR_Unidad de valor real"
"2020/02/27";272,0198;"UVR_Unidad de valor real"
"2020/02/28";272,0591;"UVR_Unidad de valor real"
"2020/02/29";272,0984;"UVR_Unidad de valor real"
"2020/03/01";272,1377;"UVR_Unidad de valor real"
"2020/03/02";272,1771;"UVR_Unidad de valor real"
"2020/03/03";272,2164;"UVR_Unidad de valor real"
"2020/03/04";272,2557;"UVR_Unidad de valor real"
"2020/03/05";272,2951;"UVR_Unidad de valor real"
"2020/03/06";272,3344;"UVR_Unidad de valor real"
"2020/03/07";272,3738;"UVR_Unidad de valor real"
"2020/03/08";272,4132;"UVR_Unidad de valor real"
"2020/03/09";272,4525;"UVR_Unidad de valor real"
"2020/03/10";272,4919;"UVR_Unidad de valor real"
"2020/03/11";272,5313;"UVR_Unidad de valor real"
"2020/03/12";272,5707;"UVR_Unidad de valor real"
"2020/03/13";272,6101;"UVR_Unidad de valor real"
"2020/03/14";272,6495;"UVR_Unidad de valor real"
"2020/03/15";272,6889;"UVR_Unidad de valor real"
"2020/03/16";272,7476;"UVR_Unidad de valor real"
"2020/03/17";272,8064;"UVR_Unidad de valor real"
"2020/03/18";272,8652;"UVR_Unidad de valor real"
"2020/03/19";272,924;"UVR_Unidad de valor real"
"2020/03/20";272,9828;"UVR_Unidad de valor real"
"2020/03/21";273,0416;"UVR_Unidad de valor real"
"2020/03/22";273,1004;"UVR_Unidad de valor real"
"2020/03/23";273,1592;"UVR_Unidad de valor real"
"2020/03/24";273,2181;"UVR_Unidad de valor real"
"2020/03/25";273,2769;"UVR_Unidad de valor real"
"2020/03/26";273,3358;"UVR_Unidad de valor real"
"2020/03/27";273,3947;"UVR_Unidad de valor real"
"2020/03/28";273,4536;"UVR_Unidad de valor real"
"2020/03/29";273,5125;"UVR_Unidad de valor real"
"2020/03/30";273,5714;"UVR_Unidad de valor real"
"2020/03/31";273,6304;"UVR_Unidad de valor real"
"2020/04/01";273,6893;"UVR_Unidad de valor real"
"2020/04/02";273,7483;"UVR_Unidad de valor real"
"2020/04/03";273,8072;"UVR_Unidad de valor real"
"2020/04/04";273,8662;"UVR_Unidad de valor real"
"2020/04/05";273,9252;"UVR_Unidad de valor real"
"2020/04/06";273,9842;"UVR_Unidad de valor real"
"2020/04/07";274,0433;"UVR_Unidad de valor real"
"2020/04/08";274,1023;"UVR_Unidad de valor real"
"2020/04/09";274,1613;"UVR_Unidad de valor real"
"2020/04/10";274,2204;"UVR_Unidad de valor real"
"2020/04/11";274,2795;"UVR_Unidad de valor real"
"2020/04/12";274,3386;"UVR_Unidad de valor real"
"2020/04/13";274,3977;"UVR_Unidad de valor real"
"2020/04/14";274,4568;"UVR_Unidad de valor real"
"2020/04/15";274,5159;"UVR_Unidad de valor real"
"2020/04/16";274,5679;"UVR_Unidad de valor real"
"2020/04/17";274,6199;"UVR_Unidad de valor real"
"2020/04/18";274,672;"UVR_Unidad de valor real"
"2020/04/19";274,724;"UVR_Unidad de valor real"
"2020/04/20";274,7761;"UVR_Unidad de valor real"
"2020/04/21";274,8281;"UVR_Unidad de valor real"
"2020/04/22";274,8802;"UVR_Unidad de valor real"
"2020/04/23";274,9323;"UVR_Unidad de valor real"
"2020/04/24";274,9844;"UVR_Unidad de valor real"
"2020/04/25";275,0365;"UVR_Unidad de valor real"
"2020/04/26";275,0886;"UVR_Unidad de valor real"
"2020/04/27";275,1407;"UVR_Unidad de valor real"
"2020/04/28";275,1929;"UVR_Unidad de valor real"
"2020/04/29";275,245;"UVR_Unidad de valor real"
"2020/04/30";275,2972;"UVR_Unidad de valor real"
"2020/05/01";275,3493;"UVR_Unidad de valor real"
"2020/05/02";275,4015;"UVR_Unidad de valor real"
"2020/05/03";275,4537;"UVR_Unidad de valor real"
"2020/05/04";275,5059;"UVR_Unidad de valor real"
"2020/05/05";275,5581;"UVR_Unidad de valor real"
"2020/05/06";275,6103;"UVR_Unidad de valor real"
"2020/05/07";275,6625;"UVR_Unidad de valor real"
"2020/05/08";275,7147;"UVR_Unidad de valor real"
"2020/05/09";275,767;"UVR_Unidad de valor real"
"2020/05/10";275,8192;"UVR_Unidad de valor real"
"2020/05/11";275,8715;"UVR_Unidad de valor real"
"2020/05/12";275,9238;"UVR_Unidad de valor real"
"2020/05/13";275,976;"UVR_Unidad de valor real"
"2020/05/14";276,0283;"UVR_Unidad de valor real"
"2020/05/15";276,0806;"UVR_Unidad de valor real"
"2020/05/16";276,0948;"UVR_Unidad de valor real"
"2020/05/17";276,1091;"UVR_Unidad de valor real"
"2020/05/18";276,1233;"UVR_Unidad de valor real"
"2020/05/19";276,1376;"UVR_Unidad de valor real"
"2020/05/20";276,1518;"UVR_Unidad de valor real"
"2020/05/21";276,166;"UVR_Unidad de valor real"
"2020/05/22";276,1803;"UVR_Unidad de valor real"
"2020/05/23";276,1945;"UVR_Unidad de valor real"
"2020/05/24";276,2088;"UVR_Unidad de valor real"
"2020/05/25";276,223;"UVR_Unidad de valor real"
"2020/05/26";276,2373;"UVR_Unidad de valor real"
"2020/05/27";276,2515;"UVR_Unidad de valor real"
"2020/05/28";276,2658;"UVR_Unidad de valor real"
"2020/05/29";276,28;"UVR_Unidad de valor real"
"2020/05/30";276,2943;"UVR_Unidad de valor real"
"2020/05/31";276,3085;"UVR_Unidad de valor real"
"2020/06/01";276,3228;"UVR_Unidad de valor real"
"2020/06/02";276,337;"UVR_Unidad de valor real"
"2020/06/03";276,3513;"UVR_Unidad de valor real"
"2020/06/04";276,3655;"UVR_Unidad de valor real"
"2020/06/05";276,3798;"UVR_Unidad de valor real"
"2020/06/06";276,394;"UVR_Unidad de valor real"
"2020/06/07";276,4083;"UVR_Unidad de valor real"
"2020/06/08";276,4225;"UVR_Unidad de valor real"
"2020/06/09";276,4368;"UVR_Unidad de valor real"
"2020/06/10";276,451;"UVR_Unidad de valor real"
"2020/06/11";276,4653;"UVR_Unidad de valor real"
"2020/06/12";276,4796;"UVR_Unidad de valor real"
"2020/06/13";276,4938;"UVR_Unidad de valor real"
"2020/06/14";276,5081;"UVR_Unidad de valor real"
"2020/06/15";276,5223;"UVR_Unidad de valor real"
"2020/06/16";276,4928;"UVR_Unidad de valor real"
"2020/06/17";276,4632;"UVR_Unidad de valor real"
"2020/06/18";276,4337;"UVR_Unidad de valor real"
"2020/06/19";276,4042;"UVR_Unidad de valor real"
"2020/06/20";276,3746;"UVR_Unidad de valor real"
"2020/06/21";276,3451;"UVR_Unidad de valor real"
"2020/06/22";276,3156;"UVR_Unidad de valor real"
"2020/06/23";276,2861;"UVR_Unidad de valor real"
"2020/06/24";276,2565;"UVR_Unidad de valor real"
"2020/06/25";276,227;"UVR_Unidad de valor real"
"2020/06/26";276,1975;"UVR_Unidad de valor real"
"2020/06/27";276,168;"UVR_Unidad de valor real"
"2020/06/28";276,1385;"UVR_Unidad de valor real"
"2020/06/29";276,109;"UVR_Unidad de valor real"
"2020/06/30";276,0795;"UVR_Unidad de valor real"
"2020/07/01";276,05;"UVR_Unidad de valor real"
"2020/07/02";276,0205;"UVR_Unidad de valor real"
"2020/07/03";275,991;"UVR_Unidad de valor real"
"2020/07/04";275,9616;"UVR_Unidad de valor real"
"2020/07/05";275,9321;"UVR_Unidad de valor real"
"2020/07/06";275,9026;"UVR_Unidad de valor real"
"2020/07/07";275,8731;"UVR_Unidad de valor real"
"2020/07/08";275,8436;"UVR_Unidad de valor real"
"2020/07/09";275,8142;"UVR_Unidad de valor real"
"2020/07/10";275,7847;"UVR_Unidad de valor real"
"2020/07/11";275,7552;"UVR_Unidad de valor real"
"2020/07/12";275,7258;"UVR_Unidad de valor real"
"2020/07/13";275,6963;"UVR_Unidad de valor real"
"2020/07/14";275,6669;"UVR_Unidad de valor real"
"2020/07/15";275,6374;"UVR_Unidad de valor real"
"2020/07/16";275,6035;"UVR_Unidad de valor real"
"2020/07/17";275,5697;"UVR_Unidad de valor real"
"2020/07/18";275,5359;"UVR_Unidad de valor real"
"2020/07/19";275,502;"UVR_Unidad de valor real"
"2020/07/20";275,4682;"UVR_Unidad de valor real"
"2020/07/21";275,4344;"UVR_Unidad de valor real"
"2020/07/22";275,4005;"UVR_Unidad de valor real"
"2020/07/23";275,3667;"UVR_Unidad de valor real"
"2020/07/24";275,3329;"UVR_Unidad de valor real"
"2020/07/25";275,2991;"UVR_Unidad de valor real"
"2020/07/26";275,2653;"UVR_Unidad de valor real"
"2020/07/27";275,2315;"UVR_Unidad de valor real"
"2020/07/28";275,1977;"UVR_Unidad de valor real"
"2020/07/29";275,1639;"UVR_Unidad de valor real"
"2020/07/30";275,1301;"UVR_Unidad de valor real"
"2020/07/31";275,0963;"UVR_Unidad de valor real"
"2020/08/01";275,0625;"UVR_Unidad de valor real"
"2020/08/02";275,0287;"UVR_Unidad de valor real"
"2020/08/03";274,995;"UVR_Unidad de valor real"
"2020/08/04";274,9612;"UVR_Unidad de valor real"
"2020/08/05";274,9274;"UVR_Unidad de valor real"
"2020/08/06";274,8937;"UVR_Unidad de valor real"
"2020/08/07";274,8599;"UVR_Unidad de valor real"
"2020/08/08";274,8261;"UVR_Unidad de valor real"
"2020/08/09";274,7924;"UVR_Unidad de valor real"
"2020/08/10";274,7586;"UVR_Unidad de valor real"
"2020/08/11";274,7249;"UVR_Unidad de valor real"
"2020/08/12";274,6912;"UVR_Unidad de valor real"
"2020/08/13";274,6574;"UVR_Unidad de valor real"
"2020/08/14";274,6237;"UVR_Unidad de valor real"
"2020/08/15";274,59;"UVR_Unidad de valor real"
"2020/08/16";274,59;"UVR_Unidad de valor real"
"2020/08/17";274,59;"UVR_Unidad de valor real"
"2020/08/18";274,59;"UVR_Unidad de valor real"
"2020/08/19";274,59;"UVR_Unidad de valor real"
"2020/08/20";274,59;"UVR_Unidad de valor real"
"2020/08/21";274,59;"UVR_Unidad de valor real"
"2020/08/22";274,59;"UVR_Unidad de valor real"
"2020/08/23";274,59;"UVR_Unidad de valor real"
"2020/08/24";274,59;"UVR_Unidad de valor real"
"2020/08/25";274,59;"UVR_Unidad de valor real"
"2020/08/26";274,59;"UVR_Unidad de valor real"
"2020/08/27";274,59;"UVR_Unidad de valor real"
"2020/08/28";274,59;"UVR_Unidad de valor real"
"2020/08/29";274,59;"UVR_Unidad de valor real"
"2020/08/30";274,59;"UVR_Unidad de valor real"
"2020/08/31";274,59;"UVR_Unidad de valor real"
"2020/09/01";274,59;"UVR_Unidad de valor real"
"2020/09/02";274,59;"UVR_Unidad de valor real"
"2020/09/03";274,59;"UVR_Unidad de valor real"
"2020/09/04";274,59;"UVR_Unidad de valor real"
"2020/09/05";274,59;"UVR_Unidad de valor real"
"2020/09/06";274,59;"UVR_Unidad de valor real"
"2020/09/07";274,59;"UVR_Unidad de valor real"
"2020/09/08";274,59;"UVR_Unidad de valor real"
"2020/09/09";274,59;"UVR_Unidad de valor real"
"2020/09/10";274,59;"UVR_Unidad de valor real"
"2020/09/11";274,59;"UVR_Unidad de valor real"
"2020/09/12";274,59;"UVR_Unidad de valor real"
"2020/09/13";274,59;"UVR_Unidad de valor real"
"2020/09/14";274,59;"UVR_Unidad de valor real"
"2020/09/15";274,59;"UVR_Unidad de valor real"
"2020/09/16";274,5891;"UVR_Unidad de valor real"
"2020/09/17";274,5882;"UVR_Unidad de valor real"
"2020/09/18";274,5873;"UVR_Unidad de valor real"
"2020/09/19";274,5863;"UVR_Unidad de valor real"
"2020/09/20";274,5854;"UVR_Unidad de valor real"
"2020/09/21";274,5845;"UVR_Unidad de valor real"
"2020/09/22";274,5836;"UVR_Unidad de valor real"
"2020/09/23";274,5827;"UVR_Unidad de valor real"
"2020/09/24";274,5818;"UVR_Unidad de valor real"
"2020/09/25";274,5808;"UVR_Unidad de valor real"
"2020/09/26";274,5799;"UVR_Unidad de valor real"
"2020/09/27";274,579;"UVR_Unidad de valor real"
"2020/09/28";274,5781;"UVR_Unidad de valor real"
"2020/09/29";274,5772;"UVR_Unidad de valor real"
"2020/09/30";274,5763;"UVR_Unidad de valor real"
"2020/10/01";274,5754;"UVR_Unidad de valor real"
"2020/10/02";274,5744;"UVR_Unidad de valor real"
"2020/10/03";274,5735;"UVR_Unidad de valor real"
"2020/10/04";274,5726;"UVR_Unidad de valor real"
"2020/10/05";274,5717;"UVR_Unidad de valor real"
"2020/10/06";274,5708;"UVR_Unidad de valor real"
"2020/10/07";274,5699;"UVR_Unidad de valor real"
"2020/10/08";274,5689;"UVR_Unidad de valor real"
"2020/10/09";274,568;"UVR_Unidad de valor real"
"2020/10/10";274,5671;"UVR_Unidad de valor real"
"2020/10/11";274,5662;"UVR_Unidad de valor real"
"2020/10/12";274,5653;"UVR_Unidad de valor real"
"2020/10/13";274,5644;"UVR_Unidad de valor real"
"2020/10/14";274,5635;"UVR_Unidad de valor real"
"2020/10/15";274,5625;"UVR_Unidad de valor real"
"2020/10/16";274,5908;"UVR_Unidad de valor real"
"2020/10/17";274,6191;"UVR_Unidad de valor real"
"2020/10/18";274,6474;"UVR_Unidad de valor real"
"2020/10/19";274,6757;"UVR_Unidad de valor real"
"2020/10/20";274,704;"UVR_Unidad de valor real"
"2020/10/21";274,7323;"UVR_Unidad de valor real"
"2020/10/22";274,7606;"UVR_Unidad de valor real"
"2020/10/23";274,789;"UVR_Unidad de valor real"
"2020/10/24";274,8173;"UVR_Unidad de valor real"
"2020/10/25";274,8456;"UVR_Unidad de valor real"
"2020/10/26";274,8739;"UVR_Unidad de valor real"
"2020/10/27";274,9023;"UVR_Unidad de valor real"
"2020/10/28";274,9306;"UVR_Unidad de valor real"
"2020/10/29";274,9589;"UVR_Unidad de valor real"
"2020/10/30";274,9873;"UVR_Unidad de valor real"
"2020/10/31";275,0156;"UVR_Unidad de valor real"
"2020/11/01";275,044;"UVR_Unidad de valor real"
"2020/11/02";275,0723;"UVR_Unidad de valor real"
"2020/11/03";275,1007;"UVR_Unidad de valor real"
"2020/11/04";275,129;"UVR_Unidad de valor real"
"2020/11/05";275,1574;"UVR_Unidad de valor real"
"2020/11/06";275,1857;"UVR_Unidad de valor real"
"2020/11/07";275,2141;"UVR_Unidad de valor real"
"2020/11/08";275,2425;"UVR_Unidad de valor real"
"2020/11/09";275,2708;"UVR_Unidad de valor real"
"2020/11/10";275,2992;"UVR_Unidad de valor real"
"2020/11/11";275,3276;"UVR_Unidad de valor real"
"2020/11/12";275,356;"UVR_Unidad de valor real"
"2020/11/13";275,3843;"UVR_Unidad de valor real"
"2020/11/14";275,4127;"UVR_Unidad de valor real"
"2020/11/15";275,4411;"UVR_Unidad de valor real"
"2020/11/16";275,4356;"UVR_Unidad de valor real"
"2020/11/17";275,4301;"UVR_Unidad de valor real"
"2020/11/18";275,4246;"UVR_Unidad de valor real"
"2020/11/19";275,4191;"UVR_Unidad de valor real"
"2020/11/20";275,4135;"UVR_Unidad de valor real"
"2020/11/21";275,408;"UVR_Unidad de valor real"
"2020/11/22";275,4025;"UVR_Unidad de valor real"
"2020/11/23";275,397;"UVR_Unidad de valor real"
"2020/11/24";275,3915;"UVR_Unidad de valor real"
"2020/11/25";275,386;"UVR_Unidad de valor real"
"2020/11/26";275,3805;"UVR_Unidad de valor real"
"2020/11/27";275,375;"UVR_Unidad de valor real"
"2020/11/28";275,3695;"UVR_Unidad de valor real"
"2020/11/29";275,364;"UVR_Unidad de valor real"
"2020/11/30";275,3585;"UVR_Unidad de valor real"
"2020/12/01";275,3529;"UVR_Unidad de valor real"
"2020/12/02";275,3474;"UVR_Unidad de valor real"
"2020/12/03";275,3419;"UVR_Unidad de valor real"
"2020/12/04";275,3364;"UVR_Unidad de valor real"
"2020/12/05";275,3309;"UVR_Unidad de valor real"
"2020/12/06";275,3254;"UVR_Unidad de valor real"
"2020/12/07";275,3199;"UVR_Unidad de valor real"
"2020/12/08";275,3144;"UVR_Unidad de valor real"
"2020/12/09";275,3089;"UVR_Unidad de valor real"
"2020/12/10";275,3034;"UVR_Unidad de valor real"
"2020/12/11";275,2979;"UVR_Unidad de valor real"
"2020/12/12";275,2924;"UVR_Unidad de valor real"
"2020/12/13";275,2868;"UVR_Unidad de valor real"
"2020/12/14";275,2813;"UVR_Unidad de valor real"
"2020/12/15";275,2758;"UVR_Unidad de valor real"
"2020/12/16";275,2625;"UVR_Unidad de valor real"
"2020/12/17";275,2491;"UVR_Unidad de valor real"
"2020/12/18";275,2358;"UVR_Unidad de valor real"
"2020/12/19";275,2225;"UVR_Unidad de valor real"
"2020/12/20";275,2092;"UVR_Unidad de valor real"
"2020/12/21";275,1958;"UVR_Unidad de valor real"
"2020/12/22";275,1825;"UVR_Unidad de valor real"
"2020/12/23";275,1692;"UVR_Unidad de valor real"
"2020/12/24";275,1559;"UVR_Unidad de valor real"
"2020/12/25";275,1425;"UVR_Unidad de valor real"
"2020/12/26";275,1292;"UVR_Unidad de valor real"
"2020/12/27";275,1159;"UVR_Unidad de valor real"
"2020/12/28";275,1026;"UVR_Unidad de valor real"
"2020/12/29";275,0892;"UVR_Unidad de valor real"
"2020/12/30";275,0759;"UVR_Unidad de valor real"
"2020/12/31";275,0626;"UVR_Unidad de valor real"
"2021/01/01";275,0493;"UVR_Unidad de valor real"
"2021/01/02";275,036;"UVR_Unidad de valor real"
"2021/01/03";275,0227;"UVR_Unidad de valor real"
"2021/01/04";275,0093;"UVR_Unidad de valor real"
"2021/01/05";274,996;"UVR_Unidad de valor real"
"2021/01/06";274,9827;"UVR_Unidad de valor real"
"2021/01/07";274,9694;"UVR_Unidad de valor real"
"2021/01/08";274,9561;"UVR_Unidad de valor real"
"2021/01/09";274,9428;"UVR_Unidad de valor real"
"2021/01/10";274,9294;"UVR_Unidad de valor real"
"2021/01/11";274,9161;"UVR_Unidad de valor real"
"2021/01/12";274,9028;"UVR_Unidad de valor real"
"2021/01/13";274,8895;"UVR_Unidad de valor real"
"2021/01/14";274,8762;"UVR_Unidad de valor real"
"2021/01/15";274,8629;"UVR_Unidad de valor real"
"2021/01/16";274,8965;"UVR_Unidad de valor real"
"2021/01/17";274,9302;"UVR_Unidad de valor real"
"2021/01/18";274,9638;"UVR_Unidad de valor real"
"2021/01/19";274,9974;"UVR_Unidad de valor real"
"2021/01/20";275,0311;"UVR_Unidad de valor real"
"2021/01/21";275,0647;"UVR_Unidad de valor real"
"2021/01/22";275,0984;"UVR_Unidad de valor real"
"2021/01/23";275,1321;"UVR_Unidad de valor real"
"2021/01/24";275,1657;"UVR_Unidad de valor real"
"2021/01/25";275,1994;"UVR_Unidad de valor real"
"2021/01/26";275,2331;"UVR_Unidad de valor real"
"2021/01/27";275,2667;"UVR_Unidad de valor real"
"2021/01/28";275,3004;"UVR_Unidad de valor real"
"2021/01/29";275,3341;"UVR_Unidad de valor real"
"2021/01/30";275,3678;"UVR_Unidad de valor real"
"2021/01/31";275,4015;"UVR_Unidad de valor real"
"2021/02/01";275,4352;"UVR_Unidad de valor real"
"2021/02/02";275,4689;"UVR_Unidad de valor real"
"2021/02/03";275,5026;"UVR_Unidad de valor real"
"2021/02/04";275,5363;"UVR_Unidad de valor real"
"2021/02/05";275,57;"UVR_Unidad de valor real"
"2021/02/06";275,6037;"UVR_Unidad de valor real"
"2021/02/07";275,6375;"UVR_Unidad de valor real"
"2021/02/08";275,6712;"UVR_Unidad de valor real"
"2021/02/09";275,7049;"UVR_Unidad de valor real"
"2021/02/10";275,7386;"UVR_Unidad de valor real"
"2021/02/11";275,7724;"UVR_Unidad de valor real"
"2021/02/12";275,8061;"UVR_Unidad de valor real"
"2021/02/13";275,8399;"UVR_Unidad de valor real"
"2021/02/14";275,8736;"UVR_Unidad de valor real"
"2021/02/15";275,9074;"UVR_Unidad de valor real"
"2021/02/16";275,9477;"UVR_Unidad de valor real"
"2021/02/17";275,988;"UVR_Unidad de valor real"
"2021/02/18";276,0284;"UVR_Unidad de valor real"
"2021/02/19";276,0687;"UVR_Unidad de valor real"
"2021/02/20";276,1091;"UVR_Unidad de valor real"
"2021/02/21";276,1494;"UVR_Unidad de valor real"
"2021/02/22";276,1898;"UVR_Unidad de valor real"
"2021/02/23";276,2301;"UVR_Unidad de valor real"
"2021/02/24";276,2705;"UVR_Unidad de valor real"
"2021/02/25";276,3109;"UVR_Unidad de valor real"
"2021/02/26";276,3513;"UVR_Unidad de valor real"
"2021/02/27";276,3916;"UVR_Unidad de valor real"
"2021/02/28";276,432;"UVR_Unidad de valor real"
"2021/03/01";276,4724;"UVR_Unidad de valor real"
"2021/03/02";276,5128;"UVR_Unidad de valor real"
"2021/03/03";276,5532;"UVR_Unidad de valor real"
"2021/03/04";276,5937;"UVR_Unidad de valor real"
"2021/03/05";276,6341;"UVR_Unidad de valor real"
"2021/03/06";276,6745;"UVR_Unidad de valor real"
"2021/03/07";276,7149;"UVR_Unidad de valor real"
"2021/03/08";276,7554;"UVR_Unidad de valor real"
"2021/03/09";276,7958;"UVR_Unidad de valor real"
"2021/03/10";276,8363;"UVR_Unidad de valor real"
"2021/03/11";276,8767;"UVR_Unidad de valor real"
"2021/03/12";276,9172;"UVR_Unidad de valor real"
"2021/03/13";276,9577;"UVR_Unidad de valor real"
"2021/03/14";276,9981;"UVR_Unidad de valor real"
"2021/03/15";277,0386;"UVR_Unidad de valor real"
"2021/03/16";277,0956;"UVR_Unidad de valor real"
"2021/03/17";277,1526;"UVR_Unidad de valor real"
"2021/03/18";277,2097;"UVR_Unidad de valor real"
"2021/03/19";277,2667;"UVR_Unidad de valor real"
"2021/03/20";277,3238;"UVR_Unidad de valor real"
"2021/03/21";277,3809;"UVR_Unidad de valor real"
"2021/03/22";277,438;"UVR_Unidad de valor real"
"2021/03/23";277,4951;"UVR_Unidad de valor real"
"2021/03/24";277,5522;"UVR_Unidad de valor real"
"2021/03/25";277,6093;"UVR_Unidad de valor real"
"2021/03/26";277,6665;"UVR_Unidad de valor real"
"2021/03/27";277,7236;"UVR_Unidad de valor real"
"2021/03/28";277,7808;"UVR_Unidad de valor real"
"2021/03/29";277,8379;"UVR_Unidad de valor real"
"2021/03/30";277,8951;"UVR_Unidad de valor real"
"2021/03/31";277,9523;"UVR_Unidad de valor real"
"2021/04/01";278,0095;"UVR_Unidad de valor real"
"2021/04/02";278,0667;"UVR_Unidad de valor real"
"2021/04/03";278,124;"UVR_Unidad de valor real"
"2021/04/04";278,1812;"UVR_Unidad de valor real"
"2021/04/05";278,2385;"UVR_Unidad de valor real"
"2021/04/06";278,2957;"UVR_Unidad de valor real"
"2021/04/07";278,353;"UVR_Unidad de valor real"
"2021/04/08";278,4103;"UVR_Unidad de valor real"
"2021/04/09";278,4676;"UVR_Unidad de valor real"
"2021/04/10";278,5249;"UVR_Unidad de valor real"
"2021/04/11";278,5822;"UVR_Unidad de valor real"
"2021/04/12";278,6396;"UVR_Unidad de valor real"
"2021/04/13";278,6969;"UVR_Unidad de valor real"
"2021/04/14";278,7543;"UVR_Unidad de valor real"
"2021/04/15";278,8116;"UVR_Unidad de valor real"
"2021/04/16";278,8589;"UVR_Unidad de valor real"
"2021/04/17";278,9062;"UVR_Unidad de valor real"
"2021/04/18";278,9535;"UVR_Unidad de valor real"
"2021/04/19";279,0008;"UVR_Unidad de valor real"
"2021/04/20";279,0481;"UVR_Unidad de valor real"
"2021/04/21";279,0954;"UVR_Unidad de valor real"
"2021/04/22";279,1427;"UVR_Unidad de valor real"
"2021/04/23";279,1901;"UVR_Unidad de valor real"
"2021/04/24";279,2374;"UVR_Unidad de valor real"
"2021/04/25";279,2848;"UVR_Unidad de valor real"
"2021/04/26";279,3321;"UVR_Unidad de valor real"
"2021/04/27";279,3795;"UVR_Unidad de valor real"
"2021/04/28";279,4269;"UVR_Unidad de valor real"
"2021/04/29";279,4743;"UVR_Unidad de valor real"
"2021/04/30";279,5217;"UVR_Unidad de valor real"
"2021/05/01";279,5691;"UVR_Unidad de valor real"
"2021/05/02";279,6165;"UVR_Unidad de valor real"
"2021/05/03";279,6639;"UVR_Unidad de valor real"
"2021/05/04";279,7113;"UVR_Unidad de valor real"
"2021/05/05";279,7588;"UVR_Unidad de valor real"
"2021/05/06";279,8062;"UVR_Unidad de valor real"
"2021/05/07";279,8536;"UVR_Unidad de valor real"
"2021/05/08";279,9011;"UVR_Unidad de valor real"
"2021/05/09";279,9486;"UVR_Unidad de valor real"
"2021/05/10";279,996;"UVR_Unidad de valor real"
"2021/05/11";280,0435;"UVR_Unidad de valor real"
"2021/05/12";280,091;"UVR_Unidad de valor real"
"2021/05/13";280,1385;"UVR_Unidad de valor real"
"2021/05/14";280,186;"UVR_Unidad de valor real"
"2021/05/15";280,2335;"UVR_Unidad de valor real"
"2021/05/16";280,2867;"UVR_Unidad de valor real"
"2021/05/17";280,3399;"UVR_Unidad de valor real"
"2021/05/18";280,3931;"UVR_Unidad de valor real"
"2021/05/19";280,4463;"UVR_Unidad de valor real"
"2021/05/20";280,4995;"UVR_Unidad de valor real"
"2021/05/21";280,5527;"UVR_Unidad de valor real"
"2021/05/22";280,606;"UVR_Unidad de valor real"
"2021/05/23";280,6592;"UVR_Unidad de valor real"
"2021/05/24";280,7125;"UVR_Unidad de valor real"
"2021/05/25";280,7658;"UVR_Unidad de valor real"
"2021/05/26";280,8191;"UVR_Unidad de valor real"
"2021/05/27";280,8724;"UVR_Unidad de valor real"
"2021/05/28";280,9257;"UVR_Unidad de valor real"
"2021/05/29";280,979;"UVR_Unidad de valor real"
"2021/05/30";281,0323;"UVR_Unidad de valor real"
"2021/05/31";281,0856;"UVR_Unidad de valor real"
"2021/06/01";281,139;"UVR_Unidad de valor real"
"2021/06/02";281,1923;"UVR_Unidad de valor real"
"2021/06/03";281,2457;"UVR_Unidad de valor real"
"2021/06/04";281,2991;"UVR_Unidad de valor real"
"2021/06/05";281,3525;"UVR_Unidad de valor real"
"2021/06/06";281,4059;"UVR_Unidad de valor real"
"2021/06/07";281,4593;"UVR_Unidad de valor real"
"2021/06/08";281,5127;"UVR_Unidad de valor real"
"2021/06/09";281,5661;"UVR_Unidad de valor real"
"2021/06/10";281,6195;"UVR_Unidad de valor real"
"2021/06/11";281,673;"UVR_Unidad de valor real"
"2021/06/12";281,7264;"UVR_Unidad de valor real"
"2021/06/13";281,7799;"UVR_Unidad de valor real"
"2021/06/14";281,8334;"UVR_Unidad de valor real"
"2021/06/15";281,8869;"UVR_Unidad de valor real"
"2021/06/16";281,9804;"UVR_Unidad de valor real"
"2021/06/17";282,074;"UVR_Unidad de valor real"
"2021/06/18";282,1675;"UVR_Unidad de valor real"
"2021/06/19";282,2611;"UVR_Unidad de valor real"
"2021/06/20";282,3548;"UVR_Unidad de valor real"
"2021/06/21";282,4484;"UVR_Unidad de valor real"
"2021/06/22";282,5421;"UVR_Unidad de valor real"
"2021/06/23";282,6359;"UVR_Unidad de valor real"
"2021/06/24";282,7296;"UVR_Unidad de valor real"
"2021/06/25";282,8234;"UVR_Unidad de valor real"
"2021/06/26";282,9172;"UVR_Unidad de valor real"
"2021/06/27";283,0111;"UVR_Unidad de valor real"
"2021/06/28";283,105;"UVR_Unidad de valor real"
"2021/06/29";283,1989;"UVR_Unidad de valor real"
"2021/06/30";283,2928;"UVR_Unidad de valor real"
"2021/07/01";283,3868;"UVR_Unidad de valor real"
"2021/07/02";283,4808;"UVR_Unidad de valor real"
"2021/07/03";283,5749;"UVR_Unidad de valor real"
"2021/07/04";283,6689;"UVR_Unidad de valor real"
"2021/07/05";283,763;"UVR_Unidad de valor real"
"2021/07/06";283,8572;"UVR_Unidad de valor real"
"2021/07/07";283,9513;"UVR_Unidad de valor real"
"2021/07/08";284,0455;"UVR_Unidad de valor real"
"2021/07/09";284,1397;"UVR_Unidad de valor real"
"2021/07/10";284,234;"UVR_Unidad de valor real"
"2021/07/11";284,3283;"UVR_Unidad de valor real"
"2021/07/12";284,4226;"UVR_Unidad de valor real"
"2021/07/13";284,517;"UVR_Unidad de valor real"
"2021/07/14";284,6114;"UVR_Unidad de valor real"
"2021/07/15";284,7058;"UVR_Unidad de valor real"
"2021/07/16";284,7012;"UVR_Unidad de valor real"
"2021/07/17";284,6966;"UVR_Unidad de valor real"
"2021/07/18";284,692;"UVR_Unidad de valor real"
"2021/07/19";284,6874;"UVR_Unidad de valor real"
"2021/07/20";284,6828;"UVR_Unidad de valor real"
"2021/07/21";284,6782;"UVR_Unidad de valor real"
"2021/07/22";284,6736;"UVR_Unidad de valor real"
"2021/07/23";284,6691;"UVR_Unidad de valor real"
"2021/07/24";284,6645;"UVR_Unidad de valor real"
"2021/07/25";284,6599;"UVR_Unidad de valor real"
"2021/07/26";284,6553;"UVR_Unidad de valor real"
"2021/07/27";284,6507;"UVR_Unidad de valor real"
"2021/07/28";284,6461;"UVR_Unidad de valor real"
"2021/07/29";284,6415;"UVR_Unidad de valor real"
"2021/07/30";284,6369;"UVR_Unidad de valor real"
"2021/07/31";284,6323;"UVR_Unidad de valor real"
"2021/08/01";284,6277;"UVR_Unidad de valor real"
"2021/08/02";284,6231;"UVR_Unidad de valor real"
"2021/08/03";284,6185;"UVR_Unidad de valor real"
"2021/08/04";284,614;"UVR_Unidad de valor real"
"2021/08/05";284,6094;"UVR_Unidad de valor real"
"2021/08/06";284,6048;"UVR_Unidad de valor real"
"2021/08/07";284,6002;"UVR_Unidad de valor real"
"2021/08/08";284,5956;"UVR_Unidad de valor real"
"2021/08/09";284,591;"UVR_Unidad de valor real"
"2021/08/10";284,5864;"UVR_Unidad de valor real"
"2021/08/11";284,5818;"UVR_Unidad de valor real"
"2021/08/12";284,5772;"UVR_Unidad de valor real"
"2021/08/13";284,5726;"UVR_Unidad de valor real"
"2021/08/14";284,568;"UVR_Unidad de valor real"
"2021/08/15";284,5634;"UVR_Unidad de valor real"
"2021/08/16";284,5927;"UVR_Unidad de valor real"
"2021/08/17";284,6221;"UVR_Unidad de valor real"
"2021/08/18";284,6514;"UVR_Unidad de valor real"
"2021/08/19";284,6807;"UVR_Unidad de valor real"
"2021/08/20";284,7101;"UVR_Unidad de valor real"
"2021/08/21";284,7394;"UVR_Unidad de valor real"
"2021/08/22";284,7688;"UVR_Unidad de valor real"
"2021/08/23";284,7981;"UVR_Unidad de valor real"
"2021/08/24";284,8275;"UVR_Unidad de valor real"
"2021/08/25";284,8568;"UVR_Unidad de valor real"
"2021/08/26";284,8862;"UVR_Unidad de valor real"
"2021/08/27";284,9155;"UVR_Unidad de valor real"
"2021/08/28";284,9449;"UVR_Unidad de valor real"
"2021/08/29";284,9743;"UVR_Unidad de valor real"
"2021/08/30";285,0037;"UVR_Unidad de valor real"
"2021/08/31";285,033;"UVR_Unidad de valor real"
"2021/09/01";285,0624;"UVR_Unidad de valor real"
"2021/09/02";285,0918;"UVR_Unidad de valor real"
"2021/09/03";285,1212;"UVR_Unidad de valor real"
"2021/09/04";285,1506;"UVR_Unidad de valor real"
"2021/09/05";285,1799;"UVR_Unidad de valor real"
"2021/09/06";285,2093;"UVR_Unidad de valor real"
"2021/09/07";285,2387;"UVR_Unidad de valor real"
"2021/09/08";285,2681;"UVR_Unidad de valor real"
"2021/09/09";285,2975;"UVR_Unidad de valor real"
"2021/09/10";285,3269;"UVR_Unidad de valor real"
"2021/09/11";285,3563;"UVR_Unidad de valor real"
"2021/09/12";285,3858;"UVR_Unidad de valor real"
"2021/09/13";285,4152;"UVR_Unidad de valor real"
"2021/09/14";285,4446;"UVR_Unidad de valor real"
"2021/09/15";285,474;"UVR_Unidad de valor real"
"2021/09/16";285,5167;"UVR_Unidad de valor real"
"2021/09/17";285,5595;"UVR_Unidad de valor real"
"2021/09/18";285,6022;"UVR_Unidad de valor real"
"2021/09/19";285,645;"UVR_Unidad de valor real"
"2021/09/20";285,6877;"UVR_Unidad de valor real"
"2021/09/21";285,7305;"UVR_Unidad de valor real"
"2021/09/22";285,7732;"UVR_Unidad de valor real"
"2021/09/23";285,816;"UVR_Unidad de valor real"
"2021/09/24";285,8588;"UVR_Unidad de valor real"
"2021/09/25";285,9016;"UVR_Unidad de valor real"
"2021/09/26";285,9444;"UVR_Unidad de valor real"
"2021/09/27";285,9872;"UVR_Unidad de valor real"
"2021/09/28";286,03;"UVR_Unidad de valor real"
"2021/09/29";286,0728;"UVR_Unidad de valor real"
"2021/09/30";286,1156;"UVR_Unidad de valor real"
"2021/10/01";286,1584;"UVR_Unidad de valor real"
"2021/10/02";286,2013;"UVR_Unidad de valor real"
"2021/10/03";286,2441;"UVR_Unidad de valor real"
"2021/10/04";286,2869;"UVR_Unidad de valor real"
"2021/10/05";286,3298;"UVR_Unidad de valor real"
"2021/10/06";286,3726;"UVR_Unidad de valor real"
"2021/10/07";286,4155;"UVR_Unidad de valor real"
"2021/10/08";286,4584;"UVR_Unidad de valor real"
"2021/10/09";286,5012;"UVR_Unidad de valor real"
"2021/10/10";286,5441;"UVR_Unidad de valor real"
"2021/10/11";286,587;"UVR_Unidad de valor real"
"2021/10/12";286,6299;"UVR_Unidad de valor real"
"2021/10/13";286,6728;"UVR_Unidad de valor real"
"2021/10/14";286,7157;"UVR_Unidad de valor real"
"2021/10/15";286,7586;"UVR_Unidad de valor real"
"2021/10/16";286,7937;"UVR_Unidad de valor real"
"2021/10/17";286,8288;"UVR_Unidad de valor real"
"2021/10/18";286,8639;"UVR_Unidad de valor real"
"2021/10/19";286,899;"UVR_Unidad de valor real"
"2021/10/20";286,9341;"UVR_Unidad de valor real"
"2021/10/21";286,9692;"UVR_Unidad de valor real"
"2021/10/22";287,0043;"UVR_Unidad de valor real"
"2021/10/23";287,0394;"UVR_Unidad de valor real"
"2021/10/24";287,0745;"UVR_Unidad de valor real"
"2021/10/25";287,1097;"UVR_Unidad de valor real"
"2021/10/26";287,1448;"UVR_Unidad de valor real"
"2021/10/27";287,1799;"UVR_Unidad de valor real"
"2021/10/28";287,2151;"UVR_Unidad de valor real"
"2021/10/29";287,2502;"UVR_Unidad de valor real"
"2021/10/30";287,2853;"UVR_Unidad de valor real"
"2021/10/31";287,3205;"UVR_Unidad de valor real"
"2021/11/01";287,3557;"UVR_Unidad de valor real"
"2021/11/02";287,3908;"UVR_Unidad de valor real"
"2021/11/03";287,426;"UVR_Unidad de valor real"
"2021/11/04";287,4611;"UVR_Unidad de valor real"
"2021/11/05";287,4963;"UVR_Unidad de valor real"
"2021/11/06";287,5315;"UVR_Unidad de valor real"
"2021/11/07";287,5667;"UVR_Unidad de valor real"
"2021/11/08";287,6019;"UVR_Unidad de valor real"
"2021/11/09";287,6371;"UVR_Unidad de valor real"
"2021/11/10";287,6722;"UVR_Unidad de valor real"
"2021/11/11";287,7074;"UVR_Unidad de valor real"
"2021/11/12";287,7426;"UVR_Unidad de valor real"
"2021/11/13";287,7779;"UVR_Unidad de valor real"
"2021/11/14";287,8131;"UVR_Unidad de valor real"
"2021/11/15";287,8483;"UVR_Unidad de valor real"
"2021/11/16";287,8493;"UVR_Unidad de valor real"
"2021/11/17";287,8502;"UVR_Unidad de valor real"
"2021/11/18";287,8512;"UVR_Unidad de valor real"
"2021/11/19";287,8521;"UVR_Unidad de valor real"
"2021/11/20";287,8531;"UVR_Unidad de valor real"
"2021/11/21";287,8541;"UVR_Unidad de valor real"
"2021/11/22";287,855;"UVR_Unidad de valor real"
"2021/11/23";287,856;"UVR_Unidad de valor real"
"2021/11/24";287,8569;"UVR_Unidad de valor real"
"2021/11/25";287,8579;"UVR_Unidad de valor real"
"2021/11/26";287,8589;"UVR_Unidad de valor real"
"2021/11/27";287,8598;"UVR_Unidad de valor real"
"2021/11/28";287,8608;"UVR_Unidad de valor real"
"2021/11/29";287,8617;"UVR_Unidad de valor real"
"2021/11/30";287,8627;"UVR_Unidad de valor real"
"2021/12/01";287,8637;"UVR_Unidad de valor real"
"2021/12/02";287,8646;"UVR_Unidad de valor real"
"2021/12/03";287,8656;"UVR_Unidad de valor real"
"2021/12/04";287,8665;"UVR_Unidad de valor real"
"2021/12/05";287,8675;"UVR_Unidad de valor real"
"2021/12/06";287,8684;"UVR_Unidad de valor real"
"2021/12/07";287,8694;"UVR_Unidad de valor real"
"2021/12/08";287,8704;"UVR_Unidad de valor real"
"2021/12/09";287,8713;"UVR_Unidad de valor real"
"2021/12/10";287,8723;"UVR_Unidad de valor real"
"2021/12/11";287,8732;"UVR_Unidad de valor real"
"2021/12/12";287,8742;"UVR_Unidad de valor real"
"2021/12/13";287,8752;"UVR_Unidad de valor real"
"2021/12/14";287,8761;"UVR_Unidad de valor real"
"2021/12/15";287,8771;"UVR_Unidad de valor real"
"2021/12/16";287,9234;"UVR_Unidad de valor real"
"2021/12/17";287,9697;"UVR_Unidad de valor real"
"2021/12/18";288,0161;"UVR_Unidad de valor real"
"2021/12/19";288,0624;"UVR_Unidad de valor real"
"2021/12/20";288,1088;"UVR_Unidad de valor real"
"2021/12/21";288,1551;"UVR_Unidad de valor real"
"2021/12/22";288,2015;"UVR_Unidad de valor real"
"2021/12/23";288,2479;"UVR_Unidad de valor real"
"2021/12/24";288,2942;"UVR_Unidad de valor real"
"2021/12/25";288,3406;"UVR_Unidad de valor real"
"2021/12/26";288,387;"UVR_Unidad de valor real"
"2021/12/27";288,4334;"UVR_Unidad de valor real"
"2021/12/28";288,4798;"UVR_Unidad de valor real"
"2021/12/29";288,5263;"UVR_Unidad de valor real"
"2021/12/30";288,5727;"UVR_Unidad de valor real"
"2021/12/31";288,6191;"UVR_Unidad de valor real"
"2022/01/01";288,6656;"UVR_Unidad de valor real"
"2022/01/02";288,712;"UVR_Unidad de valor real"
"2022/01/03";288,7585;"UVR_Unidad de valor real"
"2022/01/04";288,8049;"UVR_Unidad de valor real"
"2022/01/05";288,8514;"UVR_Unidad de valor real"
"2022/01/06";288,8979;"UVR_Unidad de valor real"
"2022/01/07";288,9443;"UVR_Unidad de valor real"
"2022/01/08";288,9908;"UVR_Unidad de valor real"
"2022/01/09";289,0373;"UVR_Unidad de valor real"
"2022/01/10";289,0838;"UVR_Unidad de valor real"
"2022/01/11";289,1304;"UVR_Unidad de valor real"
"2022/01/12";289,1769;"UVR_Unidad de valor real"
"2022/01/13";289,2234;"UVR_Unidad de valor real"
"2022/01/14";289,2699;"UVR_Unidad de valor real"
"2022/01/15";289,3165;"UVR_Unidad de valor real"
"2022/01/16";289,3844;"UVR_Unidad de valor real"
"2022/01/17";289,4523;"UVR_Unidad de valor real"
"2022/01/18";289,5202;"UVR_Unidad de valor real"
"2022/01/19";289,5882;"UVR_Unidad de valor real"
"2022/01/20";289,6561;"UVR_Unidad de valor real"
"2022/01/21";289,7241;"UVR_Unidad de valor real"
"2022/01/22";289,7921;"UVR_Unidad de valor real"
"2022/01/23";289,8601;"UVR_Unidad de valor real"
"2022/01/24";289,9281;"UVR_Unidad de valor real"
"2022/01/25";289,9961;"UVR_Unidad de valor real"
"2022/01/26";290,0642;"UVR_Unidad de valor real"
"2022/01/27";290,1322;"UVR_Unidad de valor real"
"2022/01/28";290,2003;"UVR_Unidad de valor real"
"2022/01/29";290,2684;"UVR_Unidad de valor real"
"2022/01/30";290,3365;"UVR_Unidad de valor real"
"2022/01/31";290,4047;"UVR_Unidad de valor real"
"2022/02/01";290,4728;"UVR_Unidad de valor real"
"2022/02/02";290,541;"UVR_Unidad de valor real"
"2022/02/03";290,6091;"UVR_Unidad de valor real"
"2022/02/04";290,6773;"UVR_Unidad de valor real"
"2022/02/05";290,7455;"UVR_Unidad de valor real"
"2022/02/06";290,8138;"UVR_Unidad de valor real"
"2022/02/07";290,882;"UVR_Unidad de valor real"
"2022/02/08";290,9503;"UVR_Unidad de valor real"
"2022/02/09";291,0185;"UVR_Unidad de valor real"
"2022/02/10";291,0868;"UVR_Unidad de valor real"
"2022/02/11";291,1551;"UVR_Unidad de valor real"
"2022/02/12";291,2235;"UVR_Unidad de valor real"
"2022/02/13";291,2918;"UVR_Unidad de valor real"
"2022/02/14";291,3601;"UVR_Unidad de valor real"
"2022/02/15";291,4285;"UVR_Unidad de valor real"
"2022/02/16";291,6009;"UVR_Unidad de valor real"
"2022/02/17";291,7735;"UVR_Unidad de valor real"
"2022/02/18";291,9461;"UVR_Unidad de valor real"
"2022/02/19";292,1188;"UVR_Unidad de valor real"
"2022/02/20";292,2917;"UVR_Unidad de valor real"
"2022/02/21";292,4646;"UVR_Unidad de valor real"
"2022/02/22";292,6377;"UVR_Unidad de valor real"
"2022/02/23";292,8108;"UVR_Unidad de valor real"
"2022/02/24";292,9841;"UVR_Unidad de valor real"
"2022/02/25";293,1574;"UVR_Unidad de valor real"
"2022/02/26";293,3309;"UVR_Unidad de valor real"
"2022/02/27";293,5044;"UVR_Unidad de valor real"
"2022/02/28";293,6781;"UVR_Unidad de valor real"
"2022/03/01";293,8519;"UVR_Unidad de valor real"
"2022/03/02";294,0257;"UVR_Unidad de valor real"
"2022/03/03";294,1997;"UVR_Unidad de valor real"
"2022/03/04";294,3738;"UVR_Unidad de valor real"
"2022/03/05";294,5479;"UVR_Unidad de valor real"
"2022/03/06";294,7222;"UVR_Unidad de valor real"
"2022/03/07";294,8966;"UVR_Unidad de valor real"
"2022/03/08";295,0711;"UVR_Unidad de valor real"
"2022/03/09";295,2457;"UVR_Unidad de valor real"
"2022/03/10";295,4204;"UVR_Unidad de valor real"
"2022/03/11";295,5951;"UVR_Unidad de valor real"
"2022/03/12";295,77;"UVR_Unidad de valor real"
"2022/03/13";295,945;"UVR_Unidad de valor real"
"2022/03/14";296,1201;"UVR_Unidad de valor real"
"2022/03/15";296,2954;"UVR_Unidad de valor real"
"2022/03/16";296,45;"UVR_Unidad de valor real"
"2022/03/17";296,6046;"UVR_Unidad de valor real"
"2022/03/18";296,7594;"UVR_Unidad de valor real"
"2022/03/19";296,9142;"UVR_Unidad de valor real"
"2022/03/20";297,0691;"UVR_Unidad de valor real"
"2022/03/21";297,2241;"UVR_Unidad de valor real"
"2022/03/22";297,3791;"UVR_Unidad de valor real"
"2022/03/23";297,5343;"UVR_Unidad de valor real"
"2022/03/24";297,6895;"UVR_Unidad de valor real"
"2022/03/25";297,8448;"UVR_Unidad de valor real"
"2022/03/26";298,0002;"UVR_Unidad de valor real"
"2022/03/27";298,1557;"UVR_Unidad de valor real"
"2022/03/28";298,3112;"UVR_Unidad de valor real"
"2022/03/29";298,4668;"UVR_Unidad de valor real"
"2022/03/30";298,6226;"UVR_Unidad de valor real"
"2022/03/31";298,7784;"UVR_Unidad de valor real"
"2022/04/01";298,9342;"UVR_Unidad de valor real"
"2022/04/02";299,0902;"UVR_Unidad de valor real"
"2022/04/03";299,2462;"UVR_Unidad de valor real"
"2022/04/04";299,4023;"UVR_Unidad de valor real"
"2022/04/05";299,5585;"UVR_Unidad de valor real"
"2022/04/06";299,7148;"UVR_Unidad de valor real"
"2022/04/07";299,8712;"UVR_Unidad de valor real"
"2022/04/08";300,0276;"UVR_Unidad de valor real"
"2022/04/09";300,1841;"UVR_Unidad de valor real"
"2022/04/10";300,3408;"UVR_Unidad de valor real"
"2022/04/11";300,4974;"UVR_Unidad de valor real"
"2022/04/12";300,6542;"UVR_Unidad de valor real"
"2022/04/13";300,8111;"UVR_Unidad de valor real"
"2022/04/14";300,968;"UVR_Unidad de valor real"
"2022/04/15";301,125;"UVR_Unidad de valor real"
"2022/04/16";301,2249;"UVR_Unidad de valor real"
"2022/04/17";301,3248;"UVR_Unidad de valor real"
"2022/04/18";301,4248;"UVR_Unidad de valor real"
"2022/04/19";301,5248;"UVR_Unidad de valor real"
"2022/04/20";301,6248;"UVR_Unidad de valor real"
"2022/04/21";301,7249;"UVR_Unidad de valor real"
"2022/04/22";301,8249;"UVR_Unidad de valor real"
"2022/04/23";301,9251;"UVR_Unidad de valor real"
"2022/04/24";302,0252;"UVR_Unidad de valor real"
"2022/04/25";302,1254;"UVR_Unidad de valor real"
"2022/04/26";302,2256;"UVR_Unidad de valor real"
"2022/04/27";302,3259;"UVR_Unidad de valor real"
"2022/04/28";302,4262;"UVR_Unidad de valor real"
"2022/04/29";302,5265;"UVR_Unidad de valor real"
"2022/04/30";302,6269;"UVR_Unidad de valor real"
"2022/05/01";302,7273;"UVR_Unidad de valor real"
"2022/05/02";302,8277;"UVR_Unidad de valor real"
"2022/05/03";302,9282;"UVR_Unidad de valor real"
"2022/05/04";303,0286;"UVR_Unidad de valor real"
"2022/05/05";303,1292;"UVR_Unidad de valor real"
"2022/05/06";303,2297;"UVR_Unidad de valor real"
"2022/05/07";303,3303;"UVR_Unidad de valor real"
"2022/05/08";303,4309;"UVR_Unidad de valor real"
"2022/05/09";303,5316;"UVR_Unidad de valor real"
"2022/05/10";303,6323;"UVR_Unidad de valor real"
"2022/05/11";303,733;"UVR_Unidad de valor real"
"2022/05/12";303,8338;"UVR_Unidad de valor real"
"2022/05/13";303,9346;"UVR_Unidad de valor real"
"2022/05/14";304,0354;"UVR_Unidad de valor real"
"2022/05/15";304,1363;"UVR_Unidad de valor real"
"2022/05/16";304,2582;"UVR_Unidad de valor real"
"2022/05/17";304,3801;"UVR_Unidad de valor real"
"2022/05/18";304,5021;"UVR_Unidad de valor real"
"2022/05/19";304,6242;"UVR_Unidad de valor real"
"2022/05/20";304,7463;"UVR_Unidad de valor real"
"2022/05/21";304,8684;"UVR_Unidad de valor real"
"2022/05/22";304,9906;"UVR_Unidad de valor real"
"2022/05/23";305,1129;"UVR_Unidad de valor real"
"2022/05/24";305,2352;"UVR_Unidad de valor real"
"2022/05/25";305,3575;"UVR_Unidad de valor real"
"2022/05/26";305,4799;"UVR_Unidad de valor real"
"2022/05/27";305,6023;"UVR_Unidad de valor real"
"2022/05/28";305,7248;"UVR_Unidad de valor real"
"2022/05/29";305,8474;"UVR_Unidad de valor real"
"2022/05/30";305,9699;"UVR_Unidad de valor real"
"2022/05/31";306,0926;"UVR_Unidad de valor real"
"2022/06/01";306,2153;"UVR_Unidad de valor real"
"2022/06/02";306,338;"UVR_Unidad de valor real"
"2022/06/03";306,4608;"UVR_Unidad de valor real"
"2022/06/04";306,5836;"UVR_Unidad de valor real"
"2022/06/05";306,7065;"UVR_Unidad de valor real"
"2022/06/06";306,8294;"UVR_Unidad de valor real"
"2022/06/07";306,9524;"UVR_Unidad de valor real"
"2022/06/08";307,0754;"UVR_Unidad de valor real"
"2022/06/09";307,1985;"UVR_Unidad de valor real"
"2022/06/10";307,3216;"UVR_Unidad de valor real"
"2022/06/11";307,4448;"UVR_Unidad de valor real"
"2022/06/12";307,568;"UVR_Unidad de valor real"
"2022/06/13";307,6913;"UVR_Unidad de valor real"
"2022/06/14";307,8146;"UVR_Unidad de valor real"
"2022/06/15";307,938;"UVR_Unidad de valor real"
"2022/06/16";308,0239;"UVR_Unidad de valor real"
"2022/06/17";308,1098;"UVR_Unidad de valor real"
"2022/06/18";308,1957;"UVR_Unidad de valor real"
"2022/06/19";308,2816;"UVR_Unidad de valor real"
"2022/06/20";308,3676;"UVR_Unidad de valor real"
"2022/06/21";308,4536;"UVR_Unidad de valor real"
"2022/06/22";308,5396;"UVR_Unidad de valor real"
"2022/06/23";308,6257;"UVR_Unidad de valor real"
"2022/06/24";308,7117;"UVR_Unidad de valor real"
"2022/06/25";308,7978;"UVR_Unidad de valor real"
"2022/06/26";308,8839;"UVR_Unidad de valor real"
"2022/06/27";308,9701;"UVR_Unidad de valor real"
"2022/06/28";309,0562;"UVR_Unidad de valor real"
"2022/06/29";309,1424;"UVR_Unidad de valor real"
"2022/06/30";309,2286;"UVR_Unidad de valor real"
"2022/07/01";309,3149;"UVR_Unidad de valor real"
"2022/07/02";309,4011;"UVR_Unidad de valor real"
"2022/07/03";309,4874;"UVR_Unidad de valor real"
"2022/07/04";309,5737;"UVR_Unidad de valor real"
"2022/07/05";309,66;"UVR_Unidad de valor real"
"2022/07/06";309,7464;"UVR_Unidad de valor real"
"2022/07/07";309,8328;"UVR_Unidad de valor real"
"2022/07/08";309,9192;"UVR_Unidad de valor real"
"2022/07/09";310,0056;"UVR_Unidad de valor real"
"2022/07/10";310,0921;"UVR_Unidad de valor real"
"2022/07/11";310,1785;"UVR_Unidad de valor real"
"2022/07/12";310,265;"UVR_Unidad de valor real"
"2022/07/13";310,3516;"UVR_Unidad de valor real"
"2022/07/14";310,4381;"UVR_Unidad de valor real"
"2022/07/15";310,5247;"UVR_Unidad de valor real"
"2022/07/16";310,5757;"UVR_Unidad de valor real"
"2022/07/17";310,6266;"UVR_Unidad de valor real"
"2022/07/18";310,6776;"UVR_Unidad de valor real"
"2022/07/19";310,7286;"UVR_Unidad de valor real"
"2022/07/20";310,7796;"UVR_Unidad de valor real"
"2022/07/21";310,8306;"UVR_Unidad de valor real"
"2022/07/22";310,8816;"UVR_Unidad de valor real"
"2022/07/23";310,9326;"UVR_Unidad de valor real"
"2022/07/24";310,9836;"UVR_Unidad de valor real"
"2022/07/25";311,0347;"UVR_Unidad de valor real"
"2022/07/26";311,0857;"UVR_Unidad de valor real"
"2022/07/27";311,1368;"UVR_Unidad de valor real"
"2022/07/28";311,1878;"UVR_Unidad de valor real"
"2022/07/29";311,2389;"UVR_Unidad de valor real"
"2022/07/30";311,29;"UVR_Unidad de valor real"
"2022/07/31";311,3411;"UVR_Unidad de valor real"
"2022/08/01";311,3922;"UVR_Unidad de valor real"
"2022/08/02";311,4433;"UVR_Unidad de valor real"
"2022/08/03";311,4944;"UVR_Unidad de valor real"
"2022/08/04";311,5455;"UVR_Unidad de valor real"
"2022/08/05";311,5966;"UVR_Unidad de valor real"
"2022/08/06";311,6478;"UVR_Unidad de valor real"
"2022/08/07";311,6989;"UVR_Unidad de valor real"
"2022/08/08";311,7501;"UVR_Unidad de valor real"
"2022/08/09";311,8012;"UVR_Unidad de valor real"
"2022/08/10";311,8524;"UVR_Unidad de valor real"
"2022/08/11";311,9036;"UVR_Unidad de valor real"
"2022/08/12";311,9548;"UVR_Unidad de valor real"
"2022/08/13";312,006;"UVR_Unidad de valor real"
"2022/08/14";312,0572;"UVR_Unidad de valor real"
"2022/08/15";312,1084;"UVR_Unidad de valor real"
"2022/08/16";312,1896;"UVR_Unidad de valor real"
"2022/08/17";312,2709;"UVR_Unidad de valor real"
"2022/08/18";312,3522;"UVR_Unidad de valor real"
"2022/08/19";312,4335;"UVR_Unidad de valor real"
"2022/08/20";312,5148;"UVR_Unidad de valor real"
"2022/08/21";312,5961;"UVR_Unidad de valor real"
"2022/08/22";312,6775;"UVR_Unidad de valor real"
"2022/08/23";312,7589;"UVR_Unidad de valor real"
"2022/08/24";312,8403;"UVR_Unidad de valor real"
"2022/08/25";312,9217;"UVR_Unidad de valor real"
"2022/08/26";313,0031;"UVR_Unidad de valor real"
"2022/08/27";313,0846;"UVR_Unidad de valor real"
"2022/08/28";313,1661;"UVR_Unidad de valor real"
"2022/08/29";313,2476;"UVR_Unidad de valor real"
"2022/08/30";313,3291;"UVR_Unidad de valor real"
"2022/08/31";313,4107;"UVR_Unidad de valor real"
"2022/09/01";313,4922;"UVR_Unidad de valor real"
"2022/09/02";313,5738;"UVR_Unidad de valor real"
"2022/09/03";313,6554;"UVR_Unidad de valor real"
"2022/09/04";313,7371;"UVR_Unidad de valor real"
"2022/09/05";313,8187;"UVR_Unidad de valor real"
"2022/09/06";313,9004;"UVR_Unidad de valor real"
"2022/09/07";313,9821;"UVR_Unidad de valor real"
"2022/09/08";314,0638;"UVR_Unidad de valor real"
"2022/09/09";314,1456;"UVR_Unidad de valor real"
"2022/09/10";314,2273;"UVR_Unidad de valor real"
"2022/09/11";314,3091;"UVR_Unidad de valor real"
"2022/09/12";314,3909;"UVR_Unidad de valor real"
"2022/09/13";314,4728;"UVR_Unidad de valor real"
"2022/09/14";314,5546;"UVR_Unidad de valor real"
"2022/09/15";314,6365;"UVR_Unidad de valor real"
"2022/09/16";314,743;"UVR_Unidad de valor real"
"2022/09/17";314,8494;"UVR_Unidad de valor real"
"2022/09/18";314,956;"UVR_Unidad de valor real"
"2022/09/19";315,0625;"UVR_Unidad de valor real"
"2022/09/20";315,1691;"UVR_Unidad de valor real"
"2022/09/21";315,2758;"UVR_Unidad de valor real"
"2022/09/22";315,3824;"UVR_Unidad de valor real"
"2022/09/23";315,4891;"UVR_Unidad de valor real"
"2022/09/24";315,5959;"UVR_Unidad de valor real"
"2022/09/25";315,7026;"UVR_Unidad de valor real"
"2022/09/26";315,8095;"UVR_Unidad de valor real"
"2022/09/27";315,9163;"UVR_Unidad de valor real"
"2022/09/28";316,0232;"UVR_Unidad de valor real"
"2022/09/29";316,1301;"UVR_Unidad de valor real"
"2022/09/30";316,2371;"UVR_Unidad de valor real"
"2022/10/01";316,3441;"UVR_Unidad de valor real"
"2022/10/02";316,4511;"UVR_Unidad de valor real"
"2022/10/03";316,5582;"UVR_Unidad de valor real"
"2022/10/04";316,6653;"UVR_Unidad de valor real"
"2022/10/05";316,7724;"UVR_Unidad de valor real"
"2022/10/06";316,8796;"UVR_Unidad de valor real"
"2022/10/07";316,9868;"UVR_Unidad de valor real"
"2022/10/08";317,094;"UVR_Unidad de valor real"
"2022/10/09";317,2013;"UVR_Unidad de valor real"
"2022/10/10";317,3086;"UVR_Unidad de valor real"
"2022/10/11";317,416;"UVR_Unidad de valor real"
"2022/10/12";317,5234;"UVR_Unidad de valor real"
"2022/10/13";317,6308;"UVR_Unidad de valor real"
"2022/10/14";317,7383;"UVR_Unidad de valor real"
"2022/10/15";317,8458;"UVR_Unidad de valor real"
"2022/10/16";317,9407;"UVR_Unidad de valor real"
"2022/10/17";318,0357;"UVR_Unidad de valor real"
"2022/10/18";318,1307;"UVR_Unidad de valor real"
"2022/10/19";318,2257;"UVR_Unidad de valor real"
"2022/10/20";318,3207;"UVR_Unidad de valor real"
"2022/10/21";318,4158;"UVR_Unidad de valor real"
"2022/10/22";318,5109;"UVR_Unidad de valor real"
"2022/10/23";318,606;"UVR_Unidad de valor real"
"2022/10/24";318,7012;"UVR_Unidad de valor real"
"2022/10/25";318,7963;"UVR_Unidad de valor real"
"2022/10/26";318,8916;"UVR_Unidad de valor real"
"2022/10/27";318,9868;"UVR_Unidad de valor real"
"2022/10/28";319,0821;"UVR_Unidad de valor real"
"2022/10/29";319,1774;"UVR_Unidad de valor real"
"2022/10/30";319,2727;"UVR_Unidad de valor real"
"2022/10/31";319,368;"UVR_Unidad de valor real"
"2022/11/01";319,4634;"UVR_Unidad de valor real"
"2022/11/02";319,5588;"UVR_Unidad de valor real"
"2022/11/03";319,6543;"UVR_Unidad de valor real"
"2022/11/04";319,7497;"UVR_Unidad de valor real"
"2022/11/05";319,8452;"UVR_Unidad de valor real"
"2022/11/06";319,9408;"UVR_Unidad de valor real"
"2022/11/07";320,0363;"UVR_Unidad de valor real"
"2022/11/08";320,1319;"UVR_Unidad de valor real"
"2022/11/09";320,2275;"UVR_Unidad de valor real"
"2022/11/10";320,3231;"UVR_Unidad de valor real"
"2022/11/11";320,4188;"UVR_Unidad de valor real"
"2022/11/12";320,5145;"UVR_Unidad de valor real"
"2022/11/13";320,6102;"UVR_Unidad de valor real"
"2022/11/14";320,706;"UVR_Unidad de valor real"
"2022/11/15";320,8018;"UVR_Unidad de valor real"
"2022/11/16";320,8785;"UVR_Unidad de valor real"
"2022/11/17";320,9553;"UVR_Unidad de valor real"
"2022/11/18";321,032;"UVR_Unidad de valor real"
"2022/11/19";321,1088;"UVR_Unidad de valor real"
"2022/11/20";321,1856;"UVR_Unidad de valor real"
"2022/11/21";321,2624;"UVR_Unidad de valor real"
"2022/11/22";321,3393;"UVR_Unidad de valor real"
"2022/11/23";321,4161;"UVR_Unidad de valor real"
"2022/11/24";321,493;"UVR_Unidad de valor real"
"2022/11/25";321,5699;"UVR_Unidad de valor real"
"2022/11/26";321,6468;"UVR_Unidad de valor real"
"2022/11/27";321,7237;"UVR_Unidad de valor real"
"2022/11/28";321,8007;"UVR_Unidad de valor real"
"2022/11/29";321,8776;"UVR_Unidad de valor real"
"2022/11/30";321,9546;"UVR_Unidad de valor real"
"2022/12/01";322,0316;"UVR_Unidad de valor real"
"2022/12/02";322,1086;"UVR_Unidad de valor real"
"2022/12/03";322,1857;"UVR_Unidad de valor real"
"2022/12/04";322,2627;"UVR_Unidad de valor real"
"2022/12/05";322,3398;"UVR_Unidad de valor real"
"2022/12/06";322,4169;"UVR_Unidad de valor real"
"2022/12/07";322,494;"UVR_Unidad de valor real"
"2022/12/08";322,5711;"UVR_Unidad de valor real"
"2022/12/09";322,6483;"UVR_Unidad de valor real"
"2022/12/10";322,7255;"UVR_Unidad de valor real"
"2022/12/11";322,8026;"UVR_Unidad de valor real"
"2022/12/12";322,8798;"UVR_Unidad de valor real"
"2022/12/13";322,9571;"UVR_Unidad de valor real"
"2022/12/14";323,0343;"UVR_Unidad de valor real"
"2022/12/15";323,1116;"UVR_Unidad de valor real"
"2022/12/16";323,1916;"UVR_Unidad de valor real"
"2022/12/17";323,2715;"UVR_Unidad de valor real"
"2022/12/18";323,3515;"UVR_Unidad de valor real"
"2022/12/19";323,4316;"UVR_Unidad de valor real"
"2022/12/20";323,5116;"UVR_Unidad de valor real"
"2022/12/21";323,5917;"UVR_Unidad de valor real"
"2022/12/22";323,6717;"UVR_Unidad de valor real"
"2022/12/23";323,7518;"UVR_Unidad de valor real"
"2022/12/24";323,8319;"UVR_Unidad de valor real"
"2022/12/25";323,9121;"UVR_Unidad de valor real"
"2022/12/26";323,9922;"UVR_Unidad de valor real"
"2022/12/27";324,0724;"UVR_Unidad de valor real"
"2022/12/28";324,1526;"UVR_Unidad de valor real"
"2022/12/29";324,2328;"UVR_Unidad de valor real"
"2022/12/30";324,3131;"UVR_Unidad de valor real"
"2022/12/31";324,3933;"UVR_Unidad de valor real"
"2023/01/01";324,4736;"UVR_Unidad de valor real"
"2023/01/02";324,5539;"UVR_Unidad de valor real"
"2023/01/03";324,6342;"UVR_Unidad de valor real"
"2023/01/04";324,7145;"UVR_Unidad de valor real"
"2023/01/05";324,7949;"UVR_Unidad de valor real"
"2023/01/06";324,8753;"UVR_Unidad de valor real"
"2023/01/07";324,9557;"UVR_Unidad de valor real"
"2023/01/08";325,0361;"UVR_Unidad de valor real"
"2023/01/09";325,1165;"UVR_Unidad de valor real"
"2023/01/10";325,197;"UVR_Unidad de valor real"
"2023/01/11";325,2775;"UVR_Unidad de valor real"
"2023/01/12";325,358;"UVR_Unidad de valor real"
"2023/01/13";325,4385;"UVR_Unidad de valor real"
"2023/01/14";325,519;"UVR_Unidad de valor real"
"2023/01/15";325,5996;"UVR_Unidad de valor real"
"2023/01/16";325,7311;"UVR_Unidad de valor real"
"2023/01/17";325,8627;"UVR_Unidad de valor real"
"2023/01/18";325,9944;"UVR_Unidad de valor real"
"2023/01/19";326,1261;"UVR_Unidad de valor real"
"2023/01/20";326,2578;"UVR_Unidad de valor real"
"2023/01/21";326,3896;"UVR_Unidad de valor real"
"2023/01/22";326,5215;"UVR_Unidad de valor real"
"2023/01/23";326,6534;"UVR_Unidad de valor real"
"2023/01/24";326,7854;"UVR_Unidad de valor real"
"2023/01/25";326,9174;"UVR_Unidad de valor real"
"2023/01/26";327,0495;"UVR_Unidad de valor real"
"2023/01/27";327,1816;"UVR_Unidad de valor real"
"2023/01/28";327,3138;"UVR_Unidad de valor real"
"2023/01/29";327,446;"UVR_Unidad de valor real"
"2023/01/30";327,5783;"UVR_Unidad de valor real"
"2023/01/31";327,7106;"UVR_Unidad de valor real"
"2023/02/01";327,843;"UVR_Unidad de valor real"
"2023/02/02";327,9755;"UVR_Unidad de valor real"
"2023/02/03";328,108;"UVR_Unidad de valor real"
"2023/02/04";328,2405;"UVR_Unidad de valor real"
"2023/02/05";328,3731;"UVR_Unidad de valor real"
"2023/02/06";328,5058;"UVR_Unidad de valor real"
"2023/02/07";328,6385;"UVR_Unidad de valor real"
"2023/02/08";328,7713;"UVR_Unidad de valor real"
"2023/02/09";328,9041;"UVR_Unidad de valor real"
"2023/02/10";329,037;"UVR_Unidad de valor real"
"2023/02/11";329,1699;"UVR_Unidad de valor real"
"2023/02/12";329,3029;"UVR_Unidad de valor real"
"2023/02/13";329,4359;"UVR_Unidad de valor real"
"2023/02/14";329,569;"UVR_Unidad de valor real"
"2023/02/15";329,7022;"UVR_Unidad de valor real"
"2023/02/16";329,91;"UVR_Unidad de valor real"
"2023/02/17";330,118;"UVR_Unidad de valor real"
"2023/02/18";330,326;"UVR_Unidad de valor real"
"2023/02/19";330,5343;"UVR_Unidad de valor real"
"2023/02/20";330,7426;"UVR_Unidad de valor real"
"2023/02/21";330,9511;"UVR_Unidad de valor real"
"2023/02/22";331,1597;"UVR_Unidad de valor real"
"2023/02/23";331,3684;"UVR_Unidad de valor real"
"2023/02/24";331,5773;"UVR_Unidad de valor real"
"2023/02/25";331,7863;"UVR_Unidad de valor real"
"2023/02/26";331,9954;"UVR_Unidad de valor real"
"2023/02/27";332,2047;"UVR_Unidad de valor real"
"2023/02/28";332,4141;"UVR_Unidad de valor real"
"2023/03/01";332,6236;"UVR_Unidad de valor real"
"2023/03/02";332,8333;"UVR_Unidad de valor real"
"2023/03/03";333,0431;"UVR_Unidad de valor real"
"2023/03/04";333,253;"UVR_Unidad de valor real"
"2023/03/05";333,463;"UVR_Unidad de valor real"
"2023/03/06";333,6732;"UVR_Unidad de valor real"
"2023/03/07";333,8835;"UVR_Unidad de valor real"
"2023/03/08";334,094;"UVR_Unidad de valor real"
"2023/03/09";334,3046;"UVR_Unidad de valor real"
"2023/03/10";334,5153;"UVR_Unidad de valor real"
"2023/03/11";334,7262;"UVR_Unidad de valor real"
"2023/03/12";334,9371;"UVR_Unidad de valor real"
"2023/03/13";335,1483;"UVR_Unidad de valor real"
"2023/03/14";335,3595;"UVR_Unidad de valor real"
"2023/03/15";335,5709;"UVR_Unidad de valor real"
"2023/03/16";335,7492;"UVR_Unidad de valor real"
"2023/03/17";335,9275;"UVR_Unidad de valor real"
"2023/03/18";336,106;"UVR_Unidad de valor real"
"2023/03/19";336,2845;"UVR_Unidad de valor real"
"2023/03/20";336,4632;"UVR_Unidad de valor real"
"2023/03/21";336,6419;"UVR_Unidad de valor real"
"2023/03/22";336,8207;"UVR_Unidad de valor real"
"2023/03/23";336,9997;"UVR_Unidad de valor real"
"2023/03/24";337,1787;"UVR_Unidad de valor real"
"2023/03/25";337,3578;"UVR_Unidad de valor real"
"2023/03/26";337,537;"UVR_Unidad de valor real"
"2023/03/27";337,7163;"UVR_Unidad de valor real"
"2023/03/28";337,8957;"UVR_Unidad de valor real"
"2023/03/29";338,0752;"UVR_Unidad de valor real"
"2023/03/30";338,2548;"UVR_Unidad de valor real"
"2023/03/31";338,4345;"UVR_Unidad de valor real"
"2023/04/01";338,6143;"UVR_Unidad de valor real"
"2023/04/02";338,7942;"UVR_Unidad de valor real"
"2023/04/03";338,9742;"UVR_Unidad de valor real"
"2023/04/04";339,1543;"UVR_Unidad de valor real"
"2023/04/05";339,3344;"UVR_Unidad de valor real"
"2023/04/06";339,5147;"UVR_Unidad de valor real"
"2023/04/07";339,695;"UVR_Unidad de valor real"
"2023/04/08";339,8755;"UVR_Unidad de valor real"
"2023/04/09";340,0561;"UVR_Unidad de valor real"
"2023/04/10";340,2367;"UVR_Unidad de valor real"
"2023/04/11";340,4174;"UVR_Unidad de valor real"
"2023/04/12";340,5983;"UVR_Unidad de valor real"
"2023/04/13";340,7792;"UVR_Unidad de valor real"
"2023/04/14";340,9602;"UVR_Unidad de valor real"
"2023/04/15";341,1414;"UVR_Unidad de valor real"
"2023/04/16";341,2602;"UVR_Unidad de valor real"
"2023/04/17";341,379;"UVR_Unidad de valor real"
"2023/04/18";341,4979;"UVR_Unidad de valor real"
"2023/04/19";341,6168;"UVR_Unidad de valor real"
"2023/04/20";341,7358;"UVR_Unidad de valor real"
"2023/04/21";341,8548;"UVR_Unidad de valor real"
"2023/04/22";341,9739;"UVR_Unidad de valor real"
"2023/04/23";342,0929;"UVR_Unidad de valor real"
"2023/04/24";342,2121;"UVR_Unidad de valor real"
"2023/04/25";342,3312;"UVR_Unidad de valor real"
"2023/04/26";342,4505;"UVR_Unidad de valor real"
"2023/04/27";342,5697;"UVR_Unidad de valor real"
"2023/04/28";342,689;"UVR_Unidad de valor real"
"2023/04/29";342,8083;"UVR_Unidad de valor real"
"2023/04/30";342,9277;"UVR_Unidad de valor real"
"2023/05/01";343,0471;"UVR_Unidad de valor real"
"2023/05/02";343,1666;"UVR_Unidad de valor real"
"2023/05/03";343,2861;"UVR_Unidad de valor real"
"2023/05/04";343,4056;"UVR_Unidad de valor real"
"2023/05/05";343,5252;"UVR_Unidad de valor real"
"2023/05/06";343,6449;"UVR_Unidad de valor real"
"2023/05/07";343,7645;"UVR_Unidad de valor real"
"2023/05/08";343,8842;"UVR_Unidad de valor real"
"2023/05/09";344,004;"UVR_Unidad de valor real"
"2023/05/10";344,1238;"UVR_Unidad de valor real"
"2023/05/11";344,2436;"UVR_Unidad de valor real"
"2023/05/12";344,3635;"UVR_Unidad de valor real"
"2023/05/13";344,4834;"UVR_Unidad de valor real"
"2023/05/14";344,6034;"UVR_Unidad de valor real"
"2023/05/15";344,7234;"UVR_Unidad de valor real"
"2023/05/16";344,8098;"UVR_Unidad de valor real"
"2023/05/17";344,8962;"UVR_Unidad de valor real"
"2023/05/18";344,9827;"UVR_Unidad de valor real"
"2023/05/19";345,0692;"UVR_Unidad de valor real"
"2023/05/20";345,1557;"UVR_Unidad de valor real"
"2023/05/21";345,2422;"UVR_Unidad de valor real"
"2023/05/22";345,3287;"UVR_Unidad de valor real"
"2023/05/23";345,4153;"UVR_Unidad de valor real"
"2023/05/24";345,5019;"UVR_Unidad de valor real"
"2023/05/25";345,5885;"UVR_Unidad de valor real"
"2023/05/26";345,6751;"UVR_Unidad de valor real"
"2023/05/27";345,7618;"UVR_Unidad de valor real"
"2023/05/28";345,8484;"UVR_Unidad de valor real"
"2023/05/29";345,9351;"UVR_Unidad de valor real"
"2023/05/30";346,0218;"UVR_Unidad de valor real"
"2023/05/31";346,1086;"UVR_Unidad de valor real"
"2023/06/01";346,1953;"UVR_Unidad de valor real"
"2023/06/02";346,2821;"UVR_Unidad de valor real"
"2023/06/03";346,3689;"UVR_Unidad de valor real"
"2023/06/04";346,4557;"UVR_Unidad de valor real"
"2023/06/05";346,5426;"UVR_Unidad de valor real"
"2023/06/06";346,6295;"UVR_Unidad de valor real"
"2023/06/07";346,7163;"UVR_Unidad de valor real"
"2023/06/08";346,8033;"UVR_Unidad de valor real"
"2023/06/09";346,8902;"UVR_Unidad de valor real"
"2023/06/10";346,9771;"UVR_Unidad de valor real"
"2023/06/11";347,0641;"UVR_Unidad de valor real"
"2023/06/12";347,1511;"UVR_Unidad de valor real"
"2023/06/13";347,2381;"UVR_Unidad de valor real"
"2023/06/14";347,3252;"UVR_Unidad de valor real"
"2023/06/15";347,4122;"UVR_Unidad de valor real"
"2023/06/16";347,4619;"UVR_Unidad de valor real"
"2023/06/17";347,5116;"UVR_Unidad de valor real"
"2023/06/18";347,5613;"UVR_Unidad de valor real"
"2023/06/19";347,611;"UVR_Unidad de valor real"
"2023/06/20";347,6607;"UVR_Unidad de valor real"
"2023/06/21";347,7105;"UVR_Unidad de valor real"
"2023/06/22";347,7602;"UVR_Unidad de valor real"
"2023/06/23";347,8099;"UVR_Unidad de valor real"
"2023/06/24";347,8597;"UVR_Unidad de valor real"
"2023/06/25";347,9094;"UVR_Unidad de valor real"
"2023/06/26";347,9592;"UVR_Unidad de valor real"
"2023/06/27";348,009;"UVR_Unidad de valor real"
"2023/06/28";348,0588;"UVR_Unidad de valor real"
"2023/06/29";348,1085;"UVR_Unidad de valor real"
"2023/06/30";348,1583;"UVR_Unidad de valor real"
"2023/07/01";348,2081;"UVR_Unidad de valor real"
"2023/07/02";348,2579;"UVR_Unidad de valor real"
"2023/07/03";348,3078;"UVR_Unidad de valor real"
"2023/07/04";348,3576;"UVR_Unidad de valor real"
"2023/07/05";348,4074;"UVR_Unidad de valor real"
"2023/07/06";348,4572;"UVR_Unidad de valor real"
"2023/07/07";348,5071;"UVR_Unidad de valor real"
"2023/07/08";348,5569;"UVR_Unidad de valor real"
"2023/07/09";348,6068;"UVR_Unidad de valor real"
"2023/07/10";348,6566;"UVR_Unidad de valor real"
"2023/07/11";348,7065;"UVR_Unidad de valor real"
"2023/07/12";348,7564;"UVR_Unidad de valor real"
"2023/07/13";348,8063;"UVR_Unidad de valor real"
"2023/07/14";348,8562;"UVR_Unidad de valor real"
"2023/07/15";348,9061;"UVR_Unidad de valor real"
"2023/07/16";348,9398;"UVR_Unidad de valor real"
"2023/07/17";348,9735;"UVR_Unidad de valor real"
"2023/07/18";349,0073;"UVR_Unidad de valor real"
"2023/07/19";349,041;"UVR_Unidad de valor real"
"2023/07/20";349,0747;"UVR_Unidad de valor real"
"2023/07/21";349,1084;"UVR_Unidad de valor real"
"2023/07/22";349,1422;"UVR_Unidad de valor real"
"2023/07/23";349,1759;"UVR_Unidad de valor real"
"2023/07/24";349,2097;"UVR_Unidad de valor real"
"2023/07/25";349,2434;"UVR_Unidad de valor real"
"2023/07/26";349,2772;"UVR_Unidad de valor real"
"2023/07/27";349,3109;"UVR_Unidad de valor real"
"2023/07/28";349,3447;"UVR_Unidad de valor real"
"2023/07/29";349,3784;"UVR_Unidad de valor real"
"2023/07/30";349,4122;"UVR_Unidad de valor real"
"2023/07/31";349,446;"UVR_Unidad de valor real"
"2023/08/01";349,4797;"UVR_Unidad de valor real"
"2023/08/02";349,5135;"UVR_Unidad de valor real"
"2023/08/03";349,5473;"UVR_Unidad de valor real"
"2023/08/04";349,581;"UVR_Unidad de valor real"
"2023/08/05";349,6148;"UVR_Unidad de valor real"
"2023/08/06";349,6486;"UVR_Unidad de valor real"
"2023/08/07";349,6824;"UVR_Unidad de valor real"
"2023/08/08";349,7162;"UVR_Unidad de valor real"
"2023/08/09";349,75;"UVR_Unidad de valor real"
"2023/08/10";349,7838;"UVR_Unidad de valor real"
"2023/08/11";349,8176;"UVR_Unidad de valor real"
"2023/08/12";349,8514;"UVR_Unidad de valor real"
"2023/08/13";349,8852;"UVR_Unidad de valor real"
"2023/08/14";349,919;"UVR_Unidad de valor real"
"2023/08/15";349,9528;"UVR_Unidad de valor real"
"2023/08/16";350,0091;"UVR_Unidad de valor real"
"2023/08/17";350,0654;"UVR_Unidad de valor real"
"2023/08/18";350,1218;"UVR_Unidad de valor real"
"2023/08/19";350,1781;"UVR_Unidad de valor real"
"2023/08/20";350,2344;"UVR_Unidad de valor real"
"2023/08/21";350,2908;"UVR_Unidad de valor real"
"2023/08/22";350,3471;"UVR_Unidad de valor real"
"2023/08/23";350,4035;"UVR_Unidad de valor real"
"2023/08/24";350,4599;"UVR_Unidad de valor real"
"2023/08/25";350,5163;"UVR_Unidad de valor real"
"2023/08/26";350,5727;"UVR_Unidad de valor real"
"2023/08/27";350,6291;"UVR_Unidad de valor real"
"2023/08/28";350,6855;"UVR_Unidad de valor real"
"2023/08/29";350,7419;"UVR_Unidad de valor real"
"2023/08/30";350,7984;"UVR_Unidad de valor real"
"2023/08/31";350,8548;"UVR_Unidad de valor real"
"2023/09/01";350,9113;"UVR_Unidad de valor real"
"2023/09/02";350,9677;"UVR_Unidad de valor real"
"2023/09/03";351,0242;"UVR_Unidad de valor real"
"2023/09/04";351,0807;"UVR_Unidad de valor real"
"2023/09/05";351,1372;"UVR_Unidad de valor real"
"2023/09/06";351,1937;"UVR_Unidad de valor real"
"2023/09/07";351,2502;"UVR_Unidad de valor real"
"2023/09/08";351,3067;"UVR_Unidad de valor real"
"2023/09/09";351,3632;"UVR_Unidad de valor real"
"2023/09/10";351,4198;"UVR_Unidad de valor real"
"2023/09/11";351,4763;"UVR_Unidad de valor real"
"2023/09/12";351,5329;"UVR_Unidad de valor real"
"2023/09/13";351,5894;"UVR_Unidad de valor real"
"2023/09/14";351,646;"UVR_Unidad de valor real"
"2023/09/15";351,7026;"UVR_Unidad de valor real"
"2023/09/16";351,7844;"UVR_Unidad de valor real"
"2023/09/17";351,8662;"UVR_Unidad de valor real"
"2023/09/18";351,948;"UVR_Unidad de valor real"
"2023/09/19";352,0299;"UVR_Unidad de valor real"
"2023/09/20";352,1117;"UVR_Unidad de valor real"
"2023/09/21";352,1936;"UVR_Unidad de valor real"
"2023/09/22";352,2755;"UVR_Unidad de valor real"
"2023/09/23";352,3574;"UVR_Unidad de valor real"
"2023/09/24";352,4394;"UVR_Unidad de valor real"
"2023/09/25";352,5213;"UVR_Unidad de valor real"
"2023/09/26";352,6033;"UVR_Unidad de valor real"
"2023/09/27";352,6853;"UVR_Unidad de valor real"
"2023/09/28";352,7673;"UVR_Unidad de valor real"
"2023/09/29";352,8494;"UVR_Unidad de valor real"
"2023/09/30";352,9314;"UVR_Unidad de valor real"
"2023/10/01";353,0135;"UVR_Unidad de valor real"
"2023/10/02";353,0956;"UVR_Unidad de valor real"
"2023/10/03";353,1777;"UVR_Unidad de valor real"
"2023/10/04";353,2598;"UVR_Unidad de valor real"
"2023/10/05";353,342;"UVR_Unidad de valor real"
"2023/10/06";353,4241;"UVR_Unidad de valor real"
"2023/10/07";353,5063;"UVR_Unidad de valor real"
"2023/10/08";353,5885;"UVR_Unidad de valor real"
"2023/10/09";353,6708;"UVR_Unidad de valor real"
"2023/10/10";353,753;"UVR_Unidad de valor real"
"2023/10/11";353,8353;"UVR_Unidad de valor real"
"2023/10/12";353,9176;"UVR_Unidad de valor real"
"2023/10/13";353,9999;"UVR_Unidad de valor real"
"2023/10/14";354,0822;"UVR_Unidad de valor real"
"2023/10/15";354,1645;"UVR_Unidad de valor real"
"2023/10/16";354,226;"UVR_Unidad de valor real"
"2023/10/17";354,2876;"UVR_Unidad de valor real"
"2023/10/18";354,3491;"UVR_Unidad de valor real"
"2023/10/19";354,4107;"UVR_Unidad de valor real"
"2023/10/20";354,4723;"UVR_Unidad de valor real"
"2023/10/21";354,5339;"UVR_Unidad de valor real"
"2023/10/22";354,5955;"UVR_Unidad de valor real"
"2023/10/23";354,6571;"UVR_Unidad de valor real"
"2023/10/24";354,7187;"UVR_Unidad de valor real"
"2023/10/25";354,7803;"UVR_Unidad de valor real"
"2023/10/26";354,8419;"UVR_Unidad de valor real"
"2023/10/27";354,9036;"UVR_Unidad de valor real"
"2023/10/28";354,9653;"UVR_Unidad de valor real"
"2023/10/29";355,0269;"UVR_Unidad de valor real"
"2023/10/30";355,0886;"UVR_Unidad de valor real"
"2023/10/31";355,1503;"UVR_Unidad de valor real"
"2023/11/01";355,212;"UVR_Unidad de valor real"
"2023/11/02";355,2737;"UVR_Unidad de valor real"
"2023/11/03";355,3354;"UVR_Unidad de valor real"
"2023/11/04";355,3972;"UVR_Unidad de valor real"
"2023/11/05";355,4589;"UVR_Unidad de valor real"
"2023/11/06";355,5207;"UVR_Unidad de valor real"
"2023/11/07";355,5825;"UVR_Unidad de valor real"
"2023/11/08";355,6442;"UVR_Unidad de valor real"
"2023/11/09";355,706;"UVR_Unidad de valor real"
"2023/11/10";355,7678;"UVR_Unidad de valor real"
"2023/11/11";355,8296;"UVR_Unidad de valor real"
"2023/11/12";355,8915;"UVR_Unidad de valor real"
"2023/11/13";355,9533;"UVR_Unidad de valor real"
"2023/11/14";356,0151;"UVR_Unidad de valor real"
"2023/11/15";356,077;"UVR_Unidad de valor real"
"2023/11/16";356,1066;"UVR_Unidad de valor real"
"2023/11/17";356,1363;"UVR_Unidad de valor real"
"2023/11/18";356,1659;"UVR_Unidad de valor real"
"2023/11/19";356,1956;"UVR_Unidad de valor real"
"2023/11/20";356,2252;"UVR_Unidad de valor real"
"2023/11/21";356,2549;"UVR_Unidad de valor real"
"2023/11/22";356,2845;"UVR_Unidad de valor real"
"2023/11/23";356,3142;"UVR_Unidad de valor real"
"2023/11/24";356,3438;"UVR_Unidad de valor real"
"2023/11/25";356,3735;"UVR_Unidad de valor real"
"2023/11/26";356,4031;"UVR_Unidad de valor real"
"2023/11/27";356,4328;"UVR_Unidad de valor real"
"2023/11/28";356,4625;"UVR_Unidad de valor real"
"2023/11/29";356,4921;"UVR_Unidad de valor real"
"2023/11/30";356,5218;"UVR_Unidad de valor real"
"2023/12/01";356,5515;"UVR_Unidad de valor real"
"2023/12/02";356,5812;"UVR_Unidad de valor real"
"2023/12/03";356,6108;"UVR_Unidad de valor real"
"2023/12/04";356,6405;"UVR_Unidad de valor real"
"2023/12/05";356,6702;"UVR_Unidad de valor real"
"2023/12/06";356,6999;"UVR_Unidad de valor real"
"2023/12/07";356,7296;"UVR_Unidad de valor real"
"2023/12/08";356,7593;"UVR_Unidad de valor real"
"2023/12/09";356,789;"UVR_Unidad de valor real"
"2023/12/10";356,8187;"UVR_Unidad de valor real"
"2023/12/11";356,8484;"UVR_Unidad de valor real"
"2023/12/12";356,8781;"UVR_Unidad de valor real"
"2023/12/13";356,9078;"UVR_Unidad de valor real"
"2023/12/14";356,9375;"UVR_Unidad de valor real"
"2023/12/15";356,9672;"UVR_Unidad de valor real"
"2023/12/16";357,0212;"UVR_Unidad de valor real"
"2023/12/17";357,0752;"UVR_Unidad de valor real"
"2023/12/18";357,1292;"UVR_Unidad de valor real"
"2023/12/19";357,1832;"UVR_Unidad de valor real"
"2023/12/20";357,2373;"UVR_Unidad de valor real"
"2023/12/21";357,2913;"UVR_Unidad de valor real"
"2023/12/22";357,3454;"UVR_Unidad de valor real"
"2023/12/23";357,3994;"UVR_Unidad de valor real"
"2023/12/24";357,4535;"UVR_Unidad de valor real"
"2023/12/25";357,5075;"UVR_Unidad de valor real"
"2023/12/26";357,5616;"UVR_Unidad de valor real"
"2023/12/27";357,6157;"UVR_Unidad de valor real"
"2023/12/28";357,6698;"UVR_Unidad de valor real"
"2023/12/29";357,7239;"UVR_Unidad de valor real"
"2023/12/30";357,778;"UVR_Unidad de valor real"
"2023/12/31";357,8322;"UVR_Unidad de valor real"
"2024/01/01";357,8863;"UVR_Unidad de valor real"
"2024/01/02";357,9404;"UVR_Unidad de valor real"
"2024/01/03";357,9946;"UVR_Unidad de valor real"
"2024/01/04";358,0487;"UVR_Unidad de valor real"
"2024/01/05";358,1029;"UVR_Unidad de valor real"
"2024/01/06";358,157;"UVR_Unidad de valor real"
"2024/01/07";358,2112;"UVR_Unidad de valor real"
"2024/01/08";358,2654;"UVR_Unidad de valor real"
"2024/01/09";358,3196;"UVR_Unidad de valor real"
"2024/01/10";358,3738;"UVR_Unidad de valor real"
"2024/01/11";358,428;"UVR_Unidad de valor real"
"2024/01/12";358,4822;"UVR_Unidad de valor real"
"2024/01/13";358,5365;"UVR_Unidad de valor real"
"2024/01/14";358,5907;"UVR_Unidad de valor real"
"2024/01/15";358,6449;"UVR_Unidad de valor real"
"2024/01/16";358,6968;"UVR_Unidad de valor real"
"2024/01/17";358,7488;"UVR_Unidad de valor real"
"2024/01/18";358,8008;"UVR_Unidad de valor real"
"2024/01/19";358,8527;"UVR_Unidad de valor real"
"2024/01/20";358,9047;"UVR_Unidad de valor real"
"2024/01/21";358,9567;"UVR_Unidad de valor real"
"2024/01/22";359,0087;"UVR_Unidad de valor real"
"2024/01/23";359,0607;"UVR_Unidad de valor real"
"2024/01/24";359,1127;"UVR_Unidad de valor real"
"2024/01/25";359,1647;"UVR_Unidad de valor real"
"2024/01/26";359,2167;"UVR_Unidad de valor real"
"2024/01/27";359,2688;"UVR_Unidad de valor real"
"2024/01/28";359,3208;"UVR_Unidad de valor real"
"2024/01/29";359,3729;"UVR_Unidad de valor real"
"2024/01/30";359,4249;"UVR_Unidad de valor real"
"2024/01/31";359,477;"UVR_Unidad de valor real"
"2024/02/01";359,529;"UVR_Unidad de valor real"
"2024/02/02";359,5811;"UVR_Unidad de valor real"
"2024/02/03";359,6332;"UVR_Unidad de valor real"
"2024/02/04";359,6853;"UVR_Unidad de valor real"
"2024/02/05";359,7374;"UVR_Unidad de valor real"
"2024/02/06";359,7895;"UVR_Unidad de valor real"
"2024/02/07";359,8416;"UVR_Unidad de valor real"
"2024/02/08";359,8937;"UVR_Unidad de valor real"
"2024/02/09";359,9459;"UVR_Unidad de valor real"
"2024/02/10";359,998;"UVR_Unidad de valor real"
"2024/02/11";360,0501;"UVR_Unidad de valor real"
"2024/02/12";360,1023;"UVR_Unidad de valor real"
"2024/02/13";360,1545;"UVR_Unidad de valor real"
"2024/02/14";360,2066;"UVR_Unidad de valor real"
"2024/02/15";360,2588;"UVR_Unidad de valor real"
"2024/02/16";360,3726;"UVR_Unidad de valor real"
"2024/02/17";360,4864;"UVR_Unidad de valor real"
"2024/02/18";360,6003;"UVR_Unidad de valor real"
"2024/02/19";360,7142;"UVR_Unidad de valor real"
"2024/02/20";360,8281;"UVR_Unidad de valor real"
"2024/02/21";360,942;"UVR_Unidad de valor real"
"2024/02/22";361,056;"UVR_Unidad de valor real"
"2024/02/23";361,1701;"UVR_Unidad de valor real"
"2024/02/24";361,2842;"UVR_Unidad de valor real"
"2024/02/25";361,3983;"UVR_Unidad de valor real"
"2024/02/26";361,5124;"UVR_Unidad de valor real"
"2024/02/27";361,6266;"UVR_Unidad de valor real"
"2024/02/28";361,7408;"UVR_Unidad de valor real"
"2024/02/29";361,8551;"UVR_Unidad de valor real"
"2024/03/01";361,9693;"UVR_Unidad de valor real"
"2024/03/02";362,0837;"UVR_Unidad de valor real"
"2024/03/03";362,198;"UVR_Unidad de valor real"
"2024/03/04";362,3124;"UVR_Unidad de valor real"
"2024/03/05";362,4269;"UVR_Unidad de valor real"
"2024/03/06";362,5413;"UVR_Unidad de valor real"
"2024/03/07";362,6558;"UVR_Unidad de valor real"
"2024/03/08";362,7704;"UVR_Unidad de valor real"
"2024/03/09";362,885;"UVR_Unidad de valor real"
"2024/03/10";362,9996;"UVR_Unidad de valor real"
"2024/03/11";363,1142;"UVR_Unidad de valor real"
"2024/03/12";363,2289;"UVR_Unidad de valor real"
"2024/03/13";363,3436;"UVR_Unidad de valor real"
"2024/03/14";363,4584;"UVR_Unidad de valor real"
"2024/03/15";363,5732;"UVR_Unidad de valor real"
"2024/03/16";363,7004;"UVR_Unidad de valor real"
"2024/03/17";363,8276;"UVR_Unidad de valor real"
"2024/03/18";363,9548;"UVR_Unidad de valor real"
"2024/03/19";364,0821;"UVR_Unidad de valor real"
"2024/03/20";364,2095;"UVR_Unidad de valor real"
"2024/03/21";364,3369;"UVR_Unidad de valor real"
"2024/03/22";364,4643;"UVR_Unidad de valor real"
"2024/03/23";364,5918;"UVR_Unidad de valor real"
"2024/03/24";364,7193;"UVR_Unidad de valor real"
"2024/03/25";364,8469;"UVR_Unidad de valor real"
"2024/03/26";364,9745;"UVR_Unidad de valor real"
"2024/03/27";365,1021;"UVR_Unidad de valor real"
"2024/03/28";365,2299;"UVR_Unidad de valor real"
"2024/03/29";365,3576;"UVR_Unidad de valor real"
"2024/03/30";365,4854;"UVR_Unidad de valor real"
"2024/03/31";365,6132;"UVR_Unidad de valor real"
"2024/04/01";365,7411;"UVR_Unidad de valor real"
"2024/04/02";365,869;"UVR_Unidad de valor real"
"2024/04/03";365,997;"UVR_Unidad de valor real"
"2024/04/04";366,125;"UVR_Unidad de valor real"
"2024/04/05";366,2531;"UVR_Unidad de valor real"
"2024/04/06";366,3812;"UVR_Unidad de valor real"
"2024/04/07";366,5093;"UVR_Unidad de valor real"
"2024/04/08";366,6375;"UVR_Unidad de valor real"
"2024/04/09";366,7658;"UVR_Unidad de valor real"
"2024/04/10";366,8941;"UVR_Unidad de valor real"
"2024/04/11";367,0224;"UVR_Unidad de valor real"
"2024/04/12";367,1508;"UVR_Unidad de valor real"
"2024/04/13";367,2792;"UVR_Unidad de valor real"
"2024/04/14";367,4076;"UVR_Unidad de valor real"
"2024/04/15";367,5361;"UVR_Unidad de valor real"
"2024/04/16";367,6216;"UVR_Unidad de valor real"
"2024/04/17";367,7071;"UVR_Unidad de valor real"
"2024/04/18";367,7926;"UVR_Unidad de valor real"
"2024/04/19";367,8781;"UVR_Unidad de valor real"
"2024/04/20";367,9636;"UVR_Unidad de valor real"
"2024/04/21";368,0492;"UVR_Unidad de valor real"
"2024/04/22";368,1348;"UVR_Unidad de valor real"
"2024/04/23";368,2204;"UVR_Unidad de valor real"
"2024/04/24";368,306;"UVR_Unidad de valor real"
"2024/04/25";368,3917;"UVR_Unidad de valor real"
"2024/04/26";368,4774;"UVR_Unidad de valor real"
"2024/04/27";368,563;"UVR_Unidad de valor real"
"2024/04/28";368,6488;"UVR_Unidad de valor real"
"2024/04/29";368,7345;"UVR_Unidad de valor real"
"2024/04/30";368,8202;"UVR_Unidad de valor real"
"2024/05/01";368,906;"UVR_Unidad de valor real"
"2024/05/02";368,9918;"UVR_Unidad de valor real"
"2024/05/03";369,0776;"UVR_Unidad de valor real"
"2024/05/04";369,1634;"UVR_Unidad de valor real"
"2024/05/05";369,2493;"UVR_Unidad de valor real"
"2024/05/06";369,3351;"UVR_Unidad de valor real"
"2024/05/07";369,421;"UVR_Unidad de valor real"
"2024/05/08";369,5069;"UVR_Unidad de valor real"
"2024/05/09";369,5929;"UVR_Unidad de valor real"
"2024/05/10";369,6788;"UVR_Unidad de valor real"
"2024/05/11";369,7648;"UVR_Unidad de valor real"
"2024/05/12";369,8508;"UVR_Unidad de valor real"
"2024/05/13";369,9368;"UVR_Unidad de valor real"
"2024/05/14";370,0228;"UVR_Unidad de valor real"
"2024/05/15";370,1089;"UVR_Unidad de valor real"
"2024/05/16";370,1791;"UVR_Unidad de valor real"
"2024/05/17";370,2494;"UVR_Unidad de valor real"
"2024/05/18";370,3197;"UVR_Unidad de valor real"
"2024/05/19";370,3899;"UVR_Unidad de valor real"
"2024/05/20";370,4602;"UVR_Unidad de valor real"
"2024/05/21";370,5305;"UVR_Unidad de valor real"
"2024/05/22";370,6009;"UVR_Unidad de valor real"
"2024/05/23";370,6712;"UVR_Unidad de valor real"
"2024/05/24";370,7415;"UVR_Unidad de valor real"
"2024/05/25";370,8119;"UVR_Unidad de valor real"
"2024/05/26";370,8823;"UVR_Unidad de valor real"
"2024/05/27";370,9527;"UVR_Unidad de valor real"
"2024/05/28";371,0231;"UVR_Unidad de valor real"
"2024/05/29";371,0935;"UVR_Unidad de valor real"
"2024/05/30";371,1639;"UVR_Unidad de valor real"
"2024/05/31";371,2343;"UVR_Unidad de valor real"
"2024/06/01";371,3048;"UVR_Unidad de valor real"
"2024/06/02";371,3753;"UVR_Unidad de valor real"
"2024/06/03";371,4457;"UVR_Unidad de valor real"
"2024/06/04";371,5162;"UVR_Unidad de valor real"
"2024/06/05";371,5867;"UVR_Unidad de valor real"
"2024/06/06";371,6573;"UVR_Unidad de valor real"
"2024/06/07";371,7278;"UVR_Unidad de valor real"
"2024/06/08";371,7983;"UVR_Unidad de valor real"
"2024/06/09";371,8689;"UVR_Unidad de valor real"
"2024/06/10";371,9395;"UVR_Unidad de valor real"
"2024/06/11";372,0101;"UVR_Unidad de valor real"
"2024/06/12";372,0807;"UVR_Unidad de valor real"
"2024/06/13";372,1513;"UVR_Unidad de valor real"
"2024/06/14";372,2219;"UVR_Unidad de valor real"
"2024/06/15";372,2925;"UVR_Unidad de valor real"
"2024/06/16";372,3458;"UVR_Unidad de valor real"
"2024/06/17";372,399;"UVR_Unidad de valor real"
"2024/06/18";372,4523;"UVR_Unidad de valor real"
"2024/06/19";372,5056;"UVR_Unidad de valor real"
"2024/06/20";372,5588;"UVR_Unidad de valor real"
"2024/06/21";372,6121;"UVR_Unidad de valor real"
"2024/06/22";372,6654;"UVR_Unidad de valor real"
"2024/06/23";372,7187;"UVR_Unidad de valor real"
"2024/06/24";372,772;"UVR_Unidad de valor real"
"2024/06/25";372,8254;"UVR_Unidad de valor real"
"2024/06/26";372,8787;"UVR_Unidad de valor real"
"2024/06/27";372,932;"UVR_Unidad de valor real"
"2024/06/28";372,9854;"UVR_Unidad de valor real"
"2024/06/29";373,0387;"UVR_Unidad de valor real"
"2024/06/30";373,0921;"UVR_Unidad de valor real"
"2024/07/01";373,1454;"UVR_Unidad de valor real"
"2024/07/02";373,1988;"UVR_Unidad de valor real"
"2024/07/03";373,2522;"UVR_Unidad de valor real"
"2024/07/04";373,3056;"UVR_Unidad de valor real"
"2024/07/05";373,359;"UVR_Unidad de valor real"
"2024/07/06";373,4124;"UVR_Unidad de valor real"
"2024/07/07";373,4658;"UVR_Unidad de valor real"
"2024/07/08";373,5192;"UVR_Unidad de valor real"
"2024/07/09";373,5726;"UVR_Unidad de valor real"
"2024/07/10";373,6261;"UVR_Unidad de valor real"
"2024/07/11";373,6795;"UVR_Unidad de valor real"
"2024/07/12";373,733;"UVR_Unidad de valor real"
"2024/07/13";373,7864;"UVR_Unidad de valor real"
"2024/07/14";373,8399;"UVR_Unidad de valor real"
"2024/07/15";373,8934;"UVR_Unidad de valor real"
"2024/07/16";373,9319;"UVR_Unidad de valor real"
"2024/07/17";373,9705;"UVR_Unidad de valor real"
"2024/07/18";374,009;"UVR_Unidad de valor real"
"2024/07/19";374,0476;"UVR_Unidad de valor real"
"2024/07/20";374,0861;"UVR_Unidad de valor real"
"2024/07/21";374,1247;"UVR_Unidad de valor real"
"2024/07/22";374,1632;"UVR_Unidad de valor real"
"2024/07/23";374,2018;"UVR_Unidad de valor real"
"2024/07/24";374,2404;"UVR_Unidad de valor real"
"2024/07/25";374,2789;"UVR_Unidad de valor real"
"2024/07/26";374,3175;"UVR_Unidad de valor real"
"2024/07/27";374,3561;"UVR_Unidad de valor real"
"2024/07/28";374,3947;"UVR_Unidad de valor real"
"2024/07/29";374,4333;"UVR_Unidad de valor real"
"2024/07/30";374,4719;"UVR_Unidad de valor real"
"2024/07/31";374,5104;"UVR_Unidad de valor real"
"2024/08/01";374,549;"UVR_Unidad de valor real"
"2024/08/02";374,5877;"UVR_Unidad de valor real"
"2024/08/03";374,6263;"UVR_Unidad de valor real"
"2024/08/04";374,6649;"UVR_Unidad de valor real"
"2024/08/05";374,7035;"UVR_Unidad de valor real"
"2024/08/06";374,7421;"UVR_Unidad de valor real"
"2024/08/07";374,7807;"UVR_Unidad de valor real"
"2024/08/08";374,8194;"UVR_Unidad de valor real"
"2024/08/09";374,858;"UVR_Unidad de valor real"
"2024/08/10";374,8966;"UVR_Unidad de valor real"
"2024/08/11";374,9353;"UVR_Unidad de valor real"
"2024/08/12";374,9739;"UVR_Unidad de valor real"
"2024/08/13";375,0126;"UVR_Unidad de valor real"
"2024/08/14";375,0512;"UVR_Unidad de valor real"
"2024/08/15";375,0899;"UVR_Unidad de valor real"
"2024/08/16";375,1141;"UVR_Unidad de valor real"
"2024/08/17";375,1383;"UVR_Unidad de valor real"
"2024/08/18";375,1624;"UVR_Unidad de valor real"
"2024/08/19";375,1866;"UVR_Unidad de valor real"
"2024/08/20";375,2108;"UVR_Unidad de valor real"
"2024/08/21";375,235;"UVR_Unidad de valor real"
"2024/08/22";375,2592;"UVR_Unidad de valor real"
"2024/08/23";375,2834;"UVR_Unidad de valor real"
"2024/08/24";375,3075;"UVR_Unidad de valor real"
"2024/08/25";375,3317;"UVR_Unidad de valor real"
"2024/08/26";375,3559;"UVR_Unidad de valor real"
"2024/08/27";375,3801;"UVR_Unidad de valor real"
"2024/08/28";375,4043;"UVR_Unidad de valor real"
"2024/08/29";375,4285;"UVR_Unidad de valor real"
"2024/08/30";375,4527;"UVR_Unidad de valor real"
"2024/08/31";375,4769;"UVR_Unidad de valor real"
"2024/09/01";375,5011;"UVR_Unidad de valor real"
"2024/09/02";375,5253;"UVR_Unidad de valor real"
"2024/09/03";375,5495;"UVR_Unidad de valor real"
"2024/09/04";375,5737;"UVR_Unidad de valor real"
"2024/09/05";375,5979;"UVR_Unidad de valor real"
"2024/09/06";375,6221;"UVR_Unidad de valor real"
"2024/09/07";375,6463;"UVR_Unidad de valor real"
"2024/09/08";375,6706;"UVR_Unidad de valor real"
"2024/09/09";375,6948;"UVR_Unidad de valor real"
"2024/09/10";375,719;"UVR_Unidad de valor real"
"2024/09/11";375,7432;"UVR_Unidad de valor real"
"2024/09/12";375,7674;"UVR_Unidad de valor real"
"2024/09/13";375,7916;"UVR_Unidad de valor real"
"2024/09/14";375,8159;"UVR_Unidad de valor real"
"2024/09/15";375,8401;"UVR_Unidad de valor real"
"2024/09/16";375,8401;"UVR_Unidad de valor real"
"2024/09/17";375,8401;"UVR_Unidad de valor real"
"2024/09/18";375,8401;"UVR_Unidad de valor real"
"2024/09/19";375,8401;"UVR_Unidad de valor real"
"2024/09/20";375,8401;"UVR_Unidad de valor real"
"2024/09/21";375,8401;"UVR_Unidad de valor real"
"2024/09/22";375,8401;"UVR_Unidad de valor real"
"2024/09/23";375,8401;"UVR_Unidad de valor real"
"2024/09/24";375,8401;"UVR_Unidad de valor real"
"2024/09/25";375,8401;"UVR_Unidad de valor real"
"2024/09/26";375,8401;"UVR_Unidad de valor real"
"2024/09/27";375,8401;"UVR_Unidad de valor real"
"2024/09/28";375,8401;"UVR_Unidad de valor real"
"2024/09/29";375,8401;"UVR_Unidad de valor real"
"2024/09/30";375,8401;"UVR_Unidad de valor real"
"2024/10/01";375,8401;"UVR_Unidad de valor real"
"2024/10/02";375,8401;"UVR_Unidad de valor real"
"2024/10/03";375,8401;"UVR_Unidad de valor real"
"2024/10/04";375,8401;"UVR_Unidad de valor real"
"2024/10/05";375,8401;"UVR_Unidad de valor real"
"2024/10/06";375,8401;"UVR_Unidad de valor real"
"2024/10/07";375,8401;"UVR_Unidad de valor real"
"2024/10/08";375,8401;"UVR_Unidad de valor real"
"2024/10/09";375,8401;"UVR_Unidad de valor real"
"2024/10/10";375,8401;"UVR_Unidad de valor real"
"2024/10/11";375,8401;"UVR_Unidad de valor real"
"2024/10/12";375,8401;"UVR_Unidad de valor real"
"2024/10/13";375,8401;"UVR_Unidad de valor real"
"2024/10/14";375,8401;"UVR_Unidad de valor real"
"2024/10/15";375,8401;"UVR_Unidad de valor real"
"2024/10/16";375,8692;"UVR_Unidad de valor real"
"2024/10/17";375,8982;"UVR_Unidad de valor real"
"2024/10/18";375,9273;"UVR_Unidad de valor real"
"2024/10/19";375,9564;"UVR_Unidad de valor real"
"2024/10/20";375,9854;"UVR_Unidad de valor real"
"2024/10/21";376,0145;"UVR_Unidad de valor real"
"2024/10/22";376,0436;"UVR_Unidad de valor real"
"2024/10/23";376,0727;"UVR_Unidad de valor real"
"2024/10/24";376,1018;"UVR_Unidad de valor real"
"2024/10/25";376,1308;"UVR_Unidad de valor real"
"2024/10/26";376,1599;"UVR_Unidad de valor real"
"2024/10/27";376,189;"UVR_Unidad de valor real"
"2024/10/28";376,2181;"UVR_Unidad de valor real"
"2024/10/29";376,2472;"UVR_Unidad de valor real"
"2024/10/30";376,2763;"UVR_Unidad de valor real"
"2024/10/31";376,3054;"UVR_Unidad de valor real"
"2024/11/01";376,3345;"UVR_Unidad de valor real"
"2024/11/02";376,3636;"UVR_Unidad de valor real"
"2024/11/03";376,3927;"UVR_Unidad de valor real"
"2024/11/04";376,4218;"UVR_Unidad de valor real"
"2024/11/05";376,4509;"UVR_Unidad de valor real"
"2024/11/06";376,48;"UVR_Unidad de valor real"
"2024/11/07";376,5091;"UVR_Unidad de valor real"
"2024/11/08";376,5382;"UVR_Unidad de valor real"
"2024/11/09";376,5674;"UVR_Unidad de valor real"
"2024/11/10";376,5965;"UVR_Unidad de valor real"
"2024/11/11";376,6256;"UVR_Unidad de valor real"
"2024/11/12";376,6547;"UVR_Unidad de valor real"
"2024/11/13";376,6839;"UVR_Unidad de valor real"
"2024/11/14";376,713;"UVR_Unidad de valor real"
"2024/11/15";376,7421;"UVR_Unidad de valor real"
"2024/11/16";376,7258;"UVR_Unidad de valor real"
"2024/11/17";376,7094;"UVR_Unidad de valor real"
"2024/11/18";376,6931;"UVR_Unidad de valor real"
"2024/11/19";376,6768;"UVR_Unidad de valor real"
"2024/11/20";376,6604;"UVR_Unidad de valor real"
"2024/11/21";376,6441;"UVR_Unidad de valor real"
"2024/11/22";376,6278;"UVR_Unidad de valor real"
"2024/11/23";376,6114;"UVR_Unidad de valor real"
"2024/11/24";376,5951;"UVR_Unidad de valor real"
"2024/11/25";376,5788;"UVR_Unidad de valor real"
"2024/11/26";376,5624;"UVR_Unidad de valor real"
"2024/11/27";376,5461;"UVR_Unidad de valor real"
"2024/11/28";376,5298;"UVR_Unidad de valor real"
"2024/11/29";376,5135;"UVR_Unidad de valor real"
"2024/11/30";376,4971;"UVR_Unidad de valor real"
"2024/12/01";376,4808;"UVR_Unidad de valor real"
"2024/12/02";376,4645;"UVR_Unidad de valor real"
"2024/12/03";376,4482;"UVR_Unidad de valor real"
"2024/12/04";376,4318;"UVR_Unidad de valor real"
"2024/12/05";376,4155;"UVR_Unidad de valor real"
"2024/12/06";376,3992;"UVR_Unidad de valor real"
"2024/12/07";376,3829;"UVR_Unidad de valor real"
"2024/12/08";376,3666;"UVR_Unidad de valor real"
"2024/12/09";376,3502;"UVR_Unidad de valor real"
"2024/12/10";376,3339;"UVR_Unidad de valor real"
"2024/12/11";376,3176;"UVR_Unidad de valor real"
"2024/12/12";376,3013;"UVR_Unidad de valor real"
"2024/12/13";376,285;"UVR_Unidad de valor real"
"2024/12/14";376,2687;"UVR_Unidad de valor real"
"2024/12/15";376,2523;"UVR_Unidad de valor real"
"2024/12/16";376,285;"UVR_Unidad de valor real"
"2024/12/17";376,3178;"UVR_Unidad de valor real"
"2024/12/18";376,3505;"UVR_Unidad de valor real"
"2024/12/19";376,3832;"UVR_Unidad de valor real"
"2024/12/20";376,416;"UVR_Unidad de valor real"
"2024/12/21";376,4487;"UVR_Unidad de valor real"
"2024/12/22";376,4815;"UVR_Unidad de valor real"
"2024/12/23";376,5142;"UVR_Unidad de valor real"
"2024/12/24";376,547;"UVR_Unidad de valor real"
"2024/12/25";376,5797;"UVR_Unidad de valor real"
"2024/12/26";376,6125;"UVR_Unidad de valor real"
"2024/12/27";376,6452;"UVR_Unidad de valor real"
"2024/12/28";376,678;"UVR_Unidad de valor real"
"2024/12/29";376,7107;"UVR_Unidad de valor real"
"2024/12/30";376,7435;"UVR_Unidad de valor real"
"2024/12/31";376,7763;"UVR_Unidad de valor real"
"2025/01/01";376,8091;"UVR_Unidad de valor real"
"2025/01/02";376,8418;"UVR_Unidad de valor real"
"2025/01/03";376,8746;"UVR_Unidad de valor real"
"2025/01/04";376,9074;"UVR_Unidad de valor real"
"2025/01/05";376,9402;"UVR_Unidad de valor real"
"2025/01/06";376,973;"UVR_Unidad de valor real"
"2025/01/07";377,0058;"UVR_Unidad de valor real"
"2025/01/08";377,0385;"UVR_Unidad de valor real"
"2025/01/09";377,0713;"UVR_Unidad de valor real"
"2025/01/10";377,1041;"UVR_Unidad de valor real"
"2025/01/11";377,1369;"UVR_Unidad de valor real"
"2025/01/12";377,1698;"UVR_Unidad de valor real"
"2025/01/13";377,2026;"UVR_Unidad de valor real"
"2025/01/14";377,2354;"UVR_Unidad de valor real"
"2025/01/15";377,2682;"UVR_Unidad de valor real"
"2025/01/16";377,3241;"UVR_Unidad de valor real"
"2025/01/17";377,3799;"UVR_Unidad de valor real"
"2025/01/18";377,4358;"UVR_Unidad de valor real"
"2025/01/19";377,4917;"UVR_Unidad de valor real"
"2025/01/20";377,5476;"UVR_Unidad de valor real"
"2025/01/21";377,6035;"UVR_Unidad de valor real"
"2025/01/22";377,6594;"UVR_Unidad de valor real"
"2025/01/23";377,7153;"UVR_Unidad de valor real"
"2025/01/24";377,7712;"UVR_Unidad de valor real"
"2025/01/25";377,8271;"UVR_Unidad de valor real"
"2025/01/26";377,8831;"UVR_Unidad de valor real"
"2025/01/27";377,939;"UVR_Unidad de valor real"
"2025/01/28";377,995;"UVR_Unidad de valor real"
"2025/01/29";378,051;"UVR_Unidad de valor real"
"2025/01/30";378,1069;"UVR_Unidad de valor real"
"2025/01/31";378,1629;"UVR_Unidad de valor real"
"2025/02/01";378,2189;"UVR_Unidad de valor real"
"2025/02/02";378,2749;"UVR_Unidad de valor real"
"2025/02/03";378,3309;"UVR_Unidad de valor real"
"2025/02/04";378,3869;"UVR_Unidad de valor real"
"2025/02/05";378,4429;"UVR_Unidad de valor real"
"2025/02/06";378,499;"UVR_Unidad de valor real"
"2025/02/07";378,555;"UVR_Unidad de valor real"
"2025/02/08";378,6111;"UVR_Unidad de valor real"
"2025/02/09";378,6671;"UVR_Unidad de valor real"
"2025/02/10";378,7232;"UVR_Unidad de valor real"
"2025/02/11";378,7793;"UVR_Unidad de valor real"
"2025/02/12";378,8353;"UVR_Unidad de valor real"
"2025/02/13";378,8914;"UVR_Unidad de valor real"
"2025/02/14";378,9475;"UVR_Unidad de valor real"
"2025/02/15";379,0036;"UVR_Unidad de valor real"
"2025/02/16";379,1303;"UVR_Unidad de valor real"
"2025/02/17";379,257;"UVR_Unidad de valor real"
"2025/02/18";379,3837;"UVR_Unidad de valor real"
"2025/02/19";379,5105;"UVR_Unidad de valor real"
"2025/02/20";379,6373;"UVR_Unidad de valor real"
"2025/02/21";379,7642;"UVR_Unidad de valor real"
"2025/02/22";379,8911;"UVR_Unidad de valor real"
"2025/02/23";380,0181;"UVR_Unidad de valor real"
"2025/02/24";380,1451;"UVR_Unidad de valor real"
"2025/02/25";380,2721;"UVR_Unidad de valor real"
"2025/02/26";380,3992;"UVR_Unidad de valor real"
"2025/02/27";380,5264;"UVR_Unidad de valor real"
"2025/02/28";380,6535;"UVR_Unidad de valor real"
"2025/03/01";380,7808;"UVR_Unidad de valor real"
"2025/03/02";380,908;"UVR_Unidad de valor real"
"2025/03/03";381,0353;"UVR_Unidad de valor real"
"2025/03/04";381,1627;"UVR_Unidad de valor real"
"2025/03/05";381,29;"UVR_Unidad de valor real"
"2025/03/06";381,4175;"UVR_Unidad de valor real"
"2025/03/07";381,5449;"UVR_Unidad de valor real"
"2025/03/08";381,6724;"UVR_Unidad de valor real"
"2025/03/09";381,8;"UVR_Unidad de valor real"
"2025/03/10";381,9276;"UVR_Unidad de valor real"
"2025/03/11";382,0552;"UVR_Unidad de valor real"
"2025/03/12";382,1829;"UVR_Unidad de valor real"
"2025/03/13";382,3107;"UVR_Unidad de valor real"
"2025/03/14";382,4384;"UVR_Unidad de valor real"
"2025/03/15";382,5662;"UVR_Unidad de valor real"
"2025/03/16";382,7061;"UVR_Unidad de valor real"
"2025/03/17";382,8461;"UVR_Unidad de valor real"
"2025/03/18";382,9861;"UVR_Unidad de valor real"
"2025/03/19";383,1262;"UVR_Unidad de valor real"
"2025/03/20";383,2663;"UVR_Unidad de valor real"
"2025/03/21";383,4065;"UVR_Unidad de valor real"
"2025/03/22";383,5467;"UVR_Unidad de valor real"
"2025/03/23";383,687;"UVR_Unidad de valor real"
"2025/03/24";383,8273;"UVR_Unidad de valor real"
"2025/03/25";383,9677;"UVR_Unidad de valor real"
"2025/03/26";384,1081;"UVR_Unidad de valor real"
"2025/03/27";384,2486;"UVR_Unidad de valor real"
"2025/03/28";384,3891;"UVR_Unidad de valor real"
"2025/03/29";384,5297;"UVR_Unidad de valor real"
"2025/03/30";384,6703;"UVR_Unidad de valor real"
"2025/03/31";384,811;"UVR_Unidad de valor real"
"2025/04/01";384,9517;"UVR_Unidad de valor real"
"2025/04/02";385,0925;"UVR_Unidad de valor real"
"2025/04/03";385,2334;"UVR_Unidad de valor real"
"2025/04/04";385,3743;"UVR_Unidad de valor real"
"2025/04/05";385,5152;"UVR_Unidad de valor real"
"2025/04/06";385,6562;"UVR_Unidad de valor real"
"2025/04/07";385,7972;"UVR_Unidad de valor real"
"2025/04/08";385,9383;"UVR_Unidad de valor real"
"2025/04/09";386,0795;"UVR_Unidad de valor real"
"2025/04/10";386,2207;"UVR_Unidad de valor real"
"2025/04/11";386,3619;"UVR_Unidad de valor real"
"2025/04/12";386,5032;"UVR_Unidad de valor real"
"2025/04/13";386,6446;"UVR_Unidad de valor real"
"2025/04/14";386,786;"UVR_Unidad de valor real"
"2025/04/15";386,9275;"UVR_Unidad de valor real"
"2025/04/16";386,9944;"UVR_Unidad de valor real"
"2025/04/17";387,0613;"UVR_Unidad de valor real"
"2025/04/18";387,1282;"UVR_Unidad de valor real"
"2025/04/19";387,1952;"UVR_Unidad de valor real"
"2025/04/20";387,2621;"UVR_Unidad de valor real"
"2025/04/21";387,3291;"UVR_Unidad de valor real"
"2025/04/22";387,396;"UVR_Unidad de valor real"
"2025/04/23";387,463;"UVR_Unidad de valor real"
"2025/04/24";387,53;"UVR_Unidad de valor real"
"2025/04/25";387,597;"UVR_Unidad de valor real"
"2025/04/26";387,664;"UVR_Unidad de valor real"
"2025/04/27";387,7311;"UVR_Unidad de valor real"
"2025/04/28";387,7981;"UVR_Unidad de valor real"
"2025/04/29";387,8651;"UVR_Unidad de valor real"
"2025/04/30";387,9322;"UVR_Unidad de valor real"
"2025/05/01";387,9993;"UVR_Unidad de valor real"
"2025/05/02";388,0664;"UVR_Unidad de valor real"
"2025/05/03";388,1335;"UVR_Unidad de valor real"
"2025/05/04";388,2006;"UVR_Unidad de valor real"
"2025/05/05";388,2677;"UVR_Unidad de valor real"
"2025/05/06";388,3348;"UVR_Unidad de valor real"
"2025/05/07";388,402;"UVR_Unidad de valor real"
"2025/05/08";388,4691;"UVR_Unidad de valor real"
"2025/05/09";388,5363;"UVR_Unidad de valor real"
"2025/05/10";388,6035;"UVR_Unidad de valor real"
"2025/05/11";388,6706;"UVR_Unidad de valor real"
"2025/05/12";388,7379;"UVR_Unidad de valor real"
"2025/05/13";388,8051;"UVR_Unidad de valor real"
"2025/05/14";388,8723;"UVR_Unidad de valor real"
"2025/05/15";388,9395;"UVR_Unidad de valor real"
"2025/05/16";389,022;"UVR_Unidad de valor real"
"2025/05/17";389,1046;"UVR_Unidad de valor real"
"2025/05/18";389,1872;"UVR_Unidad de valor real"
"2025/05/19";389,2698;"UVR_Unidad de valor real"
"2025/05/20";389,3524;"UVR_Unidad de valor real"
"2025/05/21";389,435;"UVR_Unidad de valor real"
"2025/05/22";389,5177;"UVR_Unidad de valor real"
"2025/05/23";389,6003;"UVR_Unidad de valor real"
"2025/05/24";389,683;"UVR_Unidad de valor real"
"2025/05/25";389,7657;"UVR_Unidad de valor real"
"2025/05/26";389,8484;"UVR_Unidad de valor real"
"2025/05/27";389,9312;"UVR_Unidad de valor real"
"2025/05/28";390,0139;"UVR_Unidad de valor real"
"2025/05/29";390,0967;"UVR_Unidad de valor real"
"2025/05/30";390,1795;"UVR_Unidad de valor real"
"2025/05/31";390,2623;"UVR_Unidad de valor real"
"2025/06/01";390,3451;"UVR_Unidad de valor real"
"2025/06/02";390,428;"UVR_Unidad de valor real"
"2025/06/03";390,5108;"UVR_Unidad de valor real"
"2025/06/04";390,5937;"UVR_Unidad de valor real"
"2025/06/05";390,6766;"UVR_Unidad de valor real"
"2025/06/06";390,7595;"UVR_Unidad de valor real"
"2025/06/07";390,8424;"UVR_Unidad de valor real"
"2025/06/08";390,9254;"UVR_Unidad de valor real"
"2025/06/09";391,0083;"UVR_Unidad de valor real"
"2025/06/10";391,0913;"UVR_Unidad de valor real"
"2025/06/11";391,1743;"UVR_Unidad de valor real"
"2025/06/12";391,2573;"UVR_Unidad de valor real"
"2025/06/13";391,3404;"UVR_Unidad de valor real"
"2025/06/14";391,4234;"UVR_Unidad de valor real"
"2025/06/15";391,5065;"UVR_Unidad de valor real"
"2025/06/16";391,5482;"UVR_Unidad de valor real"
"2025/06/17";391,5899;"UVR_Unidad de valor real"
"2025/06/18";391,6316;"UVR_Unidad de valor real"
"2025/06/19";391,6733;"UVR_Unidad de valor real"
"2025/06/20";391,715;"UVR_Unidad de valor real"
"2025/06/21";391,7567;"UVR_Unidad de valor real"
"2025/06/22";391,7985;"UVR_Unidad de valor real"
"2025/06/23";391,8402;"UVR_Unidad de valor real"
"2025/06/24";391,8819;"UVR_Unidad de valor real"
"2025/06/25";391,9237;"UVR_Unidad de valor real"
"2025/06/26";391,9654;"UVR_Unidad de valor real"
"2025/06/27";392,0071;"UVR_Unidad de valor real"
"2025/06/28";392,0489;"UVR_Unidad de valor real"
"2025/06/29";392,0907;"UVR_Unidad de valor real"
"2025/06/30";392,1324;"UVR_Unidad de valor real"
"2025/07/01";392,1742;"UVR_Unidad de valor real"
"2025/07/02";392,2159;"UVR_Unidad de valor real"
"2025/07/03";392,2577;"UVR_Unidad de valor real"
"2025/07/04";392,2995;"UVR_Unidad de valor real"
"2025/07/05";392,3413;"UVR_Unidad de valor real"
"2025/07/06";392,3831;"UVR_Unidad de valor real"
"2025/07/07";392,4248;"UVR_Unidad de valor real"
"2025/07/08";392,4666;"UVR_Unidad de valor real"
"2025/07/09";392,5084;"UVR_Unidad de valor real"
"2025/07/10";392,5502;"UVR_Unidad de valor real"
"2025/07/11";392,592;"UVR_Unidad de valor real"
"2025/07/12";392,6339;"UVR_Unidad de valor real"
"2025/07/13";392,6757;"UVR_Unidad de valor real"
"2025/07/14";392,7175;"UVR_Unidad de valor real"
"2025/07/15";392,7593;"UVR_Unidad de valor real"
"2025/07/16";392,772;"UVR_Unidad de valor real"
"2025/07/17";392,7846;"UVR_Unidad de valor real"
"2025/07/18";392,7973;"UVR_Unidad de valor real"
"2025/07/19";392,81;"UVR_Unidad de valor real"
"2025/07/20";392,8226;"UVR_Unidad de valor real"
"2025/07/21";392,8353;"UVR_Unidad de valor real"
"2025/07/22";392,848;"UVR_Unidad de valor real"
"2025/07/23";392,8606;"UVR_Unidad de valor real"
"2025/07/24";392,8733;"UVR_Unidad de valor real"
"2025/07/25";392,886;"UVR_Unidad de valor real"
"2025/07/26";392,8986;"UVR_Unidad de valor real"
"2025/07/27";392,9113;"UVR_Unidad de valor real"
"2025/07/28";392,924;"UVR_Unidad de valor real"
"2025/07/29";392,9366;"UVR_Unidad de valor real"
"2025/07/30";392,9493;"UVR_Unidad de valor real"
"2025/07/31";392,962;"UVR_Unidad de valor real"
"2025/08/01";392,9746;"UVR_Unidad de valor real"
"2025/08/02";392,9873;"UVR_Unidad de valor real"
"2025/08/03";393;"UVR_Unidad de valor real"
"2025/08/04";393,0126;"UVR_Unidad de valor real"
"2025/08/05";393,0253;"UVR_Unidad de valor real"
"2025/08/06";393,038;"UVR_Unidad de valor real"
"2025/08/07";393,0507;"UVR_Unidad de valor real"
"2025/08/08";393,0633;"UVR_Unidad de valor real"
"2025/08/09";393,076;"UVR_Unidad de valor real"
"2025/08/10";393,0887;"UVR_Unidad de valor real"
"2025/08/11";393,1014;"UVR_Unidad de valor real"
"2025/08/12";393,114;"UVR_Unidad de valor real"
"2025/08/13";393,1267;"UVR_Unidad de valor real"
"2025/08/14";393,1394;"UVR_Unidad de valor real"
"2025/08/15";393,1521;"UVR_Unidad de valor real"
"2025/08/16";393,1876;"UVR_Unidad de valor real"
"2025/08/17";393,223;"UVR_Unidad de valor real"
"2025/08/18";393,2585;"UVR_Unidad de valor real"
"2025/08/19";393,294;"UVR_Unidad de valor real"
"2025/08/20";393,3294;"UVR_Unidad de valor real"
"2025/08/21";393,3649;"UVR_Unidad de valor real"
"2025/08/22";393,4004;"UVR_Unidad de valor real"
"2025/08/23";393,4359;"UVR_Unidad de valor real"
"2025/08/24";393,4714;"UVR_Unidad de valor real"
"2025/08/25";393,5069;"UVR_Unidad de valor real"
"2025/08/26";393,5424;"UVR_Unidad de valor real"
"2025/08/27";393,5779;"UVR_Unidad de valor real"
"2025/08/28";393,6134;"UVR_Unidad de valor real"
"2025/08/29";393,6489;"UVR_Unidad de valor real"
"2025/08/30";393,6844;"UVR_Unidad de valor real"
"2025/08/31";393,7199;"UVR_Unidad de valor real"
"2025/09/01";393,7554;"UVR_Unidad de valor real"
"2025/09/02";393,7909;"UVR_Unidad de valor real"
"2025/09/03";393,8264;"UVR_Unidad de valor real"
"2025/09/04";393,862;"UVR_Unidad de valor real"
"2025/09/05";393,8975;"UVR_Unidad de valor real"
"2025/09/06";393,933;"UVR_Unidad de valor real"
"2025/09/07";393,9685;"UVR_Unidad de valor real"
"2025/09/08";394,0041;"UVR_Unidad de valor real"
"2025/09/09";394,0396;"UVR_Unidad de valor real"
"2025/09/10";394,0752;"UVR_Unidad de valor real"
"2025/09/11";394,1107;"UVR_Unidad de valor real"
"2025/09/12";394,1463;"UVR_Unidad de valor real"
"2025/09/13";394,1818;"UVR_Unidad de valor real"
"2025/09/14";394,2174;"UVR_Unidad de valor real"
"2025/09/15";394,2529;"UVR_Unidad de valor real"
"2025/09/16";394,2778;"UVR_Unidad de valor real"
"2025/09/17";394,3028;"UVR_Unidad de valor real"
"2025/09/18";394,3277;"UVR_Unidad de valor real"
"2025/09/19";394,3527;"UVR_Unidad de valor real"
"2025/09/20";394,3776;"UVR_Unidad de valor real"
"2025/09/21";394,4026;"UVR_Unidad de valor real"
"2025/09/22";394,4276;"UVR_Unidad de valor real"
"2025/09/23";394,4525;"UVR_Unidad de valor real"
"2025/09/24";394,4775;"UVR_Unidad de valor real"
"2025/09/25";394,5024;"UVR_Unidad de valor real"
"2025/09/26";394,5274;"UVR_Unidad de valor real"
"2025/09/27";394,5524;"UVR_Unidad de valor real"
"2025/09/28";394,5773;"UVR_Unidad de valor real"
"2025/09/29";394,6023;"UVR_Unidad de valor real"
"2025/09/30";394,6273;"UVR_Unidad de valor real"
"2025/10/01";394,6522;"UVR_Unidad de valor real"
"2025/10/02";394,6772;"UVR_Unidad de valor real"
"2025/10/03";394,7022;"UVR_Unidad de valor real"
"2025/10/04";394,7272;"UVR_Unidad de valor real"
"2025/10/05";394,7521;"UVR_Unidad de valor real"
"2025/10/06";394,7771;"UVR_Unidad de valor real"
"2025/10/07";394,8021;"UVR_Unidad de valor real"
"2025/10/08";394,8271;"UVR_Unidad de valor real"
"2025/10/09";394,8521;"UVR_Unidad de valor real"
"2025/10/10";394,877;"UVR_Unidad de valor real"
"2025/10/11";394,902;"UVR_Unidad de valor real"
"2025/10/12";394,927;"UVR_Unidad de valor real"
"2025/10/13";394,952;"UVR_Unidad de valor real"
"2025/10/14";394,977;"UVR_Unidad de valor real"
"2025/10/15";395,002;"UVR_Unidad de valor real"
"2025/10/16";395,0427;"UVR_Unidad de valor real"
"2025/10/17";395,0834;"UVR_Unidad de valor real"
"2025/10/18";395,1241;"UVR_Unidad de valor real"
"2025/10/19";395,1649;"UVR_Unidad de valor real"
"2025/10/20";395,2056;"UVR_Unidad de valor real"
"2025/10/21";395,2463;"UVR_Unidad de valor real"
"2025/10/22";395,2871;"UVR_Unidad de valor real"
"2025/10/23";395,3278;"UVR_Unidad de valor real"
"2025/10/24";395,3686;"UVR_Unidad de valor real"
"2025/10/25";395,4093;"UVR_Unidad de valor real"
"2025/10/26";395,4501;"UVR_Unidad de valor real"
"2025/10/27";395,4908;"UVR_Unidad de valor real"
"2025/10/28";395,5316;"UVR_Unidad de valor real"
"2025/10/29";395,5723;"UVR_Unidad de valor real"
"2025/10/30";395,6131;"UVR_Unidad de valor real"
"2025/10/31";395,6539;"UVR_Unidad de valor real"
"2025/11/01";395,6947;"UVR_Unidad de valor real"
"2025/11/02";395,7354;"UVR_Unidad de valor real"
"2025/11/03";395,7762;"UVR_Unidad de valor real"
"2025/11/04";395,817;"UVR_Unidad de valor real"
"2025/11/05";395,8578;"UVR_Unidad de valor real"
"2025/11/06";395,8986;"UVR_Unidad de valor real"
"2025/11/07";395,9394;"UVR_Unidad de valor real"
"2025/11/08";395,9802;"UVR_Unidad de valor real"
"2025/11/09";396,021;"UVR_Unidad de valor real"
"2025/11/10";396,0619;"UVR_Unidad de valor real"
"2025/11/11";396,1027;"UVR_Unidad de valor real"
"2025/11/12";396,1435;"UVR_Unidad de valor real"
"2025/11/13";396,1843;"UVR_Unidad de valor real"
"2025/11/14";396,2252;"UVR_Unidad de valor real"
"2025/11/15";396,266;"UVR_Unidad de valor real"
"2025/11/16";396,2898;"UVR_Unidad de valor real"
"2025/11/17";396,3135;"UVR_Unidad de valor real"
"2025/11/18";396,3373;"UVR_Unidad de valor real"
"2025/11/19";396,361;"UVR_Unidad de valor real"
"2025/11/20";396,3848;"UVR_Unidad de valor real"
"2025/11/21";396,4086;"UVR_Unidad de valor real"
"2025/11/22";396,4323;"UVR_Unidad de valor real"
"2025/11/23";396,4561;"UVR_Unidad de valor real"
"2025/11/24";396,4798;"UVR_Unidad de valor real"
"2025/11/25";396,5036;"UVR_Unidad de valor real"
"2025/11/26";396,5274;"UVR_Unidad de valor real"
"2025/11/27";396,5512;"UVR_Unidad de valor real"
"2025/11/28";396,5749;"UVR_Unidad de valor real"
"2025/11/29";396,5987;"UVR_Unidad de valor real"
"2025/11/30";396,6225;"UVR_Unidad de valor real"
"2025/12/01";396,6463;"UVR_Unidad de valor real"
"2025/12/02";396,67;"UVR_Unidad de valor real"
"2025/12/03";396,6938;"UVR_Unidad de valor real"
"2025/12/04";396,7176;"UVR_Unidad de valor real"
"2025/12/05";396,7414;"UVR_Unidad de valor real"
"2025/12/06";396,7652;"UVR_Unidad de valor real"
"2025/12/07";396,7889;"UVR_Unidad de valor real"
"2025/12/08";396,8127;"UVR_Unidad de valor real"
"2025/12/09";396,8365;"UVR_Unidad de valor real"
"2025/12/10";396,8603;"UVR_Unidad de valor real"
"2025/12/11";396,8841;"UVR_Unidad de valor real"
"2025/12/12";396,9079;"UVR_Unidad de valor real"
"2025/12/13";396,9317;"UVR_Unidad de valor real"
"2025/12/14";396,9555;"UVR_Unidad de valor real"
"2025/12/15";396,9793;"UVR_Unidad de valor real"
"2025/12/16";396,9883;"UVR_Unidad de valor real"
"2025/12/17";396,9972;"UVR_Unidad de valor real"
"2025/12/18";397,0062;"UVR_Unidad de valor real"
"2025/12/19";397,0151;"UVR_Unidad de valor real"
"2025/12/20";397,0241;"UVR_Unidad de valor real"
"2025/12/21";397,0331;"UVR_Unidad de valor real"
"2025/12/22";397,042;"UVR_Unidad de valor real"
"2025/12/23";397,051;"UVR_Unidad de valor real"
"2025/12/24";397,06;"UVR_Unidad de valor real"
"2025/12/25";397,0689;"UVR_Unidad de valor real"
"2025/12/26";397,0779;"UVR_Unidad de valor real"
"2025/12/27";397,0868;"UVR_Unidad de valor real"
"2025/12/28";397,0958;"UVR_Unidad de valor real"
"2025/12/29";397,1048;"UVR_Unidad de valor real"
"2025/12/30";397,1137;"UVR_Unidad de valor real"
"2025/12/31";397,1227;"UVR_Unidad de valor real"
"2026/01/01";397,1317;"UVR_Unidad de valor real"
"2026/01/02";397,1406;"UVR_Unidad de valor real"
"2026/01/03";397,1496;"UVR_Unidad de valor real"
"2026/01/04";397,1586;"UVR_Unidad de valor real"
"2026/01/05";397,1675;"UVR_Unidad de valor real"
"2026/01/06";397,1765;"UVR_Unidad de valor real"
"2026/01/07";397,1855;"UVR_Unidad de valor real"
"2026/01/08";397,1944;"UVR_Unidad de valor real"
"2026/01/09";397,2034;"UVR_Unidad de valor real"
"2026/01/10";397,2124;"UVR_Unidad de valor real"
"2026/01/11";397,2213;"UVR_Unidad de valor real"
"2026/01/12";397,2303;"UVR_Unidad de valor real"
"2026/01/13";397,2393;"UVR_Unidad de valor real"
"2026/01/14";397,2482;"UVR_Unidad de valor real"
"2026/01/15";397,2572;"UVR_Unidad de valor real"
"2026/01/16";397,2918;"UVR_Unidad de valor real"
"2026/01/17";397,3263;"UVR_Unidad de valor real"
"2026/01/18";397,3609;"UVR_Unidad de valor real"
"2026/01/19";397,3954;"UVR_Unidad de valor real"
"2026/01/20";397,43;"UVR_Unidad de valor real"
"2026/01/21";397,4646;"UVR_Unidad de valor real"
"2026/01/22";397,4991;"UVR_Unidad de valor real"
"2026/01/23";397,5337;"UVR_Unidad de valor real"
"2026/01/24";397,5683;"UVR_Unidad de valor real"
"2026/01/25";397,6029;"UVR_Unidad de valor real"
"2026/01/26";397,6375;"UVR_Unidad de valor real"
"2026/01/27";397,6721;"UVR_Unidad de valor real"
"2026/01/28";397,7066;"UVR_Unidad de valor real"
"2026/01/29";397,7412;"UVR_Unidad de valor real"
"2026/01/30";397,7758;"UVR_Unidad de valor real"
"2026/01/31";397,8104;"UVR_Unidad de valor real"
"2026/02/01";397,845;"UVR_Unidad de valor real"
"2026/02/02";397,8796;"UVR_Unidad de valor real"
"2026/02/03";397,9143;"UVR_Unidad de valor real"
"2026/02/04";397,9489;"UVR_Unidad de valor real"
"2026/02/05";397,9835;"UVR_Unidad de valor real"
"2026/02/06";398,0181;"UVR_Unidad de valor real"
"2026/02/07";398,0527;"UVR_Unidad de valor real"
"2026/02/08";398,0873;"UVR_Unidad de valor real"
"2026/02/09";398,122;"UVR_Unidad de valor real"
"2026/02/10";398,1566;"UVR_Unidad de valor real"
"2026/02/11";398,1912;"UVR_Unidad de valor real"
"2026/02/12";398,2259;"UVR_Unidad de valor real"
"2026/02/13";398,2605;"UVR_Unidad de valor real"
"2026/02/14";398,2951;"UVR_Unidad de valor real"
"2026/02/15";398,3298;"UVR_Unidad de valor real"
"2026/02/16";398,4967;"UVR_Unidad de valor real"
"2026/02/17";398,6637;"UVR_Unidad de valor real"
"2026/02/18";398,8308;"UVR_Unidad de valor real"
"2026/02/19";398,9979;"UVR_Unidad de valor real"
"2026/02/20";399,1651;"UVR_Unidad de valor real"
"2026/02/21";399,3324;"UVR_Unidad de valor real"
"2026/02/22";399,4997;"UVR_Unidad de valor real"
"2026/02/23";399,6671;"UVR_Unidad de valor real"
"2026/02/24";399,8346;"UVR_Unidad de valor real"
"2026/02/25";400,0021;"UVR_Unidad de valor real"
"2026/02/26";400,1698;"UVR_Unidad de valor real"
"2026/02/27";400,3375;"UVR_Unidad de valor real"
"2026/02/28";400,5052;"UVR_Unidad de valor real"
"2026/03/01";400,6731;"UVR_Unidad de valor real"
"2026/03/02";400,841;"UVR_Unidad de valor real"
"2026/03/03";401,0089;"UVR_Unidad de valor real"
"2026/03/04";401,177;"UVR_Unidad de valor real"
"2026/03/05";401,3451;"UVR_Unidad de valor real"
"2026/03/06";401,5133;"UVR_Unidad de valor real"
"2026/03/07";401,6815;"UVR_Unidad de valor real"
"2026/03/08";401,8498;"UVR_Unidad de valor real"
"2026/03/09";402,0182;"UVR_Unidad de valor real"
"2026/03/10";402,1867;"UVR_Unidad de valor real"
"2026/03/11";402,3552;"UVR_Unidad de valor real"
"2026/03/12";402,5238;"UVR_Unidad de valor real"
"2026/03/13";402,6925;"UVR_Unidad de valor real"
"2026/03/14";402,8613;"UVR_Unidad de valor real"
"2026/03/15";403,0301;"UVR_Unidad de valor real"
"2026/03/16";403,1698;"UVR_Unidad de valor real"
"2026/03/17";403,3095;"UVR_Unidad de valor real"
"2026/03/18";403,4493;"UVR_Unidad de valor real"
"2026/03/19";403,5891;"UVR_Unidad de valor real"
"2026/03/20";403,729;"UVR_Unidad de valor real"
"2026/03/21";403,8689;"UVR_Unidad de valor real"
"2026/03/22";404,0089;"UVR_Unidad de valor real"
"2026/03/23";404,1489;"UVR_Unidad de valor real"
"2026/03/24";404,289;"UVR_Unidad de valor real"
"2026/03/25";404,4291;"UVR_Unidad de valor real"
"2026/03/26";404,5693;"UVR_Unidad de valor real"
"2026/03/27";404,7095;"UVR_Unidad de valor real"
"2026/03/28";404,8497;"UVR_Unidad de valor real"
"2026/03/29";404,9901;"UVR_Unidad de valor real"
"2026/03/30";405,1304;"UVR_Unidad de valor real"
"2026/03/31";405,2708;"UVR_Unidad de valor real"
"2026/04/01";405,4113;"UVR_Unidad de valor real"
"2026/04/02";405,5518;"UVR_Unidad de valor real"
"2026/04/03";405,6924;"UVR_Unidad de valor real"
"2026/04/04";405,833;"UVR_Unidad de valor real"
"2026/04/05";405,9736;"UVR_Unidad de valor real"
"2026/04/06";406,1143;"UVR_Unidad de valor real"
"2026/04/07";406,2551;"UVR_Unidad de valor real"
"2026/04/08";406,3959;"UVR_Unidad de valor real"
"2026/04/09";406,5367;"UVR_Unidad de valor real"
"2026/04/10";406,6776;"UVR_Unidad de valor real"
"2026/04/11";406,8186;"UVR_Unidad de valor real"
"2026/04/12";406,9595;"UVR_Unidad de valor real"
"2026/04/13";407,1006;"UVR_Unidad de valor real"
"2026/04/14";407,2417;"UVR_Unidad de valor real"
"2026/04/15";407,3828;"UVR_Unidad de valor real"
"2026/04/16";407,4883;"UVR_Unidad de valor real"
"2026/04/17";407,5939;"UVR_Unidad de valor real"
"2026/04/18";407,6994;"UVR_Unidad de valor real"
"2026/04/19";407,8051;"UVR_Unidad de valor real"
"2026/04/20";407,9107;"UVR_Unidad de valor real"
"2026/04/21";408,0163;"UVR_Unidad de valor real"
"2026/04/22";408,122;"UVR_Unidad de valor real"
"2026/04/23";408,2277;"UVR_Unidad de valor real"
"2026/04/24";408,3335;"UVR_Unidad de valor real"
"2026/04/25";408,4393;"UVR_Unidad de valor real"
"2026/04/26";408,545;"UVR_Unidad de valor real"
"2026/04/27";408,6509;"UVR_Unidad de valor real"
"2026/04/28";408,7567;"UVR_Unidad de valor real"
"2026/04/29";408,8626;"UVR_Unidad de valor real"
"2026/04/30";408,9685;"UVR_Unidad de valor real"
"2026/05/01";409,0744;"UVR_Unidad de valor real"
"2026/05/02";409,1804;"UVR_Unidad de valor real"
"2026/05/03";409,2864;"UVR_Unidad de valor real"
"2026/05/04";409,3924;"UVR_Unidad de valor real"
"2026/05/05";409,4984;"UVR_Unidad de valor real"
"2026/05/06";409,6045;"UVR_Unidad de valor real"
"2026/05/07";409,7106;"UVR_Unidad de valor real"
"2026/05/08";409,8167;"UVR_Unidad de valor real"
"2026/05/09";409,9229;"UVR_Unidad de valor real"
"2026/05/10";410,0291;"UVR_Unidad de valor real"
"2026/05/11";410,1353;"UVR_Unidad de valor real"
"2026/05/12";410,2415;"UVR_Unidad de valor real"
"2026/05/13";410,3478;"UVR_Unidad de valor real"
"2026/05/14";410,4541;"UVR_Unidad de valor real"
"2026/05/15";410,5604;"UVR_Unidad de valor real"
"2026/05/16";410,6633;"UVR_Unidad de valor real"
"2026/05/17";410,7663;"UVR_Unidad de valor real"
"2026/05/18";410,8692;"UVR_Unidad de valor real"
"2026/05/19";410,9722;"UVR_Unidad de valor real"
"2026/05/20";411,0752;"UVR_Unidad de valor real"
"2026/05/21";411,1783;"UVR_Unidad de valor real"
"2026/05/22";411,2813;"UVR_Unidad de valor real"
"2026/05/23";411,3844;"UVR_Unidad de valor real"
"2026/05/24";411,4876;"UVR_Unidad de valor real"
"2026/05/25";411,5907;"UVR_Unidad de valor real"
"2026/05/26";411,6939;"UVR_Unidad de valor real"
"2026/05/27";411,7971;"UVR_Unidad de valor real"
"2026/05/28";411,9003;"UVR_Unidad de valor real"
"2026/05/29";412,0036;"UVR_Unidad de valor real"
"2026/05/30";412,1068;"UVR_Unidad de valor real"
"2026/05/31";412,2101;"UVR_Unidad de valor real"
"2026/06/01";412,3135;"UVR_Unidad de valor real"
"2026/06/02";412,4168;"UVR_Unidad de valor real"
"2026/06/03";412,5202;"UVR_Unidad de valor real"
"2026/06/04";412,6236;"UVR_Unidad de valor real"
"2026/06/05";412,727;"UVR_Unidad de valor real"
"2026/06/06";412,8305;"UVR_Unidad de valor real"
"2026/06/07";412,934;"UVR_Unidad de valor real"
"2026/06/08";413,0375;"UVR_Unidad de valor real"
"2026/06/09";413,141;"UVR_Unidad de valor real"
"2026/06/10";413,2446;"UVR_Unidad de valor real"
"2026/06/11";413,3482;"UVR_Unidad de valor real"
"2026/06/12";413,4518;"UVR_Unidad de valor real"
"2026/06/13";413,5554;"UVR_Unidad de valor real"
"2026/06/14";413,6591;"UVR_Unidad de valor real"
"2026/06/15";413,7628;"UVR_Unidad de valor real"
